PHRASE,TOTAL,aljazeera,alternet,ap,atlantic,axios,bbc,breitbart,businessinsider,buzzfeed,canary,cbs,cnn,commondreams,consortium,conversation,counterpunch,dailycaller,dailymail,dailywire,economist,federalist,fox,guardian,infowars,intercept,lewrockwell,mintpress,nationalreview,nbc,npr,nypost,nytimes,pjmedia,rawstory,redstate,reuters,rt,shadowproof,slate,truthdig,usatoday,veteranstoday,vox,wapo,wsj,Unnamed: 0,COUNT,ON_TOPIC,UNIQUE,SPECIFIC,bias_score,calculated_bias
ADVERTISEMENT The,0.0,,,,,,,,,,,,,,,,,,,,,,,,,,,,,,,,,,,,,,,,,,,,,,750,42,0,0.0,0.0,,Neutral
Abu Dhabi,0.0,,,,,,,,,,,,,,,,,,,,,,,,,,,,,,,,,,,,,,,,,,,,,,999,55,0,0.0,0.0,,Neutral
According to,0.0,,,,,,,,,,,,,,,,,,,,,,,,,,,,,,,,,,,,,,,,,,,,,,971,561,0,0.0,0.0,,Neutral
Also on,0.0,,,,,,,,,,,,,,,,,,,,,,,,,,,,,,,,,,,,,,,,,,,,,,618,199,0,0.0,0.0,,Neutral
And I,0.0,,,,,,,,,,,,,,,,,,,,,,,,,,,,,,,,,,,,,,,,,,,,,,888,204,0,0.0,0.0,,Neutral
Anderson Cooper,0.0,,,,,,,,,,,,,,,,,,,,,,,,,,,,,,,,,,,,,,,,,,,,,,445,39,0,0.0,0.0,,Neutral
Assange and,0.0,,,,,,,,,,,,,,,,,,,,,,,,,,,,,,,,,,,,,,,,,,,,,,661,332,0,0.0,0.0,,Neutral
Assange and the,0.0,,,,,,,,,,,,,,,,,,,,,,,,,,,,,,,,,,,,,,,,,,,,,,852,39,0,0.0,0.0,,Neutral
Assange could,0.0,,,,,,,,,,,,,,,,,,,,,,,,,,,,,,,,,,,,,,,,,,,,,,446,59,0,0.0,0.0,,Neutral
Assange has,0.0,,,,,,,,,,,,,,,,,,,,,,,,,,,,,,,,,,,,,,,,,,,,,,984,275,0,0.0,0.0,,Neutral
Assange is,0.0,,,,,,,,,,,,,,,,,,,,,,,,,,,,,,,,,,,,,,,,,,,,,,692,542,0,0.0,0.0,,Neutral
Assange was,0.0,,,,,,,,,,,,,,,,,,,,,,,,,,,,,,,,,,,,,,,,,,,,,,768,401,0,0.0,0.0,,Neutral
Attorney General,0.0,,,,,,,,,,,,,,,,,,,,,,,,,,,,,,,,,,,,,,,,,,,,,,601,305,0,0.0,0.0,,Neutral
Axios reported,0.0,,,,,,,,,,,,,,,,,,,,,,,,,,,,,,,,,,,,,,,,,,,,,,524,11,0,0.0,0.0,,Neutral
Bay Area,0.0,,,,,,,,,,,,,,,,,,,,,,,,,,,,,,,,,,,,,,,,,,,,,,75,45,0,0.0,0.0,,Neutral
Ben Menashe,0.0,,,,,,,,,,,,,,,,,,,,,,,,,,,,,,,,,,,,,,,,,,,,,,29,148,1,1.0,0.0,,Neutral
Carter Page,0.0,,,,,,,,,,,,,,,,,,,,,,,,,,,,,,,,,,,,,,,,,,,,,,372,147,0,0.0,0.0,,Neutral
Chelsea Manning,0.0,,,,,,,,,,,,,,,,,,,,,,,,,,,,,,,,,,,,,,,,,,,,,,555,363,0,0.0,0.0,,Neutral
Chinese intelligence,0.0,,,,,,,,,,,,,,,,,,,,,,,,,,,,,,,,,,,,,,,,,,,,,,453,287,0,0.0,0.0,,Neutral
Chinese national,0.0,,,,,,,,,,,,,,,,,,,,,,,,,,,,,,,,,,,,,,,,,,,,,,30,52,1,1.0,0.0,,Neutral
Chinese spy,0.0,,,,,,,,,,,,,,,,,,,,,,,,,,,,,,,,,,,,,,,,,,,,,,31,80,1,1.0,0.0,,Neutral
Christine Fang,0.0,,,,,,,,,,,,,,,,,,,,,,,,,,,,,,,,,,,,,,,,,,,,,,317,13,0,0.0,0.0,,Neutral
Committee on,0.0,,,,,,,,,,,,,,,,,,,,,,,,,,,,,,,,,,,,,,,,,,,,,,703,64,0,0.0,0.0,,Neutral
Committee on Intelligence,0.0,,,,,,,,,,,,,,,,,,,,,,,,,,,,,,,,,,,,,,,,,,,,,,781,34,0,0.0,0.0,,Neutral
Communist China,0.0,,,,,,,,,,,,,,,,,,,,,,,,,,,,,,,,,,,,,,,,,,,,,,32,45,1,1.0,0.0,,Neutral
Courage Foundation,67.0,0.0,0.0,0.0,0.0,0.0,0.0,0.0,0.0,2.0,0.0,0.0,0.0,0.0,61.0,0.0,0.0,0.0,0.0,0.0,0.0,0.0,0.0,0.0,0.0,0.0,0.0,1.0,0.0,0.0,0.0,0.0,0.0,0.0,0.0,0.0,0.0,0.0,3.0,0.0,0.0,0.0,0.0,0.0,0.0,0.0,4,67,1,1.0,1.0,-2.0,Left
Crypto AG,0.0,,,,,,,,,,,,,,,,,,,,,,,,,,,,,,,,,,,,,,,,,,,,,,417,101,0,0.0,0.0,,Neutral
Director of National,0.0,,,,,,,,,,,,,,,,,,,,,,,,,,,,,,,,,,,,,,,,,,,,,,928,137,0,0.0,0.0,,Neutral
Editing by,0.0,,,,,,,,,,,,,,,,,,,,,,,,,,,,,,,,,,,,,,,,,,,,,,707,25,0,0.0,0.0,,Neutral
Epstein and,0.0,,,,,,,,,,,,,,,,,,,,,,,,,,,,,,,,,,,,,,,,,,,,,,980,50,0,0.0,0.0,,Neutral
Eric Swalwell,0.0,,,,,,,,,,,,,,,,,,,,,,,,,,,,,,,,,,,,,,,,,,,,,,34,30,1,1.0,0.0,,Neutral
Eric Swalwell D,0.0,,,,,,,,,,,,,,,,,,,,,,,,,,,,,,,,,,,,,,,,,,,,,,861,11,0,0.0,0.0,,Neutral
Fang and,0.0,,,,,,,,,,,,,,,,,,,,,,,,,,,,,,,,,,,,,,,,,,,,,,924,12,0,0.0,0.0,,Neutral
Fang had,0.0,,,,,,,,,,,,,,,,,,,,,,,,,,,,,,,,,,,,,,,,,,,,,,854,10,0,0.0,0.0,,Neutral
Fang was,0.0,,,,,,,,,,,,,,,,,,,,,,,,,,,,,,,,,,,,,,,,,,,,,,889,10,0,0.0,0.0,,Neutral
First Amendment,0.0,,,,,,,,,,,,,,,,,,,,,,,,,,,,,,,,,,,,,,,,,,,,,,385,361,0,0.0,0.0,,Neutral
Five Eyes,0.0,,,,,,,,,,,,,,,,,,,,,,,,,,,,,,,,,,,,,,,,,,,,,,527,139,0,0.0,0.0,,Neutral
Foreign Intelligence Surveillance,0.0,,,,,,,,,,,,,,,,,,,,,,,,,,,,,,,,,,,,,,,,,,,,,,557,114,0,0.0,0.0,,Neutral
Fox News host,0.0,,,,,,,,,,,,,,,,,,,,,,,,,,,,,,,,,,,,,,,,,,,,,,495,12,0,0.0,0.0,,Neutral
G networks,0.0,,,,,,,,,,,,,,,,,,,,,,,,,,,,,,,,,,,,,,,,,,,,,,363,190,0,0.0,0.0,,Neutral
Hong Kong,0.0,,,,,,,,,,,,,,,,,,,,,,,,,,,,,,,,,,,,,,,,,,,,,,178,319,0,0.0,0.0,,Neutral
House Intelligence Committee,0.0,,,,,,,,,,,,,,,,,,,,,,,,,,,,,,,,,,,,,,,,,,,,,,47,143,1,1.0,0.0,,Neutral
Huawei Technologies,0.0,,,,,,,,,,,,,,,,,,,,,,,,,,,,,,,,,,,,,,,,,,,,,,35,62,1,1.0,0.0,,Neutral
Huawei Technologies Co,0.0,,,,,,,,,,,,,,,,,,,,,,,,,,,,,,,,,,,,,,,,,,,,,,418,24,0,0.0,0.0,,Neutral
Huawei and,0.0,,,,,,,,,,,,,,,,,,,,,,,,,,,,,,,,,,,,,,,,,,,,,,743,271,0,0.0,0.0,,Neutral
Huawei has,0.0,,,,,,,,,,,,,,,,,,,,,,,,,,,,,,,,,,,,,,,,,,,,,,933,210,0,0.0,0.0,,Neutral
Huawei is,0.0,,,,,,,,,,,,,,,,,,,,,,,,,,,,,,,,,,,,,,,,,,,,,,974,228,0,0.0,0.0,,Neutral
I had,0.0,,,,,,,,,,,,,,,,,,,,,,,,,,,,,,,,,,,,,,,,,,,,,,676,198,0,0.0,0.0,,Neutral
I mean,0.0,,,,,,,,,,,,,,,,,,,,,,,,,,,,,,,,,,,,,,,,,,,,,,730,206,0,0.0,0.0,,Neutral
I think,0.0,,,,,,,,,,,,,,,,,,,,,,,,,,,,,,,,,,,,,,,,,,,,,,678,686,0,0.0,0.0,,Neutral
I was,0.0,,,,,,,,,,,,,,,,,,,,,,,,,,,,,,,,,,,,,,,,,,,,,,731,468,0,0.0,0.0,,Neutral
In the,0.0,,,,,,,,,,,,,,,,,,,,,,,,,,,,,,,,,,,,,,,,,,,,,,963,670,0,0.0,0.0,,Neutral
In this,0.0,,,,,,,,,,,,,,,,,,,,,,,,,,,,,,,,,,,,,,,,,,,,,,693,94,0,0.0,0.0,,Neutral
Intel Committee,0.0,,,,,,,,,,,,,,,,,,,,,,,,,,,,,,,,,,,,,,,,,,,,,,376,14,0,0.0,0.0,,Neutral
Intelligence Agency,0.0,,,,,,,,,,,,,,,,,,,,,,,,,,,,,,,,,,,,,,,,,,,,,,580,189,0,0.0,0.0,,Neutral
Intelligence Committee,0.0,,,,,,,,,,,,,,,,,,,,,,,,,,,,,,,,,,,,,,,,,,,,,,46,295,1,1.0,0.0,,Neutral
Israel and,0.0,,,,,,,,,,,,,,,,,,,,,,,,,,,,,,,,,,,,,,,,,,,,,,908,79,0,0.0,0.0,,Neutral
Israeli intelligence,0.0,,,,,,,,,,,,,,,,,,,,,,,,,,,,,,,,,,,,,,,,,,,,,,36,188,1,1.0,0.0,,Neutral
Israeli military intelligence,0.0,,,,,,,,,,,,,,,,,,,,,,,,,,,,,,,,,,,,,,,,,,,,,,37,95,1,1.0,0.0,,Neutral
It is,0.0,,,,,,,,,,,,,,,,,,,,,,,,,,,,,,,,,,,,,,,,,,,,,,976,690,0,0.0,0.0,,Neutral
Jeffrey Epstein,0.0,,,,,,,,,,,,,,,,,,,,,,,,,,,,,,,,,,,,,,,,,,,,,,38,87,1,1.0,0.0,,Neutral
Joe Lauria,0.0,,,,,,,,,,,,,,,,,,,,,,,,,,,,,,,,,,,,,,,,,,,,,,961,45,0,0.0,0.0,,Neutral
Jonathan Pollard,0.0,,,,,,,,,,,,,,,,,,,,,,,,,,,,,,,,,,,,,,,,,,,,,,522,19,0,0.0,0.0,,Neutral
Julian Assange,1064.0,28.0,12.0,23.0,1.0,0.0,6.0,14.0,6.0,11.0,23.0,4.0,17.0,64.0,117.0,11.0,24.0,7.0,101.0,0.0,0.0,1.0,33.0,32.0,12.0,16.0,28.0,75.0,2.0,27.0,48.0,14.0,5.0,2.0,26.0,7.0,3.0,64.0,46.0,7.0,79.0,32.0,0.0,11.0,22.0,0.0,14,1064,1,1.0,1.0,-159.0,Left
Justice Department,0.0,,,,,,,,,,,,,,,,,,,,,,,,,,,,,,,,,,,,,,,,,,,,,,52,940,1,1.0,0.0,,Neutral
Kaspersky Lab,0.0,,,,,,,,,,,,,,,,,,,,,,,,,,,,,,,,,,,,,,,,,,,,,,39,61,1,1.0,0.0,,Neutral
Lawyers for,0.0,,,,,,,,,,,,,,,,,,,,,,,,,,,,,,,,,,,,,,,,,,,,,,838,23,0,0.0,0.0,,Neutral
Lockheed Martin,0.0,,,,,,,,,,,,,,,,,,,,,,,,,,,,,,,,,,,,,,,,,,,,,,40,62,1,1.0,0.0,,Neutral
Main Core,60.0,0.0,0.0,0.0,0.0,0.0,0.0,0.0,0.0,0.0,0.0,0.0,0.0,0.0,0.0,0.0,0.0,0.0,0.0,0.0,0.0,0.0,0.0,0.0,0.0,0.0,30.0,30.0,0.0,0.0,0.0,0.0,0.0,0.0,0.0,0.0,0.0,0.0,0.0,0.0,0.0,0.0,0.0,0.0,0.0,0.0,15,60,1,1.0,1.0,0.0,Neutral
Mar a Lago,0.0,,,,,,,,,,,,,,,,,,,,,,,,,,,,,,,,,,,,,,,,,,,,,,753,142,0,0.0,0.0,,Neutral
Maria Butina,0.0,,,,,,,,,,,,,,,,,,,,,,,,,,,,,,,,,,,,,,,,,,,,,,487,184,0,0.0,0.0,,Neutral
Minority Leader,0.0,,,,,,,,,,,,,,,,,,,,,,,,,,,,,,,,,,,,,,,,,,,,,,559,30,0,0.0,0.0,,Neutral
Moore Gilbert,0.0,,,,,,,,,,,,,,,,,,,,,,,,,,,,,,,,,,,,,,,,,,,,,,381,100,0,0.0,0.0,,Neutral
Mr Assange,0.0,,,,,,,,,,,,,,,,,,,,,,,,,,,,,,,,,,,,,,,,,,,,,,64,262,1,0.0,0.0,,Neutral
Nancy Pelosi,0.0,,,,,,,,,,,,,,,,,,,,,,,,,,,,,,,,,,,,,,,,,,,,,,337,32,0,0.0,0.0,,Neutral
New York,0.0,,,,,,,,,,,,,,,,,,,,,,,,,,,,,,,,,,,,,,,,,,,,,,289,868,0,0.0,0.0,,Neutral
New York Times,0.0,,,,,,,,,,,,,,,,,,,,,,,,,,,,,,,,,,,,,,,,,,,,,,452,485,0,0.0,0.0,,Neutral
Paul Whelan,415.0,18.0,2.0,0.0,4.0,0.0,71.0,0.0,4.0,4.0,0.0,43.0,29.0,0.0,0.0,0.0,0.0,8.0,8.0,0.0,0.0,0.0,18.0,25.0,0.0,0.0,2.0,0.0,3.0,22.0,39.0,12.0,1.0,0.0,17.0,2.0,0.0,20.0,0.0,2.0,1.0,43.0,0.0,4.0,7.0,6.0,19,415,1,1.0,1.0,-25.0,Left
Paul Whelans,0.0,,,,,,,,,,,,,,,,,,,,,,,,,,,,,,,,,,,,,,,,,,,,,,954,73,0,0.0,0.0,,Neutral
President Donald Trump,0.0,,,,,,,,,,,,,,,,,,,,,,,,,,,,,,,,,,,,,,,,,,,,,,496,259,0,0.0,0.0,,Neutral
Prime Minister,0.0,,,,,,,,,,,,,,,,,,,,,,,,,,,,,,,,,,,,,,,,,,,,,,510,273,0,0.0,0.0,,Neutral
Read more,0.0,,,,,,,,,,,,,,,,,,,,,,,,,,,,,,,,,,,,,,,,,,,,,,633,185,0,0.0,0.0,,Neutral
Rep Eric Swalwell,0.0,,,,,,,,,,,,,,,,,,,,,,,,,,,,,,,,,,,,,,,,,,,,,,66,16,1,0.0,0.0,,Neutral
Reporting by,0.0,,,,,,,,,,,,,,,,,,,,,,,,,,,,,,,,,,,,,,,,,,,,,,704,26,0,0.0,0.0,,Neutral
San Francisco,0.0,,,,,,,,,,,,,,,,,,,,,,,,,,,,,,,,,,,,,,,,,,,,,,203,126,0,0.0,0.0,,Neutral
Select Committee on,0.0,,,,,,,,,,,,,,,,,,,,,,,,,,,,,,,,,,,,,,,,,,,,,,955,32,0,0.0,0.0,,Neutral
Shalev Hulio,0.0,,,,,,,,,,,,,,,,,,,,,,,,,,,,,,,,,,,,,,,,,,,,,,41,49,1,1.0,0.0,,Neutral
State Department,0.0,,,,,,,,,,,,,,,,,,,,,,,,,,,,,,,,,,,,,,,,,,,,,,331,498,0,0.0,0.0,,Neutral
States intelligence official,0.0,,,,,,,,,,,,,,,,,,,,,,,,,,,,,,,,,,,,,,,,,,,,,,53,41,1,1.0,0.0,,Neutral
States intelligence officials,0.0,,,,,,,,,,,,,,,,,,,,,,,,,,,,,,,,,,,,,,,,,,,,,,65,63,1,0.0,0.0,,Neutral
Steele dossier,0.0,,,,,,,,,,,,,,,,,,,,,,,,,,,,,,,,,,,,,,,,,,,,,,424,66,0,0.0,0.0,,Neutral
Swalwell to,0.0,,,,,,,,,,,,,,,,,,,,,,,,,,,,,,,,,,,,,,,,,,,,,,937,11,0,0.0,0.0,,Neutral
The Daily,0.0,,,,,,,,,,,,,,,,,,,,,,,,,,,,,,,,,,,,,,,,,,,,,,617,145,0,0.0,0.0,,Neutral
The FBI,0.0,,,,,,,,,,,,,,,,,,,,,,,,,,,,,,,,,,,,,,,,,,,,,,758,261,0,0.0,0.0,,Neutral
The Intercept,0.0,,,,,,,,,,,,,,,,,,,,,,,,,,,,,,,,,,,,,,,,,,,,,,639,180,0,0.0,0.0,,Neutral
The US,0.0,,,,,,,,,,,,,,,,,,,,,,,,,,,,,,,,,,,,,,,,,,,,,,706,345,0,0.0,0.0,,Neutral
The United States,0.0,,,,,,,,,,,,,,,,,,,,,,,,,,,,,,,,,,,,,,,,,,,,,,917,546,0,0.0,0.0,,Neutral
The Washington Post,0.0,,,,,,,,,,,,,,,,,,,,,,,,,,,,,,,,,,,,,,,,,,,,,,708,264,0,0.0,0.0,,Neutral
The charges,0.0,,,,,,,,,,,,,,,,,,,,,,,,,,,,,,,,,,,,,,,,,,,,,,778,126,0,0.0,0.0,,Neutral
The news,0.0,,,,,,,,,,,,,,,,,,,,,,,,,,,,,,,,,,,,,,,,,,,,,,626,208,0,0.0,0.0,,Neutral
This article is,0.0,,,,,,,,,,,,,,,,,,,,,,,,,,,,,,,,,,,,,,,,,,,,,,696,97,0,0.0,0.0,,Neutral
This is,0.0,,,,,,,,,,,,,,,,,,,,,,,,,,,,,,,,,,,,,,,,,,,,,,950,773,0,0.0,0.0,,Neutral
Trump campaign,0.0,,,,,,,,,,,,,,,,,,,,,,,,,,,,,,,,,,,,,,,,,,,,,,51,347,1,1.0,0.0,,Neutral
UC Global,0.0,,,,,,,,,,,,,,,,,,,,,,,,,,,,,,,,,,,,,,,,,,,,,,456,115,0,0.0,0.0,,Neutral
US authorities,0.0,,,,,,,,,,,,,,,,,,,,,,,,,,,,,,,,,,,,,,,,,,,,,,269,71,0,0.0,0.0,,Neutral
US government,0.0,,,,,,,,,,,,,,,,,,,,,,,,,,,,,,,,,,,,,,,,,,,,,,110,354,0,0.0,0.0,,Neutral
US intelligence,0.0,,,,,,,,,,,,,,,,,,,,,,,,,,,,,,,,,,,,,,,,,,,,,,491,223,0,0.0,0.0,,Neutral
US officials,0.0,,,,,,,,,,,,,,,,,,,,,,,,,,,,,,,,,,,,,,,,,,,,,,501,123,0,0.0,0.0,,Neutral
United States,0.0,,,,,,,,,,,,,,,,,,,,,,,,,,,,,,,,,,,,,,,,,,,,,,69,10639,0,0.0,0.0,,Neutral
United States Marine,0.0,,,,,,,,,,,,,,,,,,,,,,,,,,,,,,,,,,,,,,,,,,,,,,478,87,0,0.0,0.0,,Neutral
United States and,0.0,,,,,,,,,,,,,,,,,,,,,,,,,,,,,,,,,,,,,,,,,,,,,,942,593,0,0.0,0.0,,Neutral
United States government,0.0,,,,,,,,,,,,,,,,,,,,,,,,,,,,,,,,,,,,,,,,,,,,,,45,839,1,1.0,0.0,,Neutral
United States intelligence,0.0,,,,,,,,,,,,,,,,,,,,,,,,,,,,,,,,,,,,,,,,,,,,,,43,579,1,1.0,0.0,,Neutral
United States military,0.0,,,,,,,,,,,,,,,,,,,,,,,,,,,,,,,,,,,,,,,,,,,,,,50,191,1,1.0,0.0,,Neutral
United States officials,0.0,,,,,,,,,,,,,,,,,,,,,,,,,,,,,,,,,,,,,,,,,,,,,,109,288,0,0.0,0.0,,Neutral
Wall Street Journal,0.0,,,,,,,,,,,,,,,,,,,,,,,,,,,,,,,,,,,,,,,,,,,,,,552,142,0,0.0,0.0,,Neutral
Whelan was,0.0,,,,,,,,,,,,,,,,,,,,,,,,,,,,,,,,,,,,,,,,,,,,,,789,246,0,0.0,0.0,,Neutral
WikiLeaks founder,0.0,,,,,,,,,,,,,,,,,,,,,,,,,,,,,,,,,,,,,,,,,,,,,,63,359,1,0.0,0.0,,Neutral
WikiLeaks founder Julian,0.0,,,,,,,,,,,,,,,,,,,,,,,,,,,,,,,,,,,,,,,,,,,,,,67,231,1,0.0,0.0,,Neutral
Your Inbox,0.0,,,,,,,,,,,,,,,,,,,,,,,,,,,,,,,,,,,,,,,,,,,,,,724,52,0,0.0,0.0,,Neutral
a Chinese,0.0,,,,,,,,,,,,,,,,,,,,,,,,,,,,,,,,,,,,,,,,,,,,,,625,403,0,0.0,0.0,,Neutral
a Chinese spy,0.0,,,,,,,,,,,,,,,,,,,,,,,,,,,,,,,,,,,,,,,,,,,,,,698,39,0,0.0,0.0,,Neutral
a Russian,0.0,,,,,,,,,,,,,,,,,,,,,,,,,,,,,,,,,,,,,,,,,,,,,,887,463,0,0.0,0.0,,Neutral
a US,0.0,,,,,,,,,,,,,,,,,,,,,,,,,,,,,,,,,,,,,,,,,,,,,,714,265,0,0.0,0.0,,Neutral
a United States,0.0,,,,,,,,,,,,,,,,,,,,,,,,,,,,,,,,,,,,,,,,,,,,,,923,341,0,0.0,0.0,,Neutral
a current,0.0,,,,,,,,,,,,,,,,,,,,,,,,,,,,,,,,,,,,,,,,,,,,,,763,24,0,0.0,0.0,,Neutral
a decade,0.0,,,,,,,,,,,,,,,,,,,,,,,,,,,,,,,,,,,,,,,,,,,,,,722,193,0,0.0,0.0,,Neutral
a decade ago,0.0,,,,,,,,,,,,,,,,,,,,,,,,,,,,,,,,,,,,,,,,,,,,,,826,55,0,0.0,0.0,,Neutral
a foreign,0.0,,,,,,,,,,,,,,,,,,,,,,,,,,,,,,,,,,,,,,,,,,,,,,839,443,0,0.0,0.0,,Neutral
a friend,0.0,,,,,,,,,,,,,,,,,,,,,,,,,,,,,,,,,,,,,,,,,,,,,,786,150,0,0.0,0.0,,Neutral
a large,0.0,,,,,,,,,,,,,,,,,,,,,,,,,,,,,,,,,,,,,,,,,,,,,,715,160,0,0.0,0.0,,Neutral
a lot,0.0,,,,,,,,,,,,,,,,,,,,,,,,,,,,,,,,,,,,,,,,,,,,,,849,468,0,0.0,0.0,,Neutral
a maximum,0.0,,,,,,,,,,,,,,,,,,,,,,,,,,,,,,,,,,,,,,,,,,,,,,812,115,0,0.0,0.0,,Neutral
a maximum sentence,0.0,,,,,,,,,,,,,,,,,,,,,,,,,,,,,,,,,,,,,,,,,,,,,,782,51,0,0.0,0.0,,Neutral
a member of,0.0,,,,,,,,,,,,,,,,,,,,,,,,,,,,,,,,,,,,,,,,,,,,,,910,158,0,0.0,0.0,,Neutral
a prisoner,0.0,,,,,,,,,,,,,,,,,,,,,,,,,,,,,,,,,,,,,,,,,,,,,,946,65,0,0.0,0.0,,Neutral
a proprietary,0.0,,,,,,,,,,,,,,,,,,,,,,,,,,,,,,,,,,,,,,,,,,,,,,818,71,0,0.0,0.0,,Neutral
a rush,0.0,,,,,,,,,,,,,,,,,,,,,,,,,,,,,,,,,,,,,,,,,,,,,,817,77,0,0.0,0.0,,Neutral
a spy,0.0,,,,,,,,,,,,,,,,,,,,,,,,,,,,,,,,,,,,,,,,,,,,,,612,531,0,0.0,0.0,,Neutral
a statement,0.0,,,,,,,,,,,,,,,,,,,,,,,,,,,,,,,,,,,,,,,,,,,,,,679,726,0,0.0,0.0,,Neutral
a tip,0.0,,,,,,,,,,,,,,,,,,,,,,,,,,,,,,,,,,,,,,,,,,,,,,913,26,0,0.0,0.0,,Neutral
about the,0.0,,,,,,,,,,,,,,,,,,,,,,,,,,,,,,,,,,,,,,,,,,,,,,903,1474,0,0.0,0.0,,Neutral
access,0.0,,,,,,,,,,,,,,,,,,,,,,,,,,,,,,,,,,,,,,,,,,,,,,165,1557,0,0.0,0.0,,Neutral
access to,0.0,,,,,,,,,,,,,,,,,,,,,,,,,,,,,,,,,,,,,,,,,,,,,,675,1038,0,0.0,0.0,,Neutral
according to,0.0,,,,,,,,,,,,,,,,,,,,,,,,,,,,,,,,,,,,,,,,,,,,,,623,1817,0,0.0,0.0,,Neutral
according to a,0.0,,,,,,,,,,,,,,,,,,,,,,,,,,,,,,,,,,,,,,,,,,,,,,890,276,0,0.0,0.0,,Neutral
according to the,0.0,,,,,,,,,,,,,,,,,,,,,,,,,,,,,,,,,,,,,,,,,,,,,,867,566,0,0.0,0.0,,Neutral
accused,0.0,,,,,,,,,,,,,,,,,,,,,,,,,,,,,,,,,,,,,,,,,,,,,,179,1248,0,0.0,0.0,,Neutral
accused of,0.0,,,,,,,,,,,,,,,,,,,,,,,,,,,,,,,,,,,,,,,,,,,,,,876,675,0,0.0,0.0,,Neutral
act,0.0,,,,,,,,,,,,,,,,,,,,,,,,,,,,,,,,,,,,,,,,,,,,,,508,450,0,0.0,0.0,,Neutral
act of,0.0,,,,,,,,,,,,,,,,,,,,,,,,,,,,,,,,,,,,,,,,,,,,,,878,146,0,0.0,0.0,,Neutral
activities,0.0,,,,,,,,,,,,,,,,,,,,,,,,,,,,,,,,,,,,,,,,,,,,,,114,739,0,0.0,0.0,,Neutral
actually,0.0,,,,,,,,,,,,,,,,,,,,,,,,,,,,,,,,,,,,,,,,,,,,,,610,501,0,0.0,0.0,,Neutral
added,0.0,,,,,,,,,,,,,,,,,,,,,,,,,,,,,,,,,,,,,,,,,,,,,,308,842,0,0.0,0.0,,Neutral
administration,0.0,,,,,,,,,,,,,,,,,,,,,,,,,,,,,,,,,,,,,,,,,,,,,,193,1172,0,0.0,0.0,,Neutral
affidavit,0.0,,,,,,,,,,,,,,,,,,,,,,,,,,,,,,,,,,,,,,,,,,,,,,398,65,0,0.0,0.0,,Neutral
against Assange,0.0,,,,,,,,,,,,,,,,,,,,,,,,,,,,,,,,,,,,,,,,,,,,,,705,346,0,0.0,0.0,,Neutral
agencies,0.0,,,,,,,,,,,,,,,,,,,,,,,,,,,,,,,,,,,,,,,,,,,,,,118,1475,0,0.0,0.0,,Neutral
agency,0.0,,,,,,,,,,,,,,,,,,,,,,,,,,,,,,,,,,,,,,,,,,,,,,127,1319,0,0.0,0.0,,Neutral
agent,0.0,,,,,,,,,,,,,,,,,,,,,,,,,,,,,,,,,,,,,,,,,,,,,,268,1054,0,0.0,0.0,,Neutral
agents,0.0,,,,,,,,,,,,,,,,,,,,,,,,,,,,,,,,,,,,,,,,,,,,,,235,960,0,0.0,0.0,,Neutral
ago,0.0,,,,,,,,,,,,,,,,,,,,,,,,,,,,,,,,,,,,,,,,,,,,,,948,481,0,0.0,0.0,,Neutral
alerts,0.0,,,,,,,,,,,,,,,,,,,,,,,,,,,,,,,,,,,,,,,,,,,,,,180,83,0,0.0,0.0,,Neutral
allegations,0.0,,,,,,,,,,,,,,,,,,,,,,,,,,,,,,,,,,,,,,,,,,,,,,132,798,0,0.0,0.0,,Neutral
alleged,0.0,,,,,,,,,,,,,,,,,,,,,,,,,,,,,,,,,,,,,,,,,,,,,,108,1104,0,0.0,0.0,,Neutral
alleged Chinese,0.0,,,,,,,,,,,,,,,,,,,,,,,,,,,,,,,,,,,,,,,,,,,,,,187,34,0,0.0,0.0,,Neutral
alleged spy,0.0,,,,,,,,,,,,,,,,,,,,,,,,,,,,,,,,,,,,,,,,,,,,,,543,32,0,0.0,0.0,,Neutral
allegedly,0.0,,,,,,,,,,,,,,,,,,,,,,,,,,,,,,,,,,,,,,,,,,,,,,240,693,0,0.0,0.0,,Neutral
allies,0.0,,,,,,,,,,,,,,,,,,,,,,,,,,,,,,,,,,,,,,,,,,,,,,413,570,0,0.0,0.0,,Neutral
already,0.0,,,,,,,,,,,,,,,,,,,,,,,,,,,,,,,,,,,,,,,,,,,,,,598,728,0,0.0,0.0,,Neutral
an act of,0.0,,,,,,,,,,,,,,,,,,,,,,,,,,,,,,,,,,,,,,,,,,,,,,932,76,0,0.0,0.0,,Neutral
an alleged,0.0,,,,,,,,,,,,,,,,,,,,,,,,,,,,,,,,,,,,,,,,,,,,,,998,93,0,0.0,0.0,,Neutral
and computer,0.0,,,,,,,,,,,,,,,,,,,,,,,,,,,,,,,,,,,,,,,,,,,,,,843,58,0,0.0,0.0,,Neutral
and computer misuse,0.0,,,,,,,,,,,,,,,,,,,,,,,,,,,,,,,,,,,,,,,,,,,,,,840,21,0,0.0,0.0,,Neutral
and counter,0.0,,,,,,,,,,,,,,,,,,,,,,,,,,,,,,,,,,,,,,,,,,,,,,670,27,0,0.0,0.0,,Neutral
and former,0.0,,,,,,,,,,,,,,,,,,,,,,,,,,,,,,,,,,,,,,,,,,,,,,648,318,0,0.0,0.0,,Neutral
and free,0.0,,,,,,,,,,,,,,,,,,,,,,,,,,,,,,,,,,,,,,,,,,,,,,638,42,0,0.0,0.0,,Neutral
and may be,0.0,,,,,,,,,,,,,,,,,,,,,,,,,,,,,,,,,,,,,,,,,,,,,,865,80,0,0.0,0.0,,Neutral
and one,0.0,,,,,,,,,,,,,,,,,,,,,,,,,,,,,,,,,,,,,,,,,,,,,,978,138,0,0.0,0.0,,Neutral
and other,0.0,,,,,,,,,,,,,,,,,,,,,,,,,,,,,,,,,,,,,,,,,,,,,,833,917,0,0.0,0.0,,Neutral
and special,0.0,,,,,,,,,,,,,,,,,,,,,,,,,,,,,,,,,,,,,,,,,,,,,,691,83,0,0.0,0.0,,Neutral
and the,0.0,,,,,,,,,,,,,,,,,,,,,,,,,,,,,,,,,,,,,,,,,,,,,,644,3381,0,0.0,0.0,,Neutral
and the United,0.0,,,,,,,,,,,,,,,,,,,,,,,,,,,,,,,,,,,,,,,,,,,,,,831,236,0,0.0,0.0,,Neutral
another,0.0,,,,,,,,,,,,,,,,,,,,,,,,,,,,,,,,,,,,,,,,,,,,,,550,903,0,0.0,0.0,,Neutral
anything,0.0,,,,,,,,,,,,,,,,,,,,,,,,,,,,,,,,,,,,,,,,,,,,,,608,470,0,0.0,0.0,,Neutral
applications,0.0,,,,,,,,,,,,,,,,,,,,,,,,,,,,,,,,,,,,,,,,,,,,,,254,185,0,0.0,0.0,,Neutral
are created,0.0,,,,,,,,,,,,,,,,,,,,,,,,,,,,,,,,,,,,,,,,,,,,,,805,75,0,0.0,0.0,,Neutral
arms,0.0,,,,,,,,,,,,,,,,,,,,,,,,,,,,,,,,,,,,,,,,,,,,,,494,177,0,0.0,0.0,,Neutral
around,0.0,,,,,,,,,,,,,,,,,,,,,,,,,,,,,,,,,,,,,,,,,,,,,,410,1038,0,0.0,0.0,,Neutral
arrest,0.0,,,,,,,,,,,,,,,,,,,,,,,,,,,,,,,,,,,,,,,,,,,,,,168,1302,0,0.0,0.0,,Neutral
arrested,0.0,,,,,,,,,,,,,,,,,,,,,,,,,,,,,,,,,,,,,,,,,,,,,,149,1379,0,0.0,0.0,,Neutral
article,0.0,,,,,,,,,,,,,,,,,,,,,,,,,,,,,,,,,,,,,,,,,,,,,,167,514,0,0.0,0.0,,Neutral
artificial intelligence,0.0,,,,,,,,,,,,,,,,,,,,,,,,,,,,,,,,,,,,,,,,,,,,,,365,124,0,0.0,0.0,,Neutral
as a,0.0,,,,,,,,,,,,,,,,,,,,,,,,,,,,,,,,,,,,,,,,,,,,,,895,2467,0,0.0,0.0,,Neutral
as of,0.0,,,,,,,,,,,,,,,,,,,,,,,,,,,,,,,,,,,,,,,,,,,,,,680,81,0,0.0,0.0,,Neutral
as the,0.0,,,,,,,,,,,,,,,,,,,,,,,,,,,,,,,,,,,,,,,,,,,,,,822,1248,0,0.0,0.0,,Neutral
as well as,0.0,,,,,,,,,,,,,,,,,,,,,,,,,,,,,,,,,,,,,,,,,,,,,,729,674,0,0.0,0.0,,Neutral
asked,0.0,,,,,,,,,,,,,,,,,,,,,,,,,,,,,,,,,,,,,,,,,,,,,,379,913,0,0.0,0.0,,Neutral
asylum,485.0,4.0,6.0,1.0,0.0,3.0,1.0,2.0,0.0,4.0,6.0,2.0,20.0,43.0,31.0,1.0,20.0,2.0,17.0,0.0,3.0,1.0,24.0,15.0,2.0,11.0,12.0,45.0,0.0,4.0,18.0,7.0,2.0,0.0,13.0,9.0,0.0,29.0,15.0,2.0,64.0,14.0,0.0,9.0,22.0,0.0,0,485,1,1.0,1.0,-149.0,Left
at a,0.0,,,,,,,,,,,,,,,,,,,,,,,,,,,,,,,,,,,,,,,,,,,,,,853,675,0,0.0,0.0,,Neutral
at least,0.0,,,,,,,,,,,,,,,,,,,,,,,,,,,,,,,,,,,,,,,,,,,,,,931,620,0,0.0,0.0,,Neutral
at risk,0.0,,,,,,,,,,,,,,,,,,,,,,,,,,,,,,,,,,,,,,,,,,,,,,906,194,0,0.0,0.0,,Neutral
at the,0.0,,,,,,,,,,,,,,,,,,,,,,,,,,,,,,,,,,,,,,,,,,,,,,787,3051,0,0.0,0.0,,Neutral
atomic,0.0,,,,,,,,,,,,,,,,,,,,,,,,,,,,,,,,,,,,,,,,,,,,,,286,75,0,0.0,0.0,,Neutral
attack,0.0,,,,,,,,,,,,,,,,,,,,,,,,,,,,,,,,,,,,,,,,,,,,,,210,682,0,0.0,0.0,,Neutral
attacks,0.0,,,,,,,,,,,,,,,,,,,,,,,,,,,,,,,,,,,,,,,,,,,,,,244,544,0,0.0,0.0,,Neutral
attorney,0.0,,,,,,,,,,,,,,,,,,,,,,,,,,,,,,,,,,,,,,,,,,,,,,534,534,0,0.0,0.0,,Neutral
attorneys,0.0,,,,,,,,,,,,,,,,,,,,,,,,,,,,,,,,,,,,,,,,,,,,,,120,246,0,0.0,0.0,,Neutral
audience,0.0,,,,,,,,,,,,,,,,,,,,,,,,,,,,,,,,,,,,,,,,,,,,,,173,100,0,0.0,0.0,,Neutral
authoritative,0.0,,,,,,,,,,,,,,,,,,,,,,,,,,,,,,,,,,,,,,,,,,,,,,514,88,0,0.0,0.0,,Neutral
authorities,0.0,,,,,,,,,,,,,,,,,,,,,,,,,,,,,,,,,,,,,,,,,,,,,,121,1064,0,0.0,0.0,,Neutral
availability,0.0,,,,,,,,,,,,,,,,,,,,,,,,,,,,,,,,,,,,,,,,,,,,,,486,80,0,0.0,0.0,,Neutral
available,0.0,,,,,,,,,,,,,,,,,,,,,,,,,,,,,,,,,,,,,,,,,,,,,,233,339,0,0.0,0.0,,Neutral
back,0.0,,,,,,,,,,,,,,,,,,,,,,,,,,,,,,,,,,,,,,,,,,,,,,137,1469,0,0.0,0.0,,Neutral
back doors,63.0,0.0,0.0,0.0,0.0,0.0,0.0,0.0,0.0,0.0,0.0,0.0,3.0,0.0,0.0,0.0,0.0,0.0,7.0,0.0,21.0,0.0,2.0,3.0,0.0,0.0,0.0,1.0,0.0,2.0,1.0,1.0,0.0,0.0,0.0,0.0,0.0,1.0,0.0,0.0,0.0,0.0,1.0,2.0,10.0,0.0,1,63,1,1.0,1.0,-14.0,Left
back in,0.0,,,,,,,,,,,,,,,,,,,,,,,,,,,,,,,,,,,,,,,,,,,,,,734,152,0,0.0,0.0,,Neutral
ban,0.0,,,,,,,,,,,,,,,,,,,,,,,,,,,,,,,,,,,,,,,,,,,,,,396,292,0,0.0,0.0,,Neutral
based,0.0,,,,,,,,,,,,,,,,,,,,,,,,,,,,,,,,,,,,,,,,,,,,,,327,1050,0,0.0,0.0,,Neutral
be in its,0.0,,,,,,,,,,,,,,,,,,,,,,,,,,,,,,,,,,,,,,,,,,,,,,835,76,0,0.0,0.0,,Neutral
be interested,0.0,,,,,,,,,,,,,,,,,,,,,,,,,,,,,,,,,,,,,,,,,,,,,,681,73,0,0.0,0.0,,Neutral
be removed,0.0,,,,,,,,,,,,,,,,,,,,,,,,,,,,,,,,,,,,,,,,,,,,,,930,33,0,0.0,0.0,,Neutral
be removed from,0.0,,,,,,,,,,,,,,,,,,,,,,,,,,,,,,,,,,,,,,,,,,,,,,938,23,0,0.0,0.0,,Neutral
be updated,0.0,,,,,,,,,,,,,,,,,,,,,,,,,,,,,,,,,,,,,,,,,,,,,,792,78,0,0.0,0.0,,Neutral
became,0.0,,,,,,,,,,,,,,,,,,,,,,,,,,,,,,,,,,,,,,,,,,,,,,401,517,0,0.0,0.0,,Neutral
become,0.0,,,,,,,,,,,,,,,,,,,,,,,,,,,,,,,,,,,,,,,,,,,,,,604,617,0,0.0,0.0,,Neutral
becoming,0.0,,,,,,,,,,,,,,,,,,,,,,,,,,,,,,,,,,,,,,,,,,,,,,172,153,0,0.0,0.0,,Neutral
becoming a,0.0,,,,,,,,,,,,,,,,,,,,,,,,,,,,,,,,,,,,,,,,,,,,,,669,52,0,0.0,0.0,,Neutral
began,0.0,,,,,,,,,,,,,,,,,,,,,,,,,,,,,,,,,,,,,,,,,,,,,,479,550,0,0.0,0.0,,Neutral
believe,0.0,,,,,,,,,,,,,,,,,,,,,,,,,,,,,,,,,,,,,,,,,,,,,,145,644,0,0.0,0.0,,Neutral
believe Fang,0.0,,,,,,,,,,,,,,,,,,,,,,,,,,,,,,,,,,,,,,,,,,,,,,499,10,0,0.0,0.0,,Neutral
big,0.0,,,,,,,,,,,,,,,,,,,,,,,,,,,,,,,,,,,,,,,,,,,,,,133,364,0,0.0,0.0,,Neutral
blackmail,0.0,,,,,,,,,,,,,,,,,,,,,,,,,,,,,,,,,,,,,,,,,,,,,,392,127,0,0.0,0.0,,Neutral
bomb,0.0,,,,,,,,,,,,,,,,,,,,,,,,,,,,,,,,,,,,,,,,,,,,,,440,89,0,0.0,0.0,,Neutral
book,0.0,,,,,,,,,,,,,,,,,,,,,,,,,,,,,,,,,,,,,,,,,,,,,,554,416,0,0.0,0.0,,Neutral
breach,0.0,,,,,,,,,,,,,,,,,,,,,,,,,,,,,,,,,,,,,,,,,,,,,,303,321,0,0.0,0.0,,Neutral
breaking,0.0,,,,,,,,,,,,,,,,,,,,,,,,,,,,,,,,,,,,,,,,,,,,,,225,265,0,0.0,0.0,,Neutral
briefed,0.0,,,,,,,,,,,,,,,,,,,,,,,,,,,,,,,,,,,,,,,,,,,,,,517,95,0,0.0,0.0,,Neutral
briefing,0.0,,,,,,,,,,,,,,,,,,,,,,,,,,,,,,,,,,,,,,,,,,,,,,586,142,0,0.0,0.0,,Neutral
brother,0.0,,,,,,,,,,,,,,,,,,,,,,,,,,,,,,,,,,,,,,,,,,,,,,425,336,0,0.0,0.0,,Neutral
business,0.0,,,,,,,,,,,,,,,,,,,,,,,,,,,,,,,,,,,,,,,,,,,,,,309,830,0,0.0,0.0,,Neutral
by China,0.0,,,,,,,,,,,,,,,,,,,,,,,,,,,,,,,,,,,,,,,,,,,,,,988,93,0,0.0,0.0,,Neutral
by The,0.0,,,,,,,,,,,,,,,,,,,,,,,,,,,,,,,,,,,,,,,,,,,,,,684,172,0,0.0,0.0,,Neutral
by the,0.0,,,,,,,,,,,,,,,,,,,,,,,,,,,,,,,,,,,,,,,,,,,,,,651,3180,0,0.0,0.0,,Neutral
by the US,0.0,,,,,,,,,,,,,,,,,,,,,,,,,,,,,,,,,,,,,,,,,,,,,,829,136,0,0.0,0.0,,Neutral
by the coronavirus,0.0,,,,,,,,,,,,,,,,,,,,,,,,,,,,,,,,,,,,,,,,,,,,,,872,20,0,0.0,0.0,,Neutral
call,0.0,,,,,,,,,,,,,,,,,,,,,,,,,,,,,,,,,,,,,,,,,,,,,,249,537,0,0.0,0.0,,Neutral
called,0.0,,,,,,,,,,,,,,,,,,,,,,,,,,,,,,,,,,,,,,,,,,,,,,350,1399,0,0.0,0.0,,Neutral
cameras,0.0,,,,,,,,,,,,,,,,,,,,,,,,,,,,,,,,,,,,,,,,,,,,,,450,171,0,0.0,0.0,,Neutral
campaign,0.0,,,,,,,,,,,,,,,,,,,,,,,,,,,,,,,,,,,,,,,,,,,,,,79,1313,0,0.0,0.0,,Neutral
campaigns,0.0,,,,,,,,,,,,,,,,,,,,,,,,,,,,,,,,,,,,,,,,,,,,,,468,160,0,0.0,0.0,,Neutral
campus,0.0,,,,,,,,,,,,,,,,,,,,,,,,,,,,,,,,,,,,,,,,,,,,,,402,46,0,0.0,0.0,,Neutral
can be,0.0,,,,,,,,,,,,,,,,,,,,,,,,,,,,,,,,,,,,,,,,,,,,,,936,523,0,0.0,0.0,,Neutral
can provide,0.0,,,,,,,,,,,,,,,,,,,,,,,,,,,,,,,,,,,,,,,,,,,,,,665,67,0,0.0,0.0,,Neutral
capital,0.0,,,,,,,,,,,,,,,,,,,,,,,,,,,,,,,,,,,,,,,,,,,,,,223,167,0,0.0,0.0,,Neutral
carry,0.0,,,,,,,,,,,,,,,,,,,,,,,,,,,,,,,,,,,,,,,,,,,,,,434,213,0,0.0,0.0,,Neutral
carry a,0.0,,,,,,,,,,,,,,,,,,,,,,,,,,,,,,,,,,,,,,,,,,,,,,806,55,0,0.0,0.0,,Neutral
carry a maximum,0.0,,,,,,,,,,,,,,,,,,,,,,,,,,,,,,,,,,,,,,,,,,,,,,809,25,0,0.0,0.0,,Neutral
case,0.0,,,,,,,,,,,,,,,,,,,,,,,,,,,,,,,,,,,,,,,,,,,,,,87,3058,0,0.0,0.0,,Neutral
cases,0.0,,,,,,,,,,,,,,,,,,,,,,,,,,,,,,,,,,,,,,,,,,,,,,332,678,0,0.0,0.0,,Neutral
chain,0.0,,,,,,,,,,,,,,,,,,,,,,,,,,,,,,,,,,,,,,,,,,,,,,476,142,0,0.0,0.0,,Neutral
charge,0.0,,,,,,,,,,,,,,,,,,,,,,,,,,,,,,,,,,,,,,,,,,,,,,135,736,0,0.0,0.0,,Neutral
charged,0.0,,,,,,,,,,,,,,,,,,,,,,,,,,,,,,,,,,,,,,,,,,,,,,163,1180,0,0.0,0.0,,Neutral
charged with,0.0,,,,,,,,,,,,,,,,,,,,,,,,,,,,,,,,,,,,,,,,,,,,,,949,517,0,0.0,0.0,,Neutral
charges,0.0,,,,,,,,,,,,,,,,,,,,,,,,,,,,,,,,,,,,,,,,,,,,,,83,2341,0,0.0,0.0,,Neutral
charges carry a,0.0,,,,,,,,,,,,,,,,,,,,,,,,,,,,,,,,,,,,,,,,,,,,,,775,34,0,0.0,0.0,,Neutral
charges over,0.0,,,,,,,,,,,,,,,,,,,,,,,,,,,,,,,,,,,,,,,,,,,,,,755,34,0,0.0,0.0,,Neutral
chat,0.0,,,,,,,,,,,,,,,,,,,,,,,,,,,,,,,,,,,,,,,,,,,,,,438,85,0,0.0,0.0,,Neutral
chief,0.0,,,,,,,,,,,,,,,,,,,,,,,,,,,,,,,,,,,,,,,,,,,,,,369,642,0,0.0,0.0,,Neutral
children,0.0,,,,,,,,,,,,,,,,,,,,,,,,,,,,,,,,,,,,,,,,,,,,,,460,201,0,0.0,0.0,,Neutral
circles,0.0,,,,,,,,,,,,,,,,,,,,,,,,,,,,,,,,,,,,,,,,,,,,,,239,63,0,0.0,0.0,,Neutral
citizens,0.0,,,,,,,,,,,,,,,,,,,,,,,,,,,,,,,,,,,,,,,,,,,,,,393,630,0,0.0,0.0,,Neutral
city,0.0,,,,,,,,,,,,,,,,,,,,,,,,,,,,,,,,,,,,,,,,,,,,,,217,226,0,0.0,0.0,,Neutral
civilian,0.0,,,,,,,,,,,,,,,,,,,,,,,,,,,,,,,,,,,,,,,,,,,,,,578,132,0,0.0,0.0,,Neutral
claimed,0.0,,,,,,,,,,,,,,,,,,,,,,,,,,,,,,,,,,,,,,,,,,,,,,420,538,0,0.0,0.0,,Neutral
claims,0.0,,,,,,,,,,,,,,,,,,,,,,,,,,,,,,,,,,,,,,,,,,,,,,371,647,0,0.0,0.0,,Neutral
classified,0.0,,,,,,,,,,,,,,,,,,,,,,,,,,,,,,,,,,,,,,,,,,,,,,60,1924,1,0.0,0.0,,Neutral
classified information,776.0,21.0,10.0,5.0,10.0,2.0,10.0,9.0,3.0,9.0,2.0,38.0,37.0,35.0,42.0,7.0,11.0,21.0,18.0,10.0,2.0,3.0,47.0,27.0,6.0,15.0,10.0,21.0,9.0,49.0,29.0,20.0,11.0,16.0,19.0,7.0,0.0,20.0,34.0,14.0,9.0,28.0,2.0,9.0,67.0,2.0,2,776,1,1.0,1.0,-103.0,Left
clear,0.0,,,,,,,,,,,,,,,,,,,,,,,,,,,,,,,,,,,,,,,,,,,,,,577,799,0,0.0,0.0,,Neutral
close,0.0,,,,,,,,,,,,,,,,,,,,,,,,,,,,,,,,,,,,,,,,,,,,,,128,637,0,0.0,0.0,,Neutral
closure,0.0,,,,,,,,,,,,,,,,,,,,,,,,,,,,,,,,,,,,,,,,,,,,,,300,79,0,0.0,0.0,,Neutral
code,0.0,,,,,,,,,,,,,,,,,,,,,,,,,,,,,,,,,,,,,,,,,,,,,,405,303,0,0.0,0.0,,Neutral
collusion,0.0,,,,,,,,,,,,,,,,,,,,,,,,,,,,,,,,,,,,,,,,,,,,,,354,146,0,0.0,0.0,,Neutral
comment,0.0,,,,,,,,,,,,,,,,,,,,,,,,,,,,,,,,,,,,,,,,,,,,,,161,555,0,0.0,0.0,,Neutral
commercial,0.0,,,,,,,,,,,,,,,,,,,,,,,,,,,,,,,,,,,,,,,,,,,,,,609,234,0,0.0,0.0,,Neutral
committee,0.0,,,,,,,,,,,,,,,,,,,,,,,,,,,,,,,,,,,,,,,,,,,,,,507,304,0,0.0,0.0,,Neutral
communications,0.0,,,,,,,,,,,,,,,,,,,,,,,,,,,,,,,,,,,,,,,,,,,,,,470,614,0,0.0,0.0,,Neutral
communist,0.0,,,,,,,,,,,,,,,,,,,,,,,,,,,,,,,,,,,,,,,,,,,,,,352,89,0,0.0,0.0,,Neutral
companies,0.0,,,,,,,,,,,,,,,,,,,,,,,,,,,,,,,,,,,,,,,,,,,,,,88,1659,0,0.0,0.0,,Neutral
companies and,0.0,,,,,,,,,,,,,,,,,,,,,,,,,,,,,,,,,,,,,,,,,,,,,,660,169,0,0.0,0.0,,Neutral
company,0.0,,,,,,,,,,,,,,,,,,,,,,,,,,,,,,,,,,,,,,,,,,,,,,85,2598,0,0.0,0.0,,Neutral
complaint,0.0,,,,,,,,,,,,,,,,,,,,,,,,,,,,,,,,,,,,,,,,,,,,,,443,309,0,0.0,0.0,,Neutral
compromised,0.0,,,,,,,,,,,,,,,,,,,,,,,,,,,,,,,,,,,,,,,,,,,,,,411,197,0,0.0,0.0,,Neutral
computer,0.0,,,,,,,,,,,,,,,,,,,,,,,,,,,,,,,,,,,,,,,,,,,,,,156,983,0,0.0,0.0,,Neutral
computer misuse,0.0,,,,,,,,,,,,,,,,,,,,,,,,,,,,,,,,,,,,,,,,,,,,,,330,31,0,0.0,0.0,,Neutral
concerns,0.0,,,,,,,,,,,,,,,,,,,,,,,,,,,,,,,,,,,,,,,,,,,,,,270,694,0,0.0,0.0,,Neutral
conference,0.0,,,,,,,,,,,,,,,,,,,,,,,,,,,,,,,,,,,,,,,,,,,,,,477,420,0,0.0,0.0,,Neutral
conservative,0.0,,,,,,,,,,,,,,,,,,,,,,,,,,,,,,,,,,,,,,,,,,,,,,152,86,0,0.0,0.0,,Neutral
conspiracy,0.0,,,,,,,,,,,,,,,,,,,,,,,,,,,,,,,,,,,,,,,,,,,,,,250,627,0,0.0,0.0,,Neutral
consulate,0.0,,,,,,,,,,,,,,,,,,,,,,,,,,,,,,,,,,,,,,,,,,,,,,72,435,0,0.0,0.0,,Neutral
consulate in,0.0,,,,,,,,,,,,,,,,,,,,,,,,,,,,,,,,,,,,,,,,,,,,,,695,170,0,0.0,0.0,,Neutral
consulates,0.0,,,,,,,,,,,,,,,,,,,,,,,,,,,,,,,,,,,,,,,,,,,,,,307,66,0,0.0,0.0,,Neutral
continued,0.0,,,,,,,,,,,,,,,,,,,,,,,,,,,,,,,,,,,,,,,,,,,,,,153,359,0,0.0,0.0,,Neutral
contractor and,0.0,,,,,,,,,,,,,,,,,,,,,,,,,,,,,,,,,,,,,,,,,,,,,,869,85,0,0.0,0.0,,Neutral
contributed to this,0.0,,,,,,,,,,,,,,,,,,,,,,,,,,,,,,,,,,,,,,,,,,,,,,877,121,0,0.0,0.0,,Neutral
convicted,0.0,,,,,,,,,,,,,,,,,,,,,,,,,,,,,,,,,,,,,,,,,,,,,,360,534,0,0.0,0.0,,Neutral
corporate,0.0,,,,,,,,,,,,,,,,,,,,,,,,,,,,,,,,,,,,,,,,,,,,,,567,313,0,0.0,0.0,,Neutral
could,0.0,,,,,,,,,,,,,,,,,,,,,,,,,,,,,,,,,,,,,,,,,,,,,,89,3205,0,0.0,0.0,,Neutral
could be,0.0,,,,,,,,,,,,,,,,,,,,,,,,,,,,,,,,,,,,,,,,,,,,,,996,729,0,0.0,0.0,,Neutral
counter,0.0,,,,,,,,,,,,,,,,,,,,,,,,,,,,,,,,,,,,,,,,,,,,,,170,242,0,0.0,0.0,,Neutral
counterintelligence,417.0,7.0,9.0,3.0,24.0,7.0,11.0,11.0,0.0,0.0,0.0,35.0,28.0,1.0,9.0,0.0,1.0,25.0,0.0,4.0,1.0,8.0,19.0,5.0,1.0,3.0,3.0,1.0,7.0,28.0,15.0,19.0,14.0,6.0,12.0,22.0,0.0,3.0,2.0,2.0,2.0,3.0,2.0,7.0,52.0,5.0,3,417,1,1.0,1.0,-21.0,Left
countries,0.0,,,,,,,,,,,,,,,,,,,,,,,,,,,,,,,,,,,,,,,,,,,,,,143,1260,0,0.0,0.0,,Neutral
country,0.0,,,,,,,,,,,,,,,,,,,,,,,,,,,,,,,,,,,,,,,,,,,,,,194,1382,0,0.0,0.0,,Neutral
course,0.0,,,,,,,,,,,,,,,,,,,,,,,,,,,,,,,,,,,,,,,,,,,,,,558,385,0,0.0,0.0,,Neutral
court,0.0,,,,,,,,,,,,,,,,,,,,,,,,,,,,,,,,,,,,,,,,,,,,,,77,2253,0,0.0,0.0,,Neutral
created,0.0,,,,,,,,,,,,,,,,,,,,,,,,,,,,,,,,,,,,,,,,,,,,,,245,400,0,0.0,0.0,,Neutral
created by,0.0,,,,,,,,,,,,,,,,,,,,,,,,,,,,,,,,,,,,,,,,,,,,,,686,103,0,0.0,0.0,,Neutral
created on,0.0,,,,,,,,,,,,,,,,,,,,,,,,,,,,,,,,,,,,,,,,,,,,,,788,71,0,0.0,0.0,,Neutral
crime,0.0,,,,,,,,,,,,,,,,,,,,,,,,,,,,,,,,,,,,,,,,,,,,,,475,524,0,0.0,0.0,,Neutral
crimes,490.0,6.0,8.0,5.0,2.0,0.0,2.0,3.0,0.0,9.0,4.0,2.0,5.0,51.0,75.0,6.0,18.0,6.0,16.0,0.0,1.0,1.0,32.0,4.0,5.0,7.0,16.0,21.0,2.0,9.0,6.0,5.0,5.0,1.0,5.0,12.0,0.0,16.0,3.0,0.0,69.0,12.0,5.0,6.0,27.0,0.0,5,490,1,1.0,1.0,-125.0,Left
criminal,0.0,,,,,,,,,,,,,,,,,,,,,,,,,,,,,,,,,,,,,,,,,,,,,,344,745,0,0.0,0.0,,Neutral
cultural,0.0,,,,,,,,,,,,,,,,,,,,,,,,,,,,,,,,,,,,,,,,,,,,,,148,69,0,0.0,0.0,,Neutral
current,0.0,,,,,,,,,,,,,,,,,,,,,,,,,,,,,,,,,,,,,,,,,,,,,,76,417,0,0.0,0.0,,Neutral
current United States,0.0,,,,,,,,,,,,,,,,,,,,,,,,,,,,,,,,,,,,,,,,,,,,,,489,12,0,0.0,0.0,,Neutral
current and former,0.0,,,,,,,,,,,,,,,,,,,,,,,,,,,,,,,,,,,,,,,,,,,,,,662,114,0,0.0,0.0,,Neutral
currently,0.0,,,,,,,,,,,,,,,,,,,,,,,,,,,,,,,,,,,,,,,,,,,,,,329,334,0,0.0,0.0,,Neutral
cyber security,107.0,0.0,0.0,0.0,0.0,0.0,4.0,0.0,0.0,1.0,0.0,3.0,6.0,0.0,10.0,2.0,0.0,1.0,9.0,0.0,15.0,0.0,5.0,3.0,1.0,0.0,2.0,1.0,2.0,3.0,1.0,1.0,0.0,0.0,5.0,1.0,6.0,7.0,0.0,0.0,0.0,3.0,9.0,0.0,5.0,0.0,6,107,1,1.0,1.0,-2.0,Left
data,0.0,,,,,,,,,,,,,,,,,,,,,,,,,,,,,,,,,,,,,,,,,,,,,,33,1467,1,1.0,0.0,,Neutral
deadline,0.0,,,,,,,,,,,,,,,,,,,,,,,,,,,,,,,,,,,,,,,,,,,,,,529,102,0,0.0,0.0,,Neutral
deal,0.0,,,,,,,,,,,,,,,,,,,,,,,,,,,,,,,,,,,,,,,,,,,,,,391,593,0,0.0,0.0,,Neutral
deals,0.0,,,,,,,,,,,,,,,,,,,,,,,,,,,,,,,,,,,,,,,,,,,,,,389,88,0,0.0,0.0,,Neutral
death,0.0,,,,,,,,,,,,,,,,,,,,,,,,,,,,,,,,,,,,,,,,,,,,,,416,425,0,0.0,0.0,,Neutral
decade,0.0,,,,,,,,,,,,,,,,,,,,,,,,,,,,,,,,,,,,,,,,,,,,,,304,303,0,0.0,0.0,,Neutral
decision,0.0,,,,,,,,,,,,,,,,,,,,,,,,,,,,,,,,,,,,,,,,,,,,,,248,770,0,0.0,0.0,,Neutral
declined to,0.0,,,,,,,,,,,,,,,,,,,,,,,,,,,,,,,,,,,,,,,,,,,,,,879,260,0,0.0,0.0,,Neutral
declined to comment,0.0,,,,,,,,,,,,,,,,,,,,,,,,,,,,,,,,,,,,,,,,,,,,,,977,139,0,0.0,0.0,,Neutral
defensive,0.0,,,,,,,,,,,,,,,,,,,,,,,,,,,,,,,,,,,,,,,,,,,,,,565,48,0,0.0,0.0,,Neutral
delayed,0.0,,,,,,,,,,,,,,,,,,,,,,,,,,,,,,,,,,,,,,,,,,,,,,343,45,0,0.0,0.0,,Neutral
democracy,0.0,,,,,,,,,,,,,,,,,,,,,,,,,,,,,,,,,,,,,,,,,,,,,,400,233,0,0.0,0.0,,Neutral
denied,0.0,,,,,,,,,,,,,,,,,,,,,,,,,,,,,,,,,,,,,,,,,,,,,,515,689,0,0.0,0.0,,Neutral
detained,0.0,,,,,,,,,,,,,,,,,,,,,,,,,,,,,,,,,,,,,,,,,,,,,,160,626,0,0.0,0.0,,Neutral
detention,0.0,,,,,,,,,,,,,,,,,,,,,,,,,,,,,,,,,,,,,,,,,,,,,,324,484,0,0.0,0.0,,Neutral
developed with,0.0,,,,,,,,,,,,,,,,,,,,,,,,,,,,,,,,,,,,,,,,,,,,,,804,71,0,0.0,0.0,,Neutral
devices,0.0,,,,,,,,,,,,,,,,,,,,,,,,,,,,,,,,,,,,,,,,,,,,,,519,644,0,0.0,0.0,,Neutral
did not,0.0,,,,,,,,,,,,,,,,,,,,,,,,,,,,,,,,,,,,,,,,,,,,,,697,1183,0,0.0,0.0,,Neutral
didnt,0.0,,,,,,,,,,,,,,,,,,,,,,,,,,,,,,,,,,,,,,,,,,,,,,238,752,0,0.0,0.0,,Neutral
diplomats,0.0,,,,,,,,,,,,,,,,,,,,,,,,,,,,,,,,,,,,,,,,,,,,,,467,369,0,0.0,0.0,,Neutral
director,0.0,,,,,,,,,,,,,,,,,,,,,,,,,,,,,,,,,,,,,,,,,,,,,,542,926,0,0.0,0.0,,Neutral
disclosure,0.0,,,,,,,,,,,,,,,,,,,,,,,,,,,,,,,,,,,,,,,,,,,,,,473,234,0,0.0,0.0,,Neutral
dissidents,0.0,,,,,,,,,,,,,,,,,,,,,,,,,,,,,,,,,,,,,,,,,,,,,,588,179,0,0.0,0.0,,Neutral
document,0.0,,,,,,,,,,,,,,,,,,,,,,,,,,,,,,,,,,,,,,,,,,,,,,253,436,0,0.0,0.0,,Neutral
documents,0.0,,,,,,,,,,,,,,,,,,,,,,,,,,,,,,,,,,,,,,,,,,,,,,90,1984,0,0.0,0.0,,Neutral
documents a,0.0,,,,,,,,,,,,,,,,,,,,,,,,,,,,,,,,,,,,,,,,,,,,,,847,20,0,0.0,0.0,,Neutral
dont,0.0,,,,,,,,,,,,,,,,,,,,,,,,,,,,,,,,,,,,,,,,,,,,,,208,1054,0,0.0,0.0,,Neutral
doors,0.0,,,,,,,,,,,,,,,,,,,,,,,,,,,,,,,,,,,,,,,,,,,,,,257,141,0,0.0,0.0,,Neutral
dossier,352.0,0.0,0.0,0.0,4.0,0.0,1.0,0.0,0.0,0.0,0.0,0.0,0.0,0.0,13.0,0.0,1.0,94.0,3.0,0.0,0.0,4.0,42.0,3.0,14.0,0.0,4.0,0.0,43.0,13.0,8.0,11.0,8.0,21.0,0.0,39.0,0.0,0.0,0.0,3.0,0.0,0.0,3.0,1.0,15.0,4.0,26,352,1,1.0,1.0,237.0,Right
drive,0.0,,,,,,,,,,,,,,,,,,,,,,,,,,,,,,,,,,,,,,,,,,,,,,556,319,0,0.0,0.0,,Neutral
during the,0.0,,,,,,,,,,,,,,,,,,,,,,,,,,,,,,,,,,,,,,,,,,,,,,875,591,0,0.0,0.0,,Neutral
earlier,0.0,,,,,,,,,,,,,,,,,,,,,,,,,,,,,,,,,,,,,,,,,,,,,,505,534,0,0.0,0.0,,Neutral
economic,0.0,,,,,,,,,,,,,,,,,,,,,,,,,,,,,,,,,,,,,,,,,,,,,,429,607,0,0.0,0.0,,Neutral
elected,0.0,,,,,,,,,,,,,,,,,,,,,,,,,,,,,,,,,,,,,,,,,,,,,,113,107,0,0.0,0.0,,Neutral
elected officials,0.0,,,,,,,,,,,,,,,,,,,,,,,,,,,,,,,,,,,,,,,,,,,,,,535,17,0,0.0,0.0,,Neutral
election,0.0,,,,,,,,,,,,,,,,,,,,,,,,,,,,,,,,,,,,,,,,,,,,,,264,935,0,0.0,0.0,,Neutral
electronic,0.0,,,,,,,,,,,,,,,,,,,,,,,,,,,,,,,,,,,,,,,,,,,,,,513,310,0,0.0,0.0,,Neutral
eligible,0.0,,,,,,,,,,,,,,,,,,,,,,,,,,,,,,,,,,,,,,,,,,,,,,144,66,0,0.0,0.0,,Neutral
embassy,0.0,,,,,,,,,,,,,,,,,,,,,,,,,,,,,,,,,,,,,,,,,,,,,,78,1432,0,0.0,0.0,,Neutral
embassy in,0.0,,,,,,,,,,,,,,,,,,,,,,,,,,,,,,,,,,,,,,,,,,,,,,819,394,0,0.0,0.0,,Neutral
embassy in London,0.0,,,,,,,,,,,,,,,,,,,,,,,,,,,,,,,,,,,,,,,,,,,,,,945,189,0,0.0,0.0,,Neutral
employees,0.0,,,,,,,,,,,,,,,,,,,,,,,,,,,,,,,,,,,,,,,,,,,,,,368,743,0,0.0,0.0,,Neutral
encryption,0.0,,,,,,,,,,,,,,,,,,,,,,,,,,,,,,,,,,,,,,,,,,,,,,312,310,0,0.0,0.0,,Neutral
end,0.0,,,,,,,,,,,,,,,,,,,,,,,,,,,,,,,,,,,,,,,,,,,,,,585,706,0,0.0,0.0,,Neutral
entertainment,0.0,,,,,,,,,,,,,,,,,,,,,,,,,,,,,,,,,,,,,,,,,,,,,,191,21,0,0.0,0.0,,Neutral
equipment,0.0,,,,,,,,,,,,,,,,,,,,,,,,,,,,,,,,,,,,,,,,,,,,,,147,812,0,0.0,0.0,,Neutral
espionage,0.0,,,,,,,,,,,,,,,,,,,,,,,,,,,,,,,,,,,,,,,,,,,,,,57,2902,1,0.0,0.0,,Neutral
espionage and,0.0,,,,,,,,,,,,,,,,,,,,,,,,,,,,,,,,,,,,,,,,,,,,,,827,323,0,0.0,0.0,,Neutral
espionage and computer,0.0,,,,,,,,,,,,,,,,,,,,,,,,,,,,,,,,,,,,,,,,,,,,,,859,25,0,0.0,0.0,,Neutral
even,0.0,,,,,,,,,,,,,,,,,,,,,,,,,,,,,,,,,,,,,,,,,,,,,,234,1755,0,0.0,0.0,,Neutral
event,0.0,,,,,,,,,,,,,,,,,,,,,,,,,,,,,,,,,,,,,,,,,,,,,,157,170,0,0.0,0.0,,Neutral
events,0.0,,,,,,,,,,,,,,,,,,,,,,,,,,,,,,,,,,,,,,,,,,,,,,188,234,0,0.0,0.0,,Neutral
every,0.0,,,,,,,,,,,,,,,,,,,,,,,,,,,,,,,,,,,,,,,,,,,,,,335,662,0,0.0,0.0,,Neutral
evidence,0.0,,,,,,,,,,,,,,,,,,,,,,,,,,,,,,,,,,,,,,,,,,,,,,176,1447,0,0.0,0.0,,Neutral
executed,0.0,,,,,,,,,,,,,,,,,,,,,,,,,,,,,,,,,,,,,,,,,,,,,,463,140,0,0.0,0.0,,Neutral
exposed,0.0,,,,,,,,,,,,,,,,,,,,,,,,,,,,,,,,,,,,,,,,,,,,,,428,424,0,0.0,0.0,,Neutral
extended,0.0,,,,,,,,,,,,,,,,,,,,,,,,,,,,,,,,,,,,,,,,,,,,,,531,83,0,0.0,0.0,,Neutral
extensive,0.0,,,,,,,,,,,,,,,,,,,,,,,,,,,,,,,,,,,,,,,,,,,,,,299,169,0,0.0,0.0,,Neutral
extradition,1357.0,32.0,15.0,34.0,3.0,4.0,22.0,13.0,6.0,4.0,28.0,7.0,29.0,100.0,160.0,22.0,41.0,8.0,137.0,0.0,11.0,0.0,55.0,56.0,5.0,23.0,19.0,32.0,0.0,60.0,20.0,25.0,7.0,1.0,44.0,6.0,0.0,64.0,34.0,5.0,81.0,59.0,3.0,19.0,59.0,0.0,7,1357,1,1.0,1.0,-294.0,Left
extradition case,0.0,,,,,,,,,,,,,,,,,,,,,,,,,,,,,,,,,,,,,,,,,,,,,,451,78,0,0.0,0.0,,Neutral
extradition hearing,0.0,,,,,,,,,,,,,,,,,,,,,,,,,,,,,,,,,,,,,,,,,,,,,,458,155,0,0.0,0.0,,Neutral
extradition request,0.0,,,,,,,,,,,,,,,,,,,,,,,,,,,,,,,,,,,,,,,,,,,,,,433,155,0,0.0,0.0,,Neutral
face,0.0,,,,,,,,,,,,,,,,,,,,,,,,,,,,,,,,,,,,,,,,,,,,,,338,655,0,0.0,0.0,,Neutral
facial recognition,0.0,,,,,,,,,,,,,,,,,,,,,,,,,,,,,,,,,,,,,,,,,,,,,,166,60,0,0.0,0.0,,Neutral
fact,0.0,,,,,,,,,,,,,,,,,,,,,,,,,,,,,,,,,,,,,,,,,,,,,,397,717,0,0.0,0.0,,Neutral
familiar with the,0.0,,,,,,,,,,,,,,,,,,,,,,,,,,,,,,,,,,,,,,,,,,,,,,909,131,0,0.0,0.0,,Neutral
family,0.0,,,,,,,,,,,,,,,,,,,,,,,,,,,,,,,,,,,,,,,,,,,,,,169,888,0,0.0,0.0,,Neutral
far,0.0,,,,,,,,,,,,,,,,,,,,,,,,,,,,,,,,,,,,,,,,,,,,,,374,657,0,0.0,0.0,,Neutral
father,0.0,,,,,,,,,,,,,,,,,,,,,,,,,,,,,,,,,,,,,,,,,,,,,,587,258,0,0.0,0.0,,Neutral
federal,0.0,,,,,,,,,,,,,,,,,,,,,,,,,,,,,,,,,,,,,,,,,,,,,,146,1068,0,0.0,0.0,,Neutral
files,0.0,,,,,,,,,,,,,,,,,,,,,,,,,,,,,,,,,,,,,,,,,,,,,,189,507,0,0.0,0.0,,Neutral
firm,0.0,,,,,,,,,,,,,,,,,,,,,,,,,,,,,,,,,,,,,,,,,,,,,,91,764,0,0.0,0.0,,Neutral
firms,0.0,,,,,,,,,,,,,,,,,,,,,,,,,,,,,,,,,,,,,,,,,,,,,,80,367,0,0.0,0.0,,Neutral
first,0.0,,,,,,,,,,,,,,,,,,,,,,,,,,,,,,,,,,,,,,,,,,,,,,226,1679,0,0.0,0.0,,Neutral
following,0.0,,,,,,,,,,,,,,,,,,,,,,,,,,,,,,,,,,,,,,,,,,,,,,592,461,0,0.0,0.0,,Neutral
for Israel,0.0,,,,,,,,,,,,,,,,,,,,,,,,,,,,,,,,,,,,,,,,,,,,,,972,35,0,0.0,0.0,,Neutral
for comment,0.0,,,,,,,,,,,,,,,,,,,,,,,,,,,,,,,,,,,,,,,,,,,,,,907,170,0,0.0,0.0,,Neutral
for further,0.0,,,,,,,,,,,,,,,,,,,,,,,,,,,,,,,,,,,,,,,,,,,,,,864,81,0,0.0,0.0,,Neutral
for more,0.0,,,,,,,,,,,,,,,,,,,,,,,,,,,,,,,,,,,,,,,,,,,,,,668,171,0,0.0,0.0,,Neutral
for publishing,0.0,,,,,,,,,,,,,,,,,,,,,,,,,,,,,,,,,,,,,,,,,,,,,,959,175,0,0.0,0.0,,Neutral
for the,0.0,,,,,,,,,,,,,,,,,,,,,,,,,,,,,,,,,,,,,,,,,,,,,,700,3345,0,0.0,0.0,,Neutral
foreign,0.0,,,,,,,,,,,,,,,,,,,,,,,,,,,,,,,,,,,,,,,,,,,,,,122,2232,0,0.0,0.0,,Neutral
foreign intelligence,277.0,7.0,2.0,1.0,11.0,4.0,6.0,2.0,0.0,0.0,1.0,7.0,10.0,2.0,4.0,2.0,4.0,3.0,4.0,3.0,2.0,8.0,23.0,9.0,1.0,4.0,5.0,10.0,5.0,13.0,10.0,6.0,10.0,2.0,6.0,8.0,3.0,5.0,0.0,23.0,4.0,5.0,10.0,1.0,26.0,4.0,8,277,1,1.0,1.0,-40.0,Left
form and,0.0,,,,,,,,,,,,,,,,,,,,,,,,,,,,,,,,,,,,,,,,,,,,,,832,77,0,0.0,0.0,,Neutral
former,0.0,,,,,,,,,,,,,,,,,,,,,,,,,,,,,,,,,,,,,,,,,,,,,,74,3127,0,0.0,0.0,,Neutral
former United States,0.0,,,,,,,,,,,,,,,,,,,,,,,,,,,,,,,,,,,,,,,,,,,,,,503,198,0,0.0,0.0,,Neutral
founder,0.0,,,,,,,,,,,,,,,,,,,,,,,,,,,,,,,,,,,,,,,,,,,,,,129,815,0,0.0,0.0,,Neutral
founder Julian Assange,0.0,,,,,,,,,,,,,,,,,,,,,,,,,,,,,,,,,,,,,,,,,,,,,,68,270,1,0.0,0.0,,Neutral
free,0.0,,,,,,,,,,,,,,,,,,,,,,,,,,,,,,,,,,,,,,,,,,,,,,94,550,0,0.0,0.0,,Neutral
freedom,0.0,,,,,,,,,,,,,,,,,,,,,,,,,,,,,,,,,,,,,,,,,,,,,,49,493,1,1.0,0.0,,Neutral
friend,0.0,,,,,,,,,,,,,,,,,,,,,,,,,,,,,,,,,,,,,,,,,,,,,,247,328,0,0.0,0.0,,Neutral
friends,0.0,,,,,,,,,,,,,,,,,,,,,,,,,,,,,,,,,,,,,,,,,,,,,,206,392,0,0.0,0.0,,Neutral
from the,0.0,,,,,,,,,,,,,,,,,,,,,,,,,,,,,,,,,,,,,,,,,,,,,,902,2547,0,0.0,0.0,,Neutral
fundraising,0.0,,,,,,,,,,,,,,,,,,,,,,,,,,,,,,,,,,,,,,,,,,,,,,474,17,0,0.0,0.0,,Neutral
furlough,0.0,,,,,,,,,,,,,,,,,,,,,,,,,,,,,,,,,,,,,,,,,,,,,,569,13,0,0.0,0.0,,Neutral
further information,0.0,,,,,,,,,,,,,,,,,,,,,,,,,,,,,,,,,,,,,,,,,,,,,,921,81,0,0.0,0.0,,Neutral
gain,0.0,,,,,,,,,,,,,,,,,,,,,,,,,,,,,,,,,,,,,,,,,,,,,,387,228,0,0.0,0.0,,Neutral
gear,0.0,,,,,,,,,,,,,,,,,,,,,,,,,,,,,,,,,,,,,,,,,,,,,,430,92,0,0.0,0.0,,Neutral
get,0.0,,,,,,,,,,,,,,,,,,,,,,,,,,,,,,,,,,,,,,,,,,,,,,260,1245,0,0.0,0.0,,Neutral
giant,0.0,,,,,,,,,,,,,,,,,,,,,,,,,,,,,,,,,,,,,,,,,,,,,,492,338,0,0.0,0.0,,Neutral
given,0.0,,,,,,,,,,,,,,,,,,,,,,,,,,,,,,,,,,,,,,,,,,,,,,566,716,0,0.0,0.0,,Neutral
global,0.0,,,,,,,,,,,,,,,,,,,,,,,,,,,,,,,,,,,,,,,,,,,,,,297,715,0,0.0,0.0,,Neutral
going to,0.0,,,,,,,,,,,,,,,,,,,,,,,,,,,,,,,,,,,,,,,,,,,,,,764,668,0,0.0,0.0,,Neutral
good,0.0,,,,,,,,,,,,,,,,,,,,,,,,,,,,,,,,,,,,,,,,,,,,,,546,610,0,0.0,0.0,,Neutral
got,0.0,,,,,,,,,,,,,,,,,,,,,,,,,,,,,,,,,,,,,,,,,,,,,,553,568,0,0.0,0.0,,Neutral
government,0.0,,,,,,,,,,,,,,,,,,,,,,,,,,,,,,,,,,,,,,,,,,,,,,42,6585,1,1.0,0.0,,Neutral
government agencies,0.0,,,,,,,,,,,,,,,,,,,,,,,,,,,,,,,,,,,,,,,,,,,,,,423,144,0,0.0,0.0,,Neutral
governments,0.0,,,,,,,,,,,,,,,,,,,,,,,,,,,,,,,,,,,,,,,,,,,,,,394,1187,0,0.0,0.0,,Neutral
grand jury,0.0,,,,,,,,,,,,,,,,,,,,,,,,,,,,,,,,,,,,,,,,,,,,,,427,240,0,0.0,0.0,,Neutral
group,0.0,,,,,,,,,,,,,,,,,,,,,,,,,,,,,,,,,,,,,,,,,,,,,,498,733,0,0.0,0.0,,Neutral
growing,0.0,,,,,,,,,,,,,,,,,,,,,,,,,,,,,,,,,,,,,,,,,,,,,,158,248,0,0.0,0.0,,Neutral
guilty,0.0,,,,,,,,,,,,,,,,,,,,,,,,,,,,,,,,,,,,,,,,,,,,,,521,657,0,0.0,0.0,,Neutral
hack,519.0,14.0,5.0,5.0,9.0,5.0,6.0,1.0,9.0,17.0,2.0,8.0,7.0,15.0,28.0,7.0,2.0,7.0,25.0,0.0,3.0,1.0,19.0,13.0,0.0,23.0,5.0,12.0,2.0,21.0,17.0,20.0,5.0,0.0,4.0,6.0,3.0,14.0,8.0,9.0,33.0,7.0,20.0,3.0,75.0,5.0,9,519,1,1.0,1.0,-140.0,Left
hackers,697.0,33.0,0.0,20.0,5.0,1.0,17.0,18.0,13.0,6.0,0.0,25.0,19.0,11.0,11.0,1.0,4.0,7.0,31.0,0.0,16.0,1.0,32.0,9.0,4.0,11.0,3.0,16.0,1.0,26.0,18.0,38.0,9.0,11.0,9.0,3.0,2.0,12.0,10.0,1.0,16.0,16.0,9.0,9.0,169.0,10.0,10,697,1,1.0,1.0,-141.0,Left
hacking,968.0,47.0,6.0,15.0,5.0,11.0,8.0,13.0,7.0,24.0,3.0,14.0,19.0,25.0,33.0,18.0,12.0,12.0,53.0,0.0,16.0,2.0,32.0,26.0,2.0,33.0,10.0,25.0,13.0,39.0,36.0,34.0,11.0,1.0,18.0,14.0,4.0,20.0,19.0,7.0,26.0,23.0,1.0,4.0,208.0,12.0,11,968,1,1.0,1.0,-263.0,Left
hacking tools,0.0,,,,,,,,,,,,,,,,,,,,,,,,,,,,,,,,,,,,,,,,,,,,,,359,89,0,0.0,0.0,,Neutral
had a,0.0,,,,,,,,,,,,,,,,,,,,,,,,,,,,,,,,,,,,,,,,,,,,,,785,400,0,0.0,0.0,,Neutral
had been,0.0,,,,,,,,,,,,,,,,,,,,,,,,,,,,,,,,,,,,,,,,,,,,,,649,1407,0,0.0,0.0,,Neutral
had to,0.0,,,,,,,,,,,,,,,,,,,,,,,,,,,,,,,,,,,,,,,,,,,,,,962,243,0,0.0,0.0,,Neutral
hard,0.0,,,,,,,,,,,,,,,,,,,,,,,,,,,,,,,,,,,,,,,,,,,,,,544,428,0,0.0,0.0,,Neutral
has been,0.0,,,,,,,,,,,,,,,,,,,,,,,,,,,,,,,,,,,,,,,,,,,,,,642,2195,0,0.0,0.0,,Neutral
have been,0.0,,,,,,,,,,,,,,,,,,,,,,,,,,,,,,,,,,,,,,,,,,,,,,747,1590,0,0.0,0.0,,Neutral
have to,0.0,,,,,,,,,,,,,,,,,,,,,,,,,,,,,,,,,,,,,,,,,,,,,,967,489,0,0.0,0.0,,Neutral
he was,0.0,,,,,,,,,,,,,,,,,,,,,,,,,,,,,,,,,,,,,,,,,,,,,,673,2123,0,0.0,0.0,,Neutral
hearing,0.0,,,,,,,,,,,,,,,,,,,,,,,,,,,,,,,,,,,,,,,,,,,,,,126,863,0,0.0,0.0,,Neutral
held,0.0,,,,,,,,,,,,,,,,,,,,,,,,,,,,,,,,,,,,,,,,,,,,,,560,781,0,0.0,0.0,,Neutral
high,0.0,,,,,,,,,,,,,,,,,,,,,,,,,,,,,,,,,,,,,,,,,,,,,,437,905,0,0.0,0.0,,Neutral
high stakes,0.0,,,,,,,,,,,,,,,,,,,,,,,,,,,,,,,,,,,,,,,,,,,,,,991,20,0,0.0,0.0,,Neutral
history,0.0,,,,,,,,,,,,,,,,,,,,,,,,,,,,,,,,,,,,,,,,,,,,,,362,838,0,0.0,0.0,,Neutral
home,0.0,,,,,,,,,,,,,,,,,,,,,,,,,,,,,,,,,,,,,,,,,,,,,,367,675,0,0.0,0.0,,Neutral
host,0.0,,,,,,,,,,,,,,,,,,,,,,,,,,,,,,,,,,,,,,,,,,,,,,328,126,0,0.0,0.0,,Neutral
human,0.0,,,,,,,,,,,,,,,,,,,,,,,,,,,,,,,,,,,,,,,,,,,,,,204,749,0,0.0,0.0,,Neutral
human rights,0.0,,,,,,,,,,,,,,,,,,,,,,,,,,,,,,,,,,,,,,,,,,,,,,395,439,0,0.0,0.0,,Neutral
human source,0.0,,,,,,,,,,,,,,,,,,,,,,,,,,,,,,,,,,,,,,,,,,,,,,284,21,0,0.0,0.0,,Neutral
immediately,0.0,,,,,,,,,,,,,,,,,,,,,,,,,,,,,,,,,,,,,,,,,,,,,,198,389,0,0.0,0.0,,Neutral
in China,0.0,,,,,,,,,,,,,,,,,,,,,,,,,,,,,,,,,,,,,,,,,,,,,,771,493,0,0.0,0.0,,Neutral
in Houston,0.0,,,,,,,,,,,,,,,,,,,,,,,,,,,,,,,,,,,,,,,,,,,,,,709,109,0,0.0,0.0,,Neutral
in Iran,0.0,,,,,,,,,,,,,,,,,,,,,,,,,,,,,,,,,,,,,,,,,,,,,,823,298,0,0.0,0.0,,Neutral
in Israel,0.0,,,,,,,,,,,,,,,,,,,,,,,,,,,,,,,,,,,,,,,,,,,,,,828,104,0,0.0,0.0,,Neutral
in London,0.0,,,,,,,,,,,,,,,,,,,,,,,,,,,,,,,,,,,,,,,,,,,,,,694,614,0,0.0,0.0,,Neutral
in Moscow,0.0,,,,,,,,,,,,,,,,,,,,,,,,,,,,,,,,,,,,,,,,,,,,,,751,512,0,0.0,0.0,,Neutral
in Russia,0.0,,,,,,,,,,,,,,,,,,,,,,,,,,,,,,,,,,,,,,,,,,,,,,834,472,0,0.0,0.0,,Neutral
in a,0.0,,,,,,,,,,,,,,,,,,,,,,,,,,,,,,,,,,,,,,,,,,,,,,672,3174,0,0.0,0.0,,Neutral
in a statement,0.0,,,,,,,,,,,,,,,,,,,,,,,,,,,,,,,,,,,,,,,,,,,,,,735,450,0,0.0,0.0,,Neutral
in an,0.0,,,,,,,,,,,,,,,,,,,,,,,,,,,,,,,,,,,,,,,,,,,,,,968,783,0,0.0,0.0,,Neutral
in its final,0.0,,,,,,,,,,,,,,,,,,,,,,,,,,,,,,,,,,,,,,,,,,,,,,807,75,0,0.0,0.0,,Neutral
in prison,0.0,,,,,,,,,,,,,,,,,,,,,,,,,,,,,,,,,,,,,,,,,,,,,,721,704,0,0.0,0.0,,Neutral
in the,0.0,,,,,,,,,,,,,,,,,,,,,,,,,,,,,,,,,,,,,,,,,,,,,,627,10176,0,0.0,0.0,,Neutral
in the Bay,0.0,,,,,,,,,,,,,,,,,,,,,,,,,,,,,,,,,,,,,,,,,,,,,,811,18,0,0.0,0.0,,Neutral
in the UAE,0.0,,,,,,,,,,,,,,,,,,,,,,,,,,,,,,,,,,,,,,,,,,,,,,899,57,0,0.0,0.0,,Neutral
in the US,0.0,,,,,,,,,,,,,,,,,,,,,,,,,,,,,,,,,,,,,,,,,,,,,,677,408,0,0.0,0.0,,Neutral
in the United,0.0,,,,,,,,,,,,,,,,,,,,,,,,,,,,,,,,,,,,,,,,,,,,,,713,1107,0,0.0,0.0,,Neutral
including,0.0,,,,,,,,,,,,,,,,,,,,,,,,,,,,,,,,,,,,,,,,,,,,,,295,2028,0,0.0,0.0,,Neutral
indicted,0.0,,,,,,,,,,,,,,,,,,,,,,,,,,,,,,,,,,,,,,,,,,,,,,377,256,0,0.0,0.0,,Neutral
indicted the,0.0,,,,,,,,,,,,,,,,,,,,,,,,,,,,,,,,,,,,,,,,,,,,,,881,17,0,0.0,0.0,,Neutral
indictment,1294.0,42.0,8.0,29.0,3.0,1.0,10.0,19.0,20.0,26.0,16.0,41.0,53.0,80.0,102.0,4.0,18.0,19.0,29.0,0.0,2.0,1.0,27.0,28.0,12.0,27.0,29.0,21.0,18.0,28.0,66.0,36.0,24.0,6.0,20.0,28.0,0.0,34.0,42.0,36.0,43.0,48.0,2.0,23.0,139.0,32.0,12,1294,1,1.0,1.0,-288.0,Left
individuals,0.0,,,,,,,,,,,,,,,,,,,,,,,,,,,,,,,,,,,,,,,,,,,,,,570,397,0,0.0,0.0,,Neutral
influence,0.0,,,,,,,,,,,,,,,,,,,,,,,,,,,,,,,,,,,,,,,,,,,,,,141,488,0,0.0,0.0,,Neutral
informant,0.0,,,,,,,,,,,,,,,,,,,,,,,,,,,,,,,,,,,,,,,,,,,,,,426,128,0,0.0,0.0,,Neutral
information,0.0,,,,,,,,,,,,,,,,,,,,,,,,,,,,,,,,,,,,,,,,,,,,,,56,5314,1,0.0,0.0,,Neutral
inside,0.0,,,,,,,,,,,,,,,,,,,,,,,,,,,,,,,,,,,,,,,,,,,,,,232,568,0,0.0,0.0,,Neutral
intellectual property,0.0,,,,,,,,,,,,,,,,,,,,,,,,,,,,,,,,,,,,,,,,,,,,,,348,336,0,0.0,0.0,,Neutral
intelligence,0.0,,,,,,,,,,,,,,,,,,,,,,,,,,,,,,,,,,,,,,,,,,,,,,54,7267,1,0.0,0.0,,Neutral
intelligence agency,0.0,,,,,,,,,,,,,,,,,,,,,,,,,,,,,,,,,,,,,,,,,,,,,,582,282,0,0.0,0.0,,Neutral
intelligence and,0.0,,,,,,,,,,,,,,,,,,,,,,,,,,,,,,,,,,,,,,,,,,,,,,894,329,0,0.0,0.0,,Neutral
intelligence committee,0.0,,,,,,,,,,,,,,,,,,,,,,,,,,,,,,,,,,,,,,,,,,,,,,575,40,0,0.0,0.0,,Neutral
intelligence community,0.0,,,,,,,,,,,,,,,,,,,,,,,,,,,,,,,,,,,,,,,,,,,,,,342,486,0,0.0,0.0,,Neutral
intelligence official,0.0,,,,,,,,,,,,,,,,,,,,,,,,,,,,,,,,,,,,,,,,,,,,,,150,128,0,0.0,0.0,,Neutral
intelligence officials,0.0,,,,,,,,,,,,,,,,,,,,,,,,,,,,,,,,,,,,,,,,,,,,,,48,331,1,1.0,0.0,,Neutral
interest,0.0,,,,,,,,,,,,,,,,,,,,,,,,,,,,,,,,,,,,,,,,,,,,,,259,537,0,0.0,0.0,,Neutral
interested,0.0,,,,,,,,,,,,,,,,,,,,,,,,,,,,,,,,,,,,,,,,,,,,,,349,223,0,0.0,0.0,,Neutral
interference,0.0,,,,,,,,,,,,,,,,,,,,,,,,,,,,,,,,,,,,,,,,,,,,,,407,285,0,0.0,0.0,,Neutral
international,0.0,,,,,,,,,,,,,,,,,,,,,,,,,,,,,,,,,,,,,,,,,,,,,,341,755,0,0.0,0.0,,Neutral
internet,0.0,,,,,,,,,,,,,,,,,,,,,,,,,,,,,,,,,,,,,,,,,,,,,,444,325,0,0.0,0.0,,Neutral
into the,0.0,,,,,,,,,,,,,,,,,,,,,,,,,,,,,,,,,,,,,,,,,,,,,,989,834,0,0.0,0.0,,Neutral
investigation,1459.0,26.0,14.0,3.0,8.0,7.0,16.0,33.0,10.0,9.0,10.0,19.0,49.0,27.0,46.0,16.0,24.0,84.0,30.0,8.0,6.0,21.0,166.0,69.0,7.0,42.0,29.0,48.0,24.0,67.0,57.0,50.0,13.0,34.0,36.0,52.0,0.0,20.0,29.0,7.0,28.0,28.0,33.0,15.0,133.0,3.0,13,1459,1,1.0,1.0,42.0,Right
investments,0.0,,,,,,,,,,,,,,,,,,,,,,,,,,,,,,,,,,,,,,,,,,,,,,185,57,0,0.0,0.0,,Neutral
investments in,0.0,,,,,,,,,,,,,,,,,,,,,,,,,,,,,,,,,,,,,,,,,,,,,,926,29,0,0.0,0.0,,Neutral
investors,0.0,,,,,,,,,,,,,,,,,,,,,,,,,,,,,,,,,,,,,,,,,,,,,,221,77,0,0.0,0.0,,Neutral
is a,0.0,,,,,,,,,,,,,,,,,,,,,,,,,,,,,,,,,,,,,,,,,,,,,,871,1987,0,0.0,0.0,,Neutral
is available,0.0,,,,,,,,,,,,,,,,,,,,,,,,,,,,,,,,,,,,,,,,,,,,,,656,59,0,0.0,0.0,,Neutral
is more,0.0,,,,,,,,,,,,,,,,,,,,,,,,,,,,,,,,,,,,,,,,,,,,,,898,168,0,0.0,0.0,,Neutral
is more than,0.0,,,,,,,,,,,,,,,,,,,,,,,,,,,,,,,,,,,,,,,,,,,,,,720,97,0,0.0,0.0,,Neutral
is not,0.0,,,,,,,,,,,,,,,,,,,,,,,,,,,,,,,,,,,,,,,,,,,,,,736,1162,0,0.0,0.0,,Neutral
is now,0.0,,,,,,,,,,,,,,,,,,,,,,,,,,,,,,,,,,,,,,,,,,,,,,733,293,0,0.0,0.0,,Neutral
is one of,0.0,,,,,,,,,,,,,,,,,,,,,,,,,,,,,,,,,,,,,,,,,,,,,,652,150,0,0.0,0.0,,Neutral
is protected by,0.0,,,,,,,,,,,,,,,,,,,,,,,,,,,,,,,,,,,,,,,,,,,,,,636,118,0,0.0,0.0,,Neutral
is seen,0.0,,,,,,,,,,,,,,,,,,,,,,,,,,,,,,,,,,,,,,,,,,,,,,960,49,0,0.0,0.0,,Neutral
is that,0.0,,,,,,,,,,,,,,,,,,,,,,,,,,,,,,,,,,,,,,,,,,,,,,915,552,0,0.0,0.0,,Neutral
is the,0.0,,,,,,,,,,,,,,,,,,,,,,,,,,,,,,,,,,,,,,,,,,,,,,749,1193,0,0.0,0.0,,Neutral
it had,0.0,,,,,,,,,,,,,,,,,,,,,,,,,,,,,,,,,,,,,,,,,,,,,,969,319,0,0.0,0.0,,Neutral
it is,0.0,,,,,,,,,,,,,,,,,,,,,,,,,,,,,,,,,,,,,,,,,,,,,,727,1158,0,0.0,0.0,,Neutral
it was,0.0,,,,,,,,,,,,,,,,,,,,,,,,,,,,,,,,,,,,,,,,,,,,,,784,1362,0,0.0,0.0,,Neutral
it with,0.0,,,,,,,,,,,,,,,,,,,,,,,,,,,,,,,,,,,,,,,,,,,,,,801,111,0,0.0,0.0,,Neutral
its final form,0.0,,,,,,,,,,,,,,,,,,,,,,,,,,,,,,,,,,,,,,,,,,,,,,803,74,0,0.0,0.0,,Neutral
jail,0.0,,,,,,,,,,,,,,,,,,,,,,,,,,,,,,,,,,,,,,,,,,,,,,461,468,0,0.0,0.0,,Neutral
journalist,0.0,,,,,,,,,,,,,,,,,,,,,,,,,,,,,,,,,,,,,,,,,,,,,,124,862,0,0.0,0.0,,Neutral
journalists,0.0,,,,,,,,,,,,,,,,,,,,,,,,,,,,,,,,,,,,,,,,,,,,,,81,1246,0,0.0,0.0,,Neutral
judge,0.0,,,,,,,,,,,,,,,,,,,,,,,,,,,,,,,,,,,,,,,,,,,,,,551,548,0,0.0,0.0,,Neutral
kind of,0.0,,,,,,,,,,,,,,,,,,,,,,,,,,,,,,,,,,,,,,,,,,,,,,965,412,0,0.0,0.0,,Neutral
kit,0.0,,,,,,,,,,,,,,,,,,,,,,,,,,,,,,,,,,,,,,,,,,,,,,320,48,0,0.0,0.0,,Neutral
knew,0.0,,,,,,,,,,,,,,,,,,,,,,,,,,,,,,,,,,,,,,,,,,,,,,255,493,0,0.0,0.0,,Neutral
know,0.0,,,,,,,,,,,,,,,,,,,,,,,,,,,,,,,,,,,,,,,,,,,,,,71,2084,0,0.0,0.0,,Neutral
known,0.0,,,,,,,,,,,,,,,,,,,,,,,,,,,,,,,,,,,,,,,,,,,,,,261,955,0,0.0,0.0,,Neutral
large,0.0,,,,,,,,,,,,,,,,,,,,,,,,,,,,,,,,,,,,,,,,,,,,,,358,383,0,0.0,0.0,,Neutral
last,0.0,,,,,,,,,,,,,,,,,,,,,,,,,,,,,,,,,,,,,,,,,,,,,,197,1903,0,0.0,0.0,,Neutral
later,0.0,,,,,,,,,,,,,,,,,,,,,,,,,,,,,,,,,,,,,,,,,,,,,,273,1123,0,0.0,0.0,,Neutral
law,0.0,,,,,,,,,,,,,,,,,,,,,,,,,,,,,,,,,,,,,,,,,,,,,,287,1800,0,0.0,0.0,,Neutral
law enforcement,0.0,,,,,,,,,,,,,,,,,,,,,,,,,,,,,,,,,,,,,,,,,,,,,,345,477,0,0.0,0.0,,Neutral
laws,0.0,,,,,,,,,,,,,,,,,,,,,,,,,,,,,,,,,,,,,,,,,,,,,,562,383,0,0.0,0.0,,Neutral
lawyer,0.0,,,,,,,,,,,,,,,,,,,,,,,,,,,,,,,,,,,,,,,,,,,,,,136,733,0,0.0,0.0,,Neutral
lawyers,0.0,,,,,,,,,,,,,,,,,,,,,,,,,,,,,,,,,,,,,,,,,,,,,,164,639,0,0.0,0.0,,Neutral
leader,0.0,,,,,,,,,,,,,,,,,,,,,,,,,,,,,,,,,,,,,,,,,,,,,,564,334,0,0.0,0.0,,Neutral
leak,0.0,,,,,,,,,,,,,,,,,,,,,,,,,,,,,,,,,,,,,,,,,,,,,,406,357,0,0.0,0.0,,Neutral
leaked,0.0,,,,,,,,,,,,,,,,,,,,,,,,,,,,,,,,,,,,,,,,,,,,,,464,437,0,0.0,0.0,,Neutral
leaks,0.0,,,,,,,,,,,,,,,,,,,,,,,,,,,,,,,,,,,,,,,,,,,,,,340,349,0,0.0,0.0,,Neutral
left,0.0,,,,,,,,,,,,,,,,,,,,,,,,,,,,,,,,,,,,,,,,,,,,,,339,599,0,0.0,0.0,,Neutral
legal,0.0,,,,,,,,,,,,,,,,,,,,,,,,,,,,,,,,,,,,,,,,,,,,,,140,985,0,0.0,0.0,,Neutral
legal team,0.0,,,,,,,,,,,,,,,,,,,,,,,,,,,,,,,,,,,,,,,,,,,,,,603,150,0,0.0,0.0,,Neutral
legislation,0.0,,,,,,,,,,,,,,,,,,,,,,,,,,,,,,,,,,,,,,,,,,,,,,386,167,0,0.0,0.0,,Neutral
letter,0.0,,,,,,,,,,,,,,,,,,,,,,,,,,,,,,,,,,,,,,,,,,,,,,227,373,0,0.0,0.0,,Neutral
likely,0.0,,,,,,,,,,,,,,,,,,,,,,,,,,,,,,,,,,,,,,,,,,,,,,288,735,0,0.0,0.0,,Neutral
linked,0.0,,,,,,,,,,,,,,,,,,,,,,,,,,,,,,,,,,,,,,,,,,,,,,356,320,0,0.0,0.0,,Neutral
linked to,0.0,,,,,,,,,,,,,,,,,,,,,,,,,,,,,,,,,,,,,,,,,,,,,,947,199,0,0.0,0.0,,Neutral
list,0.0,,,,,,,,,,,,,,,,,,,,,,,,,,,,,,,,,,,,,,,,,,,,,,574,355,0,0.0,0.0,,Neutral
local,0.0,,,,,,,,,,,,,,,,,,,,,,,,,,,,,,,,,,,,,,,,,,,,,,73,298,0,0.0,0.0,,Neutral
logs,0.0,,,,,,,,,,,,,,,,,,,,,,,,,,,,,,,,,,,,,,,,,,,,,,353,107,0,0.0,0.0,,Neutral
long,0.0,,,,,,,,,,,,,,,,,,,,,,,,,,,,,,,,,,,,,,,,,,,,,,355,1197,0,0.0,0.0,,Neutral
machines,0.0,,,,,,,,,,,,,,,,,,,,,,,,,,,,,,,,,,,,,,,,,,,,,,454,182,0,0.0,0.0,,Neutral
made,0.0,,,,,,,,,,,,,,,,,,,,,,,,,,,,,,,,,,,,,,,,,,,,,,390,1820,0,0.0,0.0,,Neutral
major,0.0,,,,,,,,,,,,,,,,,,,,,,,,,,,,,,,,,,,,,,,,,,,,,,533,620,0,0.0,0.0,,Neutral
make,0.0,,,,,,,,,,,,,,,,,,,,,,,,,,,,,,,,,,,,,,,,,,,,,,364,1139,0,0.0,0.0,,Neutral
make it,0.0,,,,,,,,,,,,,,,,,,,,,,,,,,,,,,,,,,,,,,,,,,,,,,993,139,0,0.0,0.0,,Neutral
man,0.0,,,,,,,,,,,,,,,,,,,,,,,,,,,,,,,,,,,,,,,,,,,,,,506,637,0,0.0,0.0,,Neutral
market,0.0,,,,,,,,,,,,,,,,,,,,,,,,,,,,,,,,,,,,,,,,,,,,,,599,257,0,0.0,0.0,,Neutral
material,0.0,,,,,,,,,,,,,,,,,,,,,,,,,,,,,,,,,,,,,,,,,,,,,,314,642,0,0.0,0.0,,Neutral
materials,0.0,,,,,,,,,,,,,,,,,,,,,,,,,,,,,,,,,,,,,,,,,,,,,,480,201,0,0.0,0.0,,Neutral
matter,0.0,,,,,,,,,,,,,,,,,,,,,,,,,,,,,,,,,,,,,,,,,,,,,,378,577,0,0.0,0.0,,Neutral
maximum,0.0,,,,,,,,,,,,,,,,,,,,,,,,,,,,,,,,,,,,,,,,,,,,,,404,176,0,0.0,0.0,,Neutral
maximum sentence of,0.0,,,,,,,,,,,,,,,,,,,,,,,,,,,,,,,,,,,,,,,,,,,,,,783,52,0,0.0,0.0,,Neutral
mayor,0.0,,,,,,,,,,,,,,,,,,,,,,,,,,,,,,,,,,,,,,,,,,,,,,201,22,0,0.0,0.0,,Neutral
mean,0.0,,,,,,,,,,,,,,,,,,,,,,,,,,,,,,,,,,,,,,,,,,,,,,301,395,0,0.0,0.0,,Neutral
measures,0.0,,,,,,,,,,,,,,,,,,,,,,,,,,,,,,,,,,,,,,,,,,,,,,231,233,0,0.0,0.0,,Neutral
media,0.0,,,,,,,,,,,,,,,,,,,,,,,,,,,,,,,,,,,,,,,,,,,,,,100,1735,0,0.0,0.0,,Neutral
medical,0.0,,,,,,,,,,,,,,,,,,,,,,,,,,,,,,,,,,,,,,,,,,,,,,572,246,0,0.0,0.0,,Neutral
meet,0.0,,,,,,,,,,,,,,,,,,,,,,,,,,,,,,,,,,,,,,,,,,,,,,313,351,0,0.0,0.0,,Neutral
meeting,0.0,,,,,,,,,,,,,,,,,,,,,,,,,,,,,,,,,,,,,,,,,,,,,,605,597,0,0.0,0.0,,Neutral
meetings,0.0,,,,,,,,,,,,,,,,,,,,,,,,,,,,,,,,,,,,,,,,,,,,,,415,241,0,0.0,0.0,,Neutral
member,0.0,,,,,,,,,,,,,,,,,,,,,,,,,,,,,,,,,,,,,,,,,,,,,,93,487,0,0.0,0.0,,Neutral
member of,0.0,,,,,,,,,,,,,,,,,,,,,,,,,,,,,,,,,,,,,,,,,,,,,,863,317,0,0.0,0.0,,Neutral
members,0.0,,,,,,,,,,,,,,,,,,,,,,,,,,,,,,,,,,,,,,,,,,,,,,302,726,0,0.0,0.0,,Neutral
members of,0.0,,,,,,,,,,,,,,,,,,,,,,,,,,,,,,,,,,,,,,,,,,,,,,951,467,0,0.0,0.0,,Neutral
memo,0.0,,,,,,,,,,,,,,,,,,,,,,,,,,,,,,,,,,,,,,,,,,,,,,181,339,0,0.0,0.0,,Neutral
messages,0.0,,,,,,,,,,,,,,,,,,,,,,,,,,,,,,,,,,,,,,,,,,,,,,277,381,0,0.0,0.0,,Neutral
might,0.0,,,,,,,,,,,,,,,,,,,,,,,,,,,,,,,,,,,,,,,,,,,,,,278,946,0,0.0,0.0,,Neutral
military,0.0,,,,,,,,,,,,,,,,,,,,,,,,,,,,,,,,,,,,,,,,,,,,,,59,2141,1,0.0,0.0,,Neutral
military documents,46.0,0.0,0.0,16.0,0.0,0.0,0.0,0.0,0.0,2.0,0.0,0.0,0.0,0.0,0.0,0.0,0.0,0.0,5.0,0.0,0.0,0.0,2.0,0.0,0.0,0.0,0.0,0.0,0.0,4.0,2.0,0.0,0.0,0.0,1.0,0.0,0.0,4.0,0.0,0.0,0.0,2.0,0.0,4.0,4.0,0.0,16,46,1,1.0,1.0,-5.0,Left
military intelligence,296.0,2.0,1.0,1.0,5.0,0.0,6.0,2.0,0.0,3.0,0.0,3.0,5.0,4.0,2.0,2.0,3.0,2.0,6.0,0.0,0.0,0.0,12.0,12.0,0.0,8.0,44.0,85.0,0.0,10.0,6.0,1.0,9.0,1.0,2.0,2.0,0.0,8.0,1.0,3.0,4.0,5.0,18.0,0.0,16.0,2.0,17,296,1,1.0,1.0,-44.0,Left
million,0.0,,,,,,,,,,,,,,,,,,,,,,,,,,,,,,,,,,,,,,,,,,,,,,421,560,0,0.0,0.0,,Neutral
minister,0.0,,,,,,,,,,,,,,,,,,,,,,,,,,,,,,,,,,,,,,,,,,,,,,457,340,0,0.0,0.0,,Neutral
ministry,0.0,,,,,,,,,,,,,,,,,,,,,,,,,,,,,,,,,,,,,,,,,,,,,,323,274,0,0.0,0.0,,Neutral
misuse,0.0,,,,,,,,,,,,,,,,,,,,,,,,,,,,,,,,,,,,,,,,,,,,,,318,73,0,0.0,0.0,,Neutral
mobile,0.0,,,,,,,,,,,,,,,,,,,,,,,,,,,,,,,,,,,,,,,,,,,,,,563,289,0,0.0,0.0,,Neutral
month,0.0,,,,,,,,,,,,,,,,,,,,,,,,,,,,,,,,,,,,,,,,,,,,,,536,807,0,0.0,0.0,,Neutral
months,0.0,,,,,,,,,,,,,,,,,,,,,,,,,,,,,,,,,,,,,,,,,,,,,,220,980,0,0.0,0.0,,Neutral
more than,0.0,,,,,,,,,,,,,,,,,,,,,,,,,,,,,,,,,,,,,,,,,,,,,,958,998,0,0.0,0.0,,Neutral
move,0.0,,,,,,,,,,,,,,,,,,,,,,,,,,,,,,,,,,,,,,,,,,,,,,472,408,0,0.0,0.0,,Neutral
moves,0.0,,,,,,,,,,,,,,,,,,,,,,,,,,,,,,,,,,,,,,,,,,,,,,449,80,0,0.0,0.0,,Neutral
much,0.0,,,,,,,,,,,,,,,,,,,,,,,,,,,,,,,,,,,,,,,,,,,,,,219,1142,0,0.0,0.0,,Neutral
multiple,0.0,,,,,,,,,,,,,,,,,,,,,,,,,,,,,,,,,,,,,,,,,,,,,,466,302,0,0.0,0.0,,Neutral
must,0.0,,,,,,,,,,,,,,,,,,,,,,,,,,,,,,,,,,,,,,,,,,,,,,523,605,0,0.0,0.0,,Neutral
name,0.0,,,,,,,,,,,,,,,,,,,,,,,,,,,,,,,,,,,,,,,,,,,,,,351,649,0,0.0,0.0,,Neutral
national,0.0,,,,,,,,,,,,,,,,,,,,,,,,,,,,,,,,,,,,,,,,,,,,,,96,2169,0,0.0,0.0,,Neutral
national security,1431.0,30.0,13.0,8.0,11.0,4.0,31.0,9.0,3.0,13.0,0.0,44.0,59.0,28.0,32.0,28.0,36.0,47.0,72.0,8.0,12.0,10.0,108.0,62.0,9.0,20.0,24.0,26.0,17.0,71.0,97.0,31.0,22.0,11.0,40.0,16.0,6.0,30.0,15.0,30.0,34.0,31.0,10.0,27.0,180.0,5.0,18,1431,1,1.0,1.0,-261.0,Left
need,0.0,,,,,,,,,,,,,,,,,,,,,,,,,,,,,,,,,,,,,,,,,,,,,,520,608,0,0.0,0.0,,Neutral
network,0.0,,,,,,,,,,,,,,,,,,,,,,,,,,,,,,,,,,,,,,,,,,,,,,241,828,0,0.0,0.0,,Neutral
networks,0.0,,,,,,,,,,,,,,,,,,,,,,,,,,,,,,,,,,,,,,,,,,,,,,44,782,1,1.0,0.0,,Neutral
never,0.0,,,,,,,,,,,,,,,,,,,,,,,,,,,,,,,,,,,,,,,,,,,,,,280,1136,0,0.0,0.0,,Neutral
news from,0.0,,,,,,,,,,,,,,,,,,,,,,,,,,,,,,,,,,,,,,,,,,,,,,981,105,0,0.0,0.0,,Neutral
night,0.0,,,,,,,,,,,,,,,,,,,,,,,,,,,,,,,,,,,,,,,,,,,,,,383,221,0,0.0,0.0,,Neutral
not be in,0.0,,,,,,,,,,,,,,,,,,,,,,,,,,,,,,,,,,,,,,,,,,,,,,846,79,0,0.0,0.0,,Neutral
not immediately,0.0,,,,,,,,,,,,,,,,,,,,,,,,,,,,,,,,,,,,,,,,,,,,,,922,96,0,0.0,0.0,,Neutral
noted,0.0,,,,,,,,,,,,,,,,,,,,,,,,,,,,,,,,,,,,,,,,,,,,,,279,388,0,0.0,0.0,,Neutral
nuclear,0.0,,,,,,,,,,,,,,,,,,,,,,,,,,,,,,,,,,,,,,,,,,,,,,98,536,0,0.0,0.0,,Neutral
numerous,0.0,,,,,,,,,,,,,,,,,,,,,,,,,,,,,,,,,,,,,,,,,,,,,,432,181,0,0.0,0.0,,Neutral
of Americas,0.0,,,,,,,,,,,,,,,,,,,,,,,,,,,,,,,,,,,,,,,,,,,,,,683,46,0,0.0,0.0,,Neutral
of Assange,0.0,,,,,,,,,,,,,,,,,,,,,,,,,,,,,,,,,,,,,,,,,,,,,,646,258,0,0.0,0.0,,Neutral
of Chinese,0.0,,,,,,,,,,,,,,,,,,,,,,,,,,,,,,,,,,,,,,,,,,,,,,725,270,0,0.0,0.0,,Neutral
of Congress,0.0,,,,,,,,,,,,,,,,,,,,,,,,,,,,,,,,,,,,,,,,,,,,,,659,115,0,0.0,0.0,,Neutral
of Israeli,0.0,,,,,,,,,,,,,,,,,,,,,,,,,,,,,,,,,,,,,,,,,,,,,,842,84,0,0.0,0.0,,Neutral
of July,0.0,,,,,,,,,,,,,,,,,,,,,,,,,,,,,,,,,,,,,,,,,,,,,,927,16,0,0.0,0.0,,Neutral
of National Intelligence,0.0,,,,,,,,,,,,,,,,,,,,,,,,,,,,,,,,,,,,,,,,,,,,,,941,141,0,0.0,0.0,,Neutral
of a,0.0,,,,,,,,,,,,,,,,,,,,,,,,,,,,,,,,,,,,,,,,,,,,,,770,2429,0,0.0,0.0,,Neutral
of espionage,0.0,,,,,,,,,,,,,,,,,,,,,,,,,,,,,,,,,,,,,,,,,,,,,,848,489,0,0.0,0.0,,Neutral
of its,0.0,,,,,,,,,,,,,,,,,,,,,,,,,,,,,,,,,,,,,,,,,,,,,,745,656,0,0.0,0.0,,Neutral
of our,0.0,,,,,,,,,,,,,,,,,,,,,,,,,,,,,,,,,,,,,,,,,,,,,,766,422,0,0.0,0.0,,Neutral
of secret,0.0,,,,,,,,,,,,,,,,,,,,,,,,,,,,,,,,,,,,,,,,,,,,,,702,110,0,0.0,0.0,,Neutral
of spying,0.0,,,,,,,,,,,,,,,,,,,,,,,,,,,,,,,,,,,,,,,,,,,,,,814,479,0,0.0,0.0,,Neutral
of the Chinese,0.0,,,,,,,,,,,,,,,,,,,,,,,,,,,,,,,,,,,,,,,,,,,,,,815,239,0,0.0,0.0,,Neutral
of the US,0.0,,,,,,,,,,,,,,,,,,,,,,,,,,,,,,,,,,,,,,,,,,,,,,970,195,0,0.0,0.0,,Neutral
of this,0.0,,,,,,,,,,,,,,,,,,,,,,,,,,,,,,,,,,,,,,,,,,,,,,796,654,0,0.0,0.0,,Neutral
of use,0.0,,,,,,,,,,,,,,,,,,,,,,,,,,,,,,,,,,,,,,,,,,,,,,798,78,0,0.0,0.0,,Neutral
of war,0.0,,,,,,,,,,,,,,,,,,,,,,,,,,,,,,,,,,,,,,,,,,,,,,885,71,0,0.0,0.0,,Neutral
of years,0.0,,,,,,,,,,,,,,,,,,,,,,,,,,,,,,,,,,,,,,,,,,,,,,799,121,0,0.0,0.0,,Neutral
of years in,0.0,,,,,,,,,,,,,,,,,,,,,,,,,,,,,,,,,,,,,,,,,,,,,,762,41,0,0.0,0.0,,Neutral
off in,0.0,,,,,,,,,,,,,,,,,,,,,,,,,,,,,,,,,,,,,,,,,,,,,,880,26,0,0.0,0.0,,Neutral
off with,0.0,,,,,,,,,,,,,,,,,,,,,,,,,,,,,,,,,,,,,,,,,,,,,,982,26,0,0.0,0.0,,Neutral
offences,0.0,,,,,,,,,,,,,,,,,,,,,,,,,,,,,,,,,,,,,,,,,,,,,,380,63,0,0.0,0.0,,Neutral
office,0.0,,,,,,,,,,,,,,,,,,,,,,,,,,,,,,,,,,,,,,,,,,,,,,154,661,0,0.0,0.0,,Neutral
officer,0.0,,,,,,,,,,,,,,,,,,,,,,,,,,,,,,,,,,,,,,,,,,,,,,384,935,0,0.0,0.0,,Neutral
officers,0.0,,,,,,,,,,,,,,,,,,,,,,,,,,,,,,,,,,,,,,,,,,,,,,275,639,0,0.0,0.0,,Neutral
official,0.0,,,,,,,,,,,,,,,,,,,,,,,,,,,,,,,,,,,,,,,,,,,,,,84,1282,0,0.0,0.0,,Neutral
officials,0.0,,,,,,,,,,,,,,,,,,,,,,,,,,,,,,,,,,,,,,,,,,,,,,70,2935,0,0.0,0.0,,Neutral
officials believe,0.0,,,,,,,,,,,,,,,,,,,,,,,,,,,,,,,,,,,,,,,,,,,,,,211,32,0,0.0,0.0,,Neutral
old,0.0,,,,,,,,,,,,,,,,,,,,,,,,,,,,,,,,,,,,,,,,,,,,,,243,610,0,0.0,0.0,,Neutral
on Friday,0.0,,,,,,,,,,,,,,,,,,,,,,,,,,,,,,,,,,,,,,,,,,,,,,777,261,0,0.0,0.0,,Neutral
on Intelligence,0.0,,,,,,,,,,,,,,,,,,,,,,,,,,,,,,,,,,,,,,,,,,,,,,739,57,0,0.0,0.0,,Neutral
on Monday,0.0,,,,,,,,,,,,,,,,,,,,,,,,,,,,,,,,,,,,,,,,,,,,,,741,308,0,0.0,0.0,,Neutral
on Thursday,0.0,,,,,,,,,,,,,,,,,,,,,,,,,,,,,,,,,,,,,,,,,,,,,,772,351,0,0.0,0.0,,Neutral
on Tuesday,0.0,,,,,,,,,,,,,,,,,,,,,,,,,,,,,,,,,,,,,,,,,,,,,,740,335,0,0.0,0.0,,Neutral
on Twitter,0.0,,,,,,,,,,,,,,,,,,,,,,,,,,,,,,,,,,,,,,,,,,,,,,874,256,0,0.0,0.0,,Neutral
on Wednesday,0.0,,,,,,,,,,,,,,,,,,,,,,,,,,,,,,,,,,,,,,,,,,,,,,748,291,0,0.0,0.0,,Neutral
on the,0.0,,,,,,,,,,,,,,,,,,,,,,,,,,,,,,,,,,,,,,,,,,,,,,658,3699,0,0.0,0.0,,Neutral
on the House,0.0,,,,,,,,,,,,,,,,,,,,,,,,,,,,,,,,,,,,,,,,,,,,,,821,54,0,0.0,0.0,,Neutral
one,0.0,,,,,,,,,,,,,,,,,,,,,,,,,,,,,,,,,,,,,,,,,,,,,,101,3565,0,0.0,0.0,,Neutral
one former,0.0,,,,,,,,,,,,,,,,,,,,,,,,,,,,,,,,,,,,,,,,,,,,,,985,23,0,0.0,0.0,,Neutral
one of,0.0,,,,,,,,,,,,,,,,,,,,,,,,,,,,,,,,,,,,,,,,,,,,,,664,1364,0,0.0,0.0,,Neutral
one of Americas,0.0,,,,,,,,,,,,,,,,,,,,,,,,,,,,,,,,,,,,,,,,,,,,,,689,21,0,0.0,0.0,,Neutral
one of the,0.0,,,,,,,,,,,,,,,,,,,,,,,,,,,,,,,,,,,,,,,,,,,,,,857,761,0,0.0,0.0,,Neutral
operation,0.0,,,,,,,,,,,,,,,,,,,,,,,,,,,,,,,,,,,,,,,,,,,,,,216,849,0,0.0,0.0,,Neutral
operations,0.0,,,,,,,,,,,,,,,,,,,,,,,,,,,,,,,,,,,,,,,,,,,,,,155,900,0,0.0,0.0,,Neutral
operative,0.0,,,,,,,,,,,,,,,,,,,,,,,,,,,,,,,,,,,,,,,,,,,,,,117,162,0,0.0,0.0,,Neutral
operatives,0.0,,,,,,,,,,,,,,,,,,,,,,,,,,,,,,,,,,,,,,,,,,,,,,516,263,0,0.0,0.0,,Neutral
operators,0.0,,,,,,,,,,,,,,,,,,,,,,,,,,,,,,,,,,,,,,,,,,,,,,548,75,0,0.0,0.0,,Neutral
opinion,0.0,,,,,,,,,,,,,,,,,,,,,,,,,,,,,,,,,,,,,,,,,,,,,,142,145,0,0.0,0.0,,Neutral
opinion and,0.0,,,,,,,,,,,,,,,,,,,,,,,,,,,,,,,,,,,,,,,,,,,,,,685,23,0,0.0,0.0,,Neutral
opportunities,0.0,,,,,,,,,,,,,,,,,,,,,,,,,,,,,,,,,,,,,,,,,,,,,,195,109,0,0.0,0.0,,Neutral
order,0.0,,,,,,,,,,,,,,,,,,,,,,,,,,,,,,,,,,,,,,,,,,,,,,488,690,0,0.0,0.0,,Neutral
ordered,0.0,,,,,,,,,,,,,,,,,,,,,,,,,,,,,,,,,,,,,,,,,,,,,,541,332,0,0.0,0.0,,Neutral
original,0.0,,,,,,,,,,,,,,,,,,,,,,,,,,,,,,,,,,,,,,,,,,,,,,202,194,0,0.0,0.0,,Neutral
others,0.0,,,,,,,,,,,,,,,,,,,,,,,,,,,,,,,,,,,,,,,,,,,,,,293,595,0,0.0,0.0,,Neutral
outside,0.0,,,,,,,,,,,,,,,,,,,,,,,,,,,,,,,,,,,,,,,,,,,,,,568,508,0,0.0,0.0,,Neutral
over the,0.0,,,,,,,,,,,,,,,,,,,,,,,,,,,,,,,,,,,,,,,,,,,,,,943,769,0,0.0,0.0,,Neutral
pandemic,0.0,,,,,,,,,,,,,,,,,,,,,,,,,,,,,,,,,,,,,,,,,,,,,,190,168,0,0.0,0.0,,Neutral
papers,0.0,,,,,,,,,,,,,,,,,,,,,,,,,,,,,,,,,,,,,,,,,,,,,,441,198,0,0.0,0.0,,Neutral
parliament,0.0,,,,,,,,,,,,,,,,,,,,,,,,,,,,,,,,,,,,,,,,,,,,,,600,101,0,0.0,0.0,,Neutral
party,0.0,,,,,,,,,,,,,,,,,,,,,,,,,,,,,,,,,,,,,,,,,,,,,,310,332,0,0.0,0.0,,Neutral
password,0.0,,,,,,,,,,,,,,,,,,,,,,,,,,,,,,,,,,,,,,,,,,,,,,347,248,0,0.0,0.0,,Neutral
person,0.0,,,,,,,,,,,,,,,,,,,,,,,,,,,,,,,,,,,,,,,,,,,,,,455,679,0,0.0,0.0,,Neutral
phone,0.0,,,,,,,,,,,,,,,,,,,,,,,,,,,,,,,,,,,,,,,,,,,,,,251,894,0,0.0,0.0,,Neutral
photo,0.0,,,,,,,,,,,,,,,,,,,,,,,,,,,,,,,,,,,,,,,,,,,,,,361,128,0,0.0,0.0,,Neutral
picture,0.0,,,,,,,,,,,,,,,,,,,,,,,,,,,,,,,,,,,,,,,,,,,,,,431,109,0,0.0,0.0,,Neutral
platforms,0.0,,,,,,,,,,,,,,,,,,,,,,,,,,,,,,,,,,,,,,,,,,,,,,511,95,0,0.0,0.0,,Neutral
plea,0.0,,,,,,,,,,,,,,,,,,,,,,,,,,,,,,,,,,,,,,,,,,,,,,532,205,0,0.0,0.0,,Neutral
point,0.0,,,,,,,,,,,,,,,,,,,,,,,,,,,,,,,,,,,,,,,,,,,,,,611,600,0,0.0,0.0,,Neutral
police,0.0,,,,,,,,,,,,,,,,,,,,,,,,,,,,,,,,,,,,,,,,,,,,,,95,804,0,0.0,0.0,,Neutral
political,0.0,,,,,,,,,,,,,,,,,,,,,,,,,,,,,,,,,,,,,,,,,,,,,,55,1941,1,0.0,0.0,,Neutral
political circles,0.0,,,,,,,,,,,,,,,,,,,,,,,,,,,,,,,,,,,,,,,,,,,,,,296,21,0,0.0,0.0,,Neutral
political intelligence,0.0,,,,,,,,,,,,,,,,,,,,,,,,,,,,,,,,,,,,,,,,,,,,,,419,16,0,0.0,0.0,,Neutral
political operative,23.0,0.0,0.0,0.0,0.0,9.0,0.0,0.0,0.0,0.0,1.0,0.0,0.0,0.0,0.0,0.0,0.0,0.0,0.0,0.0,0.0,0.0,3.0,3.0,0.0,0.0,2.0,2.0,0.0,0.0,1.0,0.0,0.0,0.0,0.0,0.0,0.0,0.0,0.0,0.0,0.0,0.0,0.0,0.0,2.0,0.0,20,23,1,1.0,1.0,-2.0,Left
politician,0.0,,,,,,,,,,,,,,,,,,,,,,,,,,,,,,,,,,,,,,,,,,,,,,471,68,0,0.0,0.0,,Neutral
politicians,0.0,,,,,,,,,,,,,,,,,,,,,,,,,,,,,,,,,,,,,,,,,,,,,,106,230,0,0.0,0.0,,Neutral
politicians including,0.0,,,,,,,,,,,,,,,,,,,,,,,,,,,,,,,,,,,,,,,,,,,,,,606,16,0,0.0,0.0,,Neutral
power,0.0,,,,,,,,,,,,,,,,,,,,,,,,,,,,,,,,,,,,,,,,,,,,,,291,709,0,0.0,0.0,,Neutral
powerful,0.0,,,,,,,,,,,,,,,,,,,,,,,,,,,,,,,,,,,,,,,,,,,,,,584,262,0,0.0,0.0,,Neutral
president,0.0,,,,,,,,,,,,,,,,,,,,,,,,,,,,,,,,,,,,,,,,,,,,,,199,1007,0,0.0,0.0,,Neutral
press,0.0,,,,,,,,,,,,,,,,,,,,,,,,,,,,,,,,,,,,,,,,,,,,,,115,1029,0,0.0,0.0,,Neutral
press freedom,0.0,,,,,,,,,,,,,,,,,,,,,,,,,,,,,,,,,,,,,,,,,,,,,,539,183,0,0.0,0.0,,Neutral
previously,0.0,,,,,,,,,,,,,,,,,,,,,,,,,,,,,,,,,,,,,,,,,,,,,,298,420,0,0.0,0.0,,Neutral
prison,0.0,,,,,,,,,,,,,,,,,,,,,,,,,,,,,,,,,,,,,,,,,,,,,,111,1572,0,0.0,0.0,,Neutral
prisoner,0.0,,,,,,,,,,,,,,,,,,,,,,,,,,,,,,,,,,,,,,,,,,,,,,305,179,0,0.0,0.0,,Neutral
prisoners,0.0,,,,,,,,,,,,,,,,,,,,,,,,,,,,,,,,,,,,,,,,,,,,,,583,167,0,0.0,0.0,,Neutral
privacy,0.0,,,,,,,,,,,,,,,,,,,,,,,,,,,,,,,,,,,,,,,,,,,,,,526,363,0,0.0,0.0,,Neutral
private,0.0,,,,,,,,,,,,,,,,,,,,,,,,,,,,,,,,,,,,,,,,,,,,,,414,825,0,0.0,0.0,,Neutral
probe,0.0,,,,,,,,,,,,,,,,,,,,,,,,,,,,,,,,,,,,,,,,,,,,,,481,194,0,0.0,0.0,,Neutral
procedures,0.0,,,,,,,,,,,,,,,,,,,,,,,,,,,,,,,,,,,,,,,,,,,,,,370,70,0,0.0,0.0,,Neutral
products,0.0,,,,,,,,,,,,,,,,,,,,,,,,,,,,,,,,,,,,,,,,,,,,,,99,479,0,0.0,0.0,,Neutral
program,0.0,,,,,,,,,,,,,,,,,,,,,,,,,,,,,,,,,,,,,,,,,,,,,,267,793,0,0.0,0.0,,Neutral
prosecution,0.0,,,,,,,,,,,,,,,,,,,,,,,,,,,,,,,,,,,,,,,,,,,,,,112,565,0,0.0,0.0,,Neutral
prosecution of,0.0,,,,,,,,,,,,,,,,,,,,,,,,,,,,,,,,,,,,,,,,,,,,,,886,119,0,0.0,0.0,,Neutral
prosecutors,0.0,,,,,,,,,,,,,,,,,,,,,,,,,,,,,,,,,,,,,,,,,,,,,,107,899,0,0.0,0.0,,Neutral
prosecutors have,0.0,,,,,,,,,,,,,,,,,,,,,,,,,,,,,,,,,,,,,,,,,,,,,,816,61,0,0.0,0.0,,Neutral
protests,0.0,,,,,,,,,,,,,,,,,,,,,,,,,,,,,,,,,,,,,,,,,,,,,,512,121,0,0.0,0.0,,Neutral
provide,0.0,,,,,,,,,,,,,,,,,,,,,,,,,,,,,,,,,,,,,,,,,,,,,,242,703,0,0.0,0.0,,Neutral
provide a,0.0,,,,,,,,,,,,,,,,,,,,,,,,,,,,,,,,,,,,,,,,,,,,,,671,94,0,0.0,0.0,,Neutral
provided,0.0,,,,,,,,,,,,,,,,,,,,,,,,,,,,,,,,,,,,,,,,,,,,,,490,657,0,0.0,0.0,,Neutral
public,0.0,,,,,,,,,,,,,,,,,,,,,,,,,,,,,,,,,,,,,,,,,,,,,,123,1941,0,0.0,0.0,,Neutral
public interest,152.0,5.0,2.0,1.0,0.0,0.0,0.0,3.0,0.0,1.0,8.0,2.0,2.0,26.0,6.0,18.0,18.0,0.0,7.0,0.0,1.0,0.0,2.0,6.0,0.0,3.0,5.0,3.0,0.0,2.0,3.0,0.0,0.0,0.0,2.0,1.0,0.0,2.0,4.0,6.0,0.0,3.0,0.0,2.0,8.0,0.0,21,152,1,1.0,1.0,-66.0,Left
publication,0.0,,,,,,,,,,,,,,,,,,,,,,,,,,,,,,,,,,,,,,,,,,,,,,183,433,0,0.0,0.0,,Neutral
publication of,0.0,,,,,,,,,,,,,,,,,,,,,,,,,,,,,,,,,,,,,,,,,,,,,,723,267,0,0.0,0.0,,Neutral
published,0.0,,,,,,,,,,,,,,,,,,,,,,,,,,,,,,,,,,,,,,,,,,,,,,483,830,0,0.0,0.0,,Neutral
publishing,0.0,,,,,,,,,,,,,,,,,,,,,,,,,,,,,,,,,,,,,,,,,,,,,,139,555,0,0.0,0.0,,Neutral
question,0.0,,,,,,,,,,,,,,,,,,,,,,,,,,,,,,,,,,,,,,,,,,,,,,581,556,0,0.0,0.0,,Neutral
raid,0.0,,,,,,,,,,,,,,,,,,,,,,,,,,,,,,,,,,,,,,,,,,,,,,593,101,0,0.0,0.0,,Neutral
real,0.0,,,,,,,,,,,,,,,,,,,,,,,,,,,,,,,,,,,,,,,,,,,,,,422,508,0,0.0,0.0,,Neutral
really,0.0,,,,,,,,,,,,,,,,,,,,,,,,,,,,,,,,,,,,,,,,,,,,,,192,775,0,0.0,0.0,,Neutral
recent,0.0,,,,,,,,,,,,,,,,,,,,,,,,,,,,,,,,,,,,,,,,,,,,,,448,684,0,0.0,0.0,,Neutral
recognition,0.0,,,,,,,,,,,,,,,,,,,,,,,,,,,,,,,,,,,,,,,,,,,,,,86,119,0,0.0,0.0,,Neutral
record,0.0,,,,,,,,,,,,,,,,,,,,,,,,,,,,,,,,,,,,,,,,,,,,,,274,390,0,0.0,0.0,,Neutral
records,0.0,,,,,,,,,,,,,,,,,,,,,,,,,,,,,,,,,,,,,,,,,,,,,,346,419,0,0.0,0.0,,Neutral
referendum,0.0,,,,,,,,,,,,,,,,,,,,,,,,,,,,,,,,,,,,,,,,,,,,,,596,26,0,0.0,0.0,,Neutral
relations,0.0,,,,,,,,,,,,,,,,,,,,,,,,,,,,,,,,,,,,,,,,,,,,,,549,411,0,0.0,0.0,,Neutral
relationship,0.0,,,,,,,,,,,,,,,,,,,,,,,,,,,,,,,,,,,,,,,,,,,,,,82,655,0,0.0,0.0,,Neutral
relationship with,0.0,,,,,,,,,,,,,,,,,,,,,,,,,,,,,,,,,,,,,,,,,,,,,,621,318,0,0.0,0.0,,Neutral
relationship with a,0.0,,,,,,,,,,,,,,,,,,,,,,,,,,,,,,,,,,,,,,,,,,,,,,934,23,0,0.0,0.0,,Neutral
relationships,0.0,,,,,,,,,,,,,,,,,,,,,,,,,,,,,,,,,,,,,,,,,,,,,,228,103,0,0.0,0.0,,Neutral
release,0.0,,,,,,,,,,,,,,,,,,,,,,,,,,,,,,,,,,,,,,,,,,,,,,263,914,0,0.0,0.0,,Neutral
released,0.0,,,,,,,,,,,,,,,,,,,,,,,,,,,,,,,,,,,,,,,,,,,,,,326,868,0,0.0,0.0,,Neutral
remains,0.0,,,,,,,,,,,,,,,,,,,,,,,,,,,,,,,,,,,,,,,,,,,,,,561,300,0,0.0,0.0,,Neutral
removed,0.0,,,,,,,,,,,,,,,,,,,,,,,,,,,,,,,,,,,,,,,,,,,,,,493,161,0,0.0,0.0,,Neutral
removed from,0.0,,,,,,,,,,,,,,,,,,,,,,,,,,,,,,,,,,,,,,,,,,,,,,919,69,0,0.0,0.0,,Neutral
report,0.0,,,,,,,,,,,,,,,,,,,,,,,,,,,,,,,,,,,,,,,,,,,,,,102,2104,0,0.0,0.0,,Neutral
request,0.0,,,,,,,,,,,,,,,,,,,,,,,,,,,,,,,,,,,,,,,,,,,,,,205,668,0,0.0,0.0,,Neutral
requests,0.0,,,,,,,,,,,,,,,,,,,,,,,,,,,,,,,,,,,,,,,,,,,,,,336,329,0,0.0,0.0,,Neutral
research,0.0,,,,,,,,,,,,,,,,,,,,,,,,,,,,,,,,,,,,,,,,,,,,,,125,640,0,0.0,0.0,,Neutral
researchers,0.0,,,,,,,,,,,,,,,,,,,,,,,,,,,,,,,,,,,,,,,,,,,,,,497,241,0,0.0,0.0,,Neutral
reserved,0.0,,,,,,,,,,,,,,,,,,,,,,,,,,,,,,,,,,,,,,,,,,,,,,502,99,0,0.0,0.0,,Neutral
resign,0.0,,,,,,,,,,,,,,,,,,,,,,,,,,,,,,,,,,,,,,,,,,,,,,212,32,0,0.0,0.0,,Neutral
respond to,0.0,,,,,,,,,,,,,,,,,,,,,,,,,,,,,,,,,,,,,,,,,,,,,,920,229,0,0.0,0.0,,Neutral
revealed,0.0,,,,,,,,,,,,,,,,,,,,,,,,,,,,,,,,,,,,,,,,,,,,,,373,649,0,0.0,0.0,,Neutral
revised,0.0,,,,,,,,,,,,,,,,,,,,,,,,,,,,,,,,,,,,,,,,,,,,,,408,78,0,0.0,0.0,,Neutral
right,0.0,,,,,,,,,,,,,,,,,,,,,,,,,,,,,,,,,,,,,,,,,,,,,,209,1007,0,0.0,0.0,,Neutral
rights,0.0,,,,,,,,,,,,,,,,,,,,,,,,,,,,,,,,,,,,,,,,,,,,,,174,941,0,0.0,0.0,,Neutral
risk,0.0,,,,,,,,,,,,,,,,,,,,,,,,,,,,,,,,,,,,,,,,,,,,,,218,809,0,0.0,0.0,,Neutral
risks,0.0,,,,,,,,,,,,,,,,,,,,,,,,,,,,,,,,,,,,,,,,,,,,,,509,296,0,0.0,0.0,,Neutral
romantic,0.0,,,,,,,,,,,,,,,,,,,,,,,,,,,,,,,,,,,,,,,,,,,,,,500,40,0,0.0,0.0,,Neutral
sanctions,543.0,21.0,2.0,3.0,0.0,5.0,25.0,7.0,7.0,1.0,0.0,19.0,25.0,1.0,4.0,6.0,2.0,20.0,32.0,0.0,16.0,2.0,31.0,51.0,2.0,16.0,2.0,1.0,4.0,24.0,26.0,18.0,3.0,4.0,11.0,27.0,0.0,14.0,1.0,0.0,1.0,9.0,4.0,5.0,70.0,16.0,22,543,1,1.0,1.0,-41.0,Left
say the,0.0,,,,,,,,,,,,,,,,,,,,,,,,,,,,,,,,,,,,,,,,,,,,,,973,151,0,0.0,0.0,,Neutral
saying,0.0,,,,,,,,,,,,,,,,,,,,,,,,,,,,,,,,,,,,,,,,,,,,,,382,958,0,0.0,0.0,,Neutral
secret,0.0,,,,,,,,,,,,,,,,,,,,,,,,,,,,,,,,,,,,,,,,,,,,,,207,1481,0,0.0,0.0,,Neutral
secret United States,0.0,,,,,,,,,,,,,,,,,,,,,,,,,,,,,,,,,,,,,,,,,,,,,,294,33,0,0.0,0.0,,Neutral
secret services,0.0,,,,,,,,,,,,,,,,,,,,,,,,,,,,,,,,,,,,,,,,,,,,,,573,35,0,0.0,0.0,,Neutral
secretary,0.0,,,,,,,,,,,,,,,,,,,,,,,,,,,,,,,,,,,,,,,,,,,,,,576,276,0,0.0,0.0,,Neutral
secrets,0.0,,,,,,,,,,,,,,,,,,,,,,,,,,,,,,,,,,,,,,,,,,,,,,116,1273,0,0.0,0.0,,Neutral
security,0.0,,,,,,,,,,,,,,,,,,,,,,,,,,,,,,,,,,,,,,,,,,,,,,58,4466,1,0.0,0.0,,Neutral
see,0.0,,,,,,,,,,,,,,,,,,,,,,,,,,,,,,,,,,,,,,,,,,,,,,442,967,0,0.0,0.0,,Neutral
seen,0.0,,,,,,,,,,,,,,,,,,,,,,,,,,,,,,,,,,,,,,,,,,,,,,214,592,0,0.0,0.0,,Neutral
senior,0.0,,,,,,,,,,,,,,,,,,,,,,,,,,,,,,,,,,,,,,,,,,,,,,482,656,0,0.0,0.0,,Neutral
sensitive,0.0,,,,,,,,,,,,,,,,,,,,,,,,,,,,,,,,,,,,,,,,,,,,,,366,701,0,0.0,0.0,,Neutral
sentence,0.0,,,,,,,,,,,,,,,,,,,,,,,,,,,,,,,,,,,,,,,,,,,,,,224,740,0,0.0,0.0,,Neutral
sentence of,0.0,,,,,,,,,,,,,,,,,,,,,,,,,,,,,,,,,,,,,,,,,,,,,,800,141,0,0.0,0.0,,Neutral
sentence of years,0.0,,,,,,,,,,,,,,,,,,,,,,,,,,,,,,,,,,,,,,,,,,,,,,744,52,0,0.0,0.0,,Neutral
sentenced,0.0,,,,,,,,,,,,,,,,,,,,,,,,,,,,,,,,,,,,,,,,,,,,,,315,495,0,0.0,0.0,,Neutral
server,0.0,,,,,,,,,,,,,,,,,,,,,,,,,,,,,,,,,,,,,,,,,,,,,,540,134,0,0.0,0.0,,Neutral
service,0.0,,,,,,,,,,,,,,,,,,,,,,,,,,,,,,,,,,,,,,,,,,,,,,435,778,0,0.0,0.0,,Neutral
services,0.0,,,,,,,,,,,,,,,,,,,,,,,,,,,,,,,,,,,,,,,,,,,,,,177,860,0,0.0,0.0,,Neutral
several,0.0,,,,,,,,,,,,,,,,,,,,,,,,,,,,,,,,,,,,,,,,,,,,,,412,850,0,0.0,0.0,,Neutral
sexual,0.0,,,,,,,,,,,,,,,,,,,,,,,,,,,,,,,,,,,,,,,,,,,,,,92,286,0,0.0,0.0,,Neutral
sexual relationships,0.0,,,,,,,,,,,,,,,,,,,,,,,,,,,,,,,,,,,,,,,,,,,,,,469,11,0,0.0,0.0,,Neutral
she was,0.0,,,,,,,,,,,,,,,,,,,,,,,,,,,,,,,,,,,,,,,,,,,,,,756,529,0,0.0,0.0,,Neutral
should be,0.0,,,,,,,,,,,,,,,,,,,,,,,,,,,,,,,,,,,,,,,,,,,,,,873,455,0,0.0,0.0,,Neutral
since,0.0,,,,,,,,,,,,,,,,,,,,,,,,,,,,,,,,,,,,,,,,,,,,,,485,1230,0,0.0,0.0,,Neutral
site is,0.0,,,,,,,,,,,,,,,,,,,,,,,,,,,,,,,,,,,,,,,,,,,,,,634,113,0,0.0,0.0,,Neutral
software,0.0,,,,,,,,,,,,,,,,,,,,,,,,,,,,,,,,,,,,,,,,,,,,,,130,768,0,0.0,0.0,,Neutral
something,0.0,,,,,,,,,,,,,,,,,,,,,,,,,,,,,,,,,,,,,,,,,,,,,,571,638,0,0.0,0.0,,Neutral
sources,0.0,,,,,,,,,,,,,,,,,,,,,,,,,,,,,,,,,,,,,,,,,,,,,,266,1031,0,0.0,0.0,,Neutral
special,0.0,,,,,,,,,,,,,,,,,,,,,,,,,,,,,,,,,,,,,,,,,,,,,,375,528,0,0.0,0.0,,Neutral
spies,0.0,,,,,,,,,,,,,,,,,,,,,,,,,,,,,,,,,,,,,,,,,,,,,,271,928,0,0.0,0.0,,Neutral
spokesman,0.0,,,,,,,,,,,,,,,,,,,,,,,,,,,,,,,,,,,,,,,,,,,,,,319,389,0,0.0,0.0,,Neutral
spokesperson,0.0,,,,,,,,,,,,,,,,,,,,,,,,,,,,,,,,,,,,,,,,,,,,,,333,188,0,0.0,0.0,,Neutral
spooks,0.0,,,,,,,,,,,,,,,,,,,,,,,,,,,,,,,,,,,,,,,,,,,,,,591,47,0,0.0,0.0,,Neutral
spy,2819.0,60.0,34.0,5.0,40.0,13.0,83.0,60.0,19.0,21.0,6.0,100.0,128.0,28.0,51.0,23.0,5.0,94.0,98.0,46.0,34.0,41.0,178.0,188.0,33.0,54.0,72.0,48.0,17.0,133.0,160.0,68.0,63.0,20.0,75.0,45.0,8.0,156.0,5.0,15.0,37.0,82.0,21.0,40.0,262.0,34.0,23,2819,1,1.0,1.0,-164.0,Left
spying,0.0,,,,,,,,,,,,,,,,,,,,,,,,,,,,,,,,,,,,,,,,,,,,,,61,2188,1,0.0,0.0,,Neutral
spying for,0.0,,,,,,,,,,,,,,,,,,,,,,,,,,,,,,,,,,,,,,,,,,,,,,939,311,0,0.0,0.0,,Neutral
spying on,0.0,,,,,,,,,,,,,,,,,,,,,,,,,,,,,,,,,,,,,,,,,,,,,,845,430,0,0.0,0.0,,Neutral
stage,0.0,,,,,,,,,,,,,,,,,,,,,,,,,,,,,,,,,,,,,,,,,,,,,,595,98,0,0.0,0.0,,Neutral
start,0.0,,,,,,,,,,,,,,,,,,,,,,,,,,,,,,,,,,,,,,,,,,,,,,530,344,0,0.0,0.0,,Neutral
state,0.0,,,,,,,,,,,,,,,,,,,,,,,,,,,,,,,,,,,,,,,,,,,,,,119,1951,0,0.0,0.0,,Neutral
stated,0.0,,,,,,,,,,,,,,,,,,,,,,,,,,,,,,,,,,,,,,,,,,,,,,321,296,0,0.0,0.0,,Neutral
statement,0.0,,,,,,,,,,,,,,,,,,,,,,,,,,,,,,,,,,,,,,,,,,,,,,159,1303,0,0.0,0.0,,Neutral
stock,0.0,,,,,,,,,,,,,,,,,,,,,,,,,,,,,,,,,,,,,,,,,,,,,,436,36,0,0.0,0.0,,Neutral
stolen,0.0,,,,,,,,,,,,,,,,,,,,,,,,,,,,,,,,,,,,,,,,,,,,,,537,345,0,0.0,0.0,,Neutral
student,0.0,,,,,,,,,,,,,,,,,,,,,,,,,,,,,,,,,,,,,,,,,,,,,,322,213,0,0.0,0.0,,Neutral
students,0.0,,,,,,,,,,,,,,,,,,,,,,,,,,,,,,,,,,,,,,,,,,,,,,272,244,0,0.0,0.0,,Neutral
such as,0.0,,,,,,,,,,,,,,,,,,,,,,,,,,,,,,,,,,,,,,,,,,,,,,901,660,0,0.0,0.0,,Neutral
supply,0.0,,,,,,,,,,,,,,,,,,,,,,,,,,,,,,,,,,,,,,,,,,,,,,283,160,0,0.0,0.0,,Neutral
supply chain,0.0,,,,,,,,,,,,,,,,,,,,,,,,,,,,,,,,,,,,,,,,,,,,,,462,79,0,0.0,0.0,,Neutral
surveillance,1497.0,29.0,17.0,9.0,30.0,10.0,19.0,10.0,13.0,53.0,12.0,22.0,30.0,36.0,80.0,32.0,22.0,51.0,37.0,2.0,12.0,21.0,124.0,70.0,10.0,66.0,35.0,78.0,8.0,60.0,72.0,27.0,11.0,9.0,11.0,47.0,3.0,80.0,13.0,11.0,56.0,7.0,5.0,10.0,122.0,14.0,24,1497,1,1.0,1.0,-125.0,Left
suspected,0.0,,,,,,,,,,,,,,,,,,,,,,,,,,,,,,,,,,,,,,,,,,,,,,184,346,0,0.0,0.0,,Neutral
swap,0.0,,,,,,,,,,,,,,,,,,,,,,,,,,,,,,,,,,,,,,,,,,,,,,186,168,0,0.0,0.0,,Neutral
system,0.0,,,,,,,,,,,,,,,,,,,,,,,,,,,,,,,,,,,,,,,,,,,,,,282,807,0,0.0,0.0,,Neutral
systems,0.0,,,,,,,,,,,,,,,,,,,,,,,,,,,,,,,,,,,,,,,,,,,,,,171,629,0,0.0,0.0,,Neutral
taken,0.0,,,,,,,,,,,,,,,,,,,,,,,,,,,,,,,,,,,,,,,,,,,,,,594,554,0,0.0,0.0,,Neutral
targeted,0.0,,,,,,,,,,,,,,,,,,,,,,,,,,,,,,,,,,,,,,,,,,,,,,399,531,0,0.0,0.0,,Neutral
team,0.0,,,,,,,,,,,,,,,,,,,,,,,,,,,,,,,,,,,,,,,,,,,,,,213,576,0,0.0,0.0,,Neutral
team at,0.0,,,,,,,,,,,,,,,,,,,,,,,,,,,,,,,,,,,,,,,,,,,,,,841,19,0,0.0,0.0,,Neutral
tech,0.0,,,,,,,,,,,,,,,,,,,,,,,,,,,,,,,,,,,,,,,,,,,,,,62,678,1,0.0,0.0,,Neutral
technology,1629.0,27.0,6.0,20.0,4.0,3.0,36.0,22.0,11.0,51.0,0.0,54.0,72.0,14.0,4.0,36.0,9.0,27.0,64.0,2.0,48.0,2.0,74.0,137.0,10.0,35.0,31.0,59.0,7.0,47.0,76.0,37.0,35.0,6.0,27.0,22.0,12.0,44.0,1.0,4.0,19.0,38.0,21.0,56.0,277.0,27.0,25,1629,1,1.0,1.0,-460.0,Left
telecommunications,0.0,,,,,,,,,,,,,,,,,,,,,,,,,,,,,,,,,,,,,,,,,,,,,,528,272,0,0.0,0.0,,Neutral
telecoms,0.0,,,,,,,,,,,,,,,,,,,,,,,,,,,,,,,,,,,,,,,,,,,,,,246,194,0,0.0,0.0,,Neutral
testimony,0.0,,,,,,,,,,,,,,,,,,,,,,,,,,,,,,,,,,,,,,,,,,,,,,237,238,0,0.0,0.0,,Neutral
that Assange,0.0,,,,,,,,,,,,,,,,,,,,,,,,,,,,,,,,,,,,,,,,,,,,,,746,417,0,0.0,0.0,,Neutral
that China,0.0,,,,,,,,,,,,,,,,,,,,,,,,,,,,,,,,,,,,,,,,,,,,,,918,203,0,0.0,0.0,,Neutral
that I,0.0,,,,,,,,,,,,,,,,,,,,,,,,,,,,,,,,,,,,,,,,,,,,,,884,300,0,0.0,0.0,,Neutral
that United States,0.0,,,,,,,,,,,,,,,,,,,,,,,,,,,,,,,,,,,,,,,,,,,,,,983,111,0,0.0,0.0,,Neutral
that can,0.0,,,,,,,,,,,,,,,,,,,,,,,,,,,,,,,,,,,,,,,,,,,,,,738,172,0,0.0,0.0,,Neutral
that he,0.0,,,,,,,,,,,,,,,,,,,,,,,,,,,,,,,,,,,,,,,,,,,,,,732,1675,0,0.0,0.0,,Neutral
that it,0.0,,,,,,,,,,,,,,,,,,,,,,,,,,,,,,,,,,,,,,,,,,,,,,900,943,0,0.0,0.0,,Neutral
that matter,0.0,,,,,,,,,,,,,,,,,,,,,,,,,,,,,,,,,,,,,,,,,,,,,,699,92,0,0.0,0.0,,Neutral
that she,0.0,,,,,,,,,,,,,,,,,,,,,,,,,,,,,,,,,,,,,,,,,,,,,,975,414,0,0.0,0.0,,Neutral
that the,0.0,,,,,,,,,,,,,,,,,,,,,,,,,,,,,,,,,,,,,,,,,,,,,,629,4269,0,0.0,0.0,,Neutral
that the FBI,0.0,,,,,,,,,,,,,,,,,,,,,,,,,,,,,,,,,,,,,,,,,,,,,,914,161,0,0.0,0.0,,Neutral
that was,0.0,,,,,,,,,,,,,,,,,,,,,,,,,,,,,,,,,,,,,,,,,,,,,,997,521,0,0.0,0.0,,Neutral
the American,0.0,,,,,,,,,,,,,,,,,,,,,,,,,,,,,,,,,,,,,,,,,,,,,,896,534,0,0.0,0.0,,Neutral
the Australian,0.0,,,,,,,,,,,,,,,,,,,,,,,,,,,,,,,,,,,,,,,,,,,,,,856,171,0,0.0,0.0,,Neutral
the BBC,0.0,,,,,,,,,,,,,,,,,,,,,,,,,,,,,,,,,,,,,,,,,,,,,,952,107,0,0.0,0.0,,Neutral
the Bay Area,0.0,,,,,,,,,,,,,,,,,,,,,,,,,,,,,,,,,,,,,,,,,,,,,,754,21,0,0.0,0.0,,Neutral
the British,0.0,,,,,,,,,,,,,,,,,,,,,,,,,,,,,,,,,,,,,,,,,,,,,,837,453,0,0.0,0.0,,Neutral
the CIA,0.0,,,,,,,,,,,,,,,,,,,,,,,,,,,,,,,,,,,,,,,,,,,,,,647,1407,0,0.0,0.0,,Neutral
the Chinese,0.0,,,,,,,,,,,,,,,,,,,,,,,,,,,,,,,,,,,,,,,,,,,,,,622,1676,0,0.0,0.0,,Neutral
the Chinese government,0.0,,,,,,,,,,,,,,,,,,,,,,,,,,,,,,,,,,,,,,,,,,,,,,795,524,0,0.0,0.0,,Neutral
the Ecuadorian,0.0,,,,,,,,,,,,,,,,,,,,,,,,,,,,,,,,,,,,,,,,,,,,,,657,423,0,0.0,0.0,,Neutral
the Espionage Act,670.0,9.0,11.0,3.0,5.0,2.0,1.0,2.0,6.0,13.0,11.0,8.0,12.0,55.0,53.0,10.0,14.0,2.0,21.0,0.0,2.0,0.0,14.0,15.0,12.0,39.0,15.0,33.0,0.0,44.0,13.0,7.0,6.0,0.0,7.0,5.0,0.0,31.0,83.0,14.0,36.0,12.0,0.0,6.0,35.0,1.0,27,670,1,1.0,1.0,-183.0,Left
the FBI,0.0,,,,,,,,,,,,,,,,,,,,,,,,,,,,,,,,,,,,,,,,,,,,,,616,1461,0,0.0,0.0,,Neutral
the FBIs,0.0,,,,,,,,,,,,,,,,,,,,,,,,,,,,,,,,,,,,,,,,,,,,,,761,248,0,0.0,0.0,,Neutral
the FISA,0.0,,,,,,,,,,,,,,,,,,,,,,,,,,,,,,,,,,,,,,,,,,,,,,654,183,0,0.0,0.0,,Neutral
the FISA Court,0.0,,,,,,,,,,,,,,,,,,,,,,,,,,,,,,,,,,,,,,,,,,,,,,911,25,0,0.0,0.0,,Neutral
the FISA court,0.0,,,,,,,,,,,,,,,,,,,,,,,,,,,,,,,,,,,,,,,,,,,,,,780,54,0,0.0,0.0,,Neutral
the FSB,0.0,,,,,,,,,,,,,,,,,,,,,,,,,,,,,,,,,,,,,,,,,,,,,,830,174,0,0.0,0.0,,Neutral
the Guardian,0.0,,,,,,,,,,,,,,,,,,,,,,,,,,,,,,,,,,,,,,,,,,,,,,711,157,0,0.0,0.0,,Neutral
the House,0.0,,,,,,,,,,,,,,,,,,,,,,,,,,,,,,,,,,,,,,,,,,,,,,620,305,0,0.0,0.0,,Neutral
the House Intelligence,0.0,,,,,,,,,,,,,,,,,,,,,,,,,,,,,,,,,,,,,,,,,,,,,,674,111,0,0.0,0.0,,Neutral
the Intel,0.0,,,,,,,,,,,,,,,,,,,,,,,,,,,,,,,,,,,,,,,,,,,,,,742,17,0,0.0,0.0,,Neutral
the Israeli,0.0,,,,,,,,,,,,,,,,,,,,,,,,,,,,,,,,,,,,,,,,,,,,,,825,196,0,0.0,0.0,,Neutral
the Justice Department,0.0,,,,,,,,,,,,,,,,,,,,,,,,,,,,,,,,,,,,,,,,,,,,,,655,497,0,0.0,0.0,,Neutral
the Mossad,0.0,,,,,,,,,,,,,,,,,,,,,,,,,,,,,,,,,,,,,,,,,,,,,,987,70,0,0.0,0.0,,Neutral
the NSA,591.0,5.0,0.0,2.0,21.0,0.0,1.0,0.0,0.0,0.0,1.0,1.0,1.0,1.0,11.0,5.0,1.0,1.0,2.0,0.0,7.0,3.0,25.0,12.0,3.0,131.0,34.0,43.0,1.0,38.0,31.0,2.0,0.0,0.0,0.0,10.0,0.0,17.0,8.0,3.0,50.0,0.0,1.0,0.0,106.0,4.0,28,591,1,1.0,1.0,-260.0,Left
the Russia,0.0,,,,,,,,,,,,,,,,,,,,,,,,,,,,,,,,,,,,,,,,,,,,,,992,137,0,0.0,0.0,,Neutral
the Russian,0.0,,,,,,,,,,,,,,,,,,,,,,,,,,,,,,,,,,,,,,,,,,,,,,712,910,0,0.0,0.0,,Neutral
the Soviet,0.0,,,,,,,,,,,,,,,,,,,,,,,,,,,,,,,,,,,,,,,,,,,,,,690,256,0,0.0,0.0,,Neutral
the Soviet Union,0.0,,,,,,,,,,,,,,,,,,,,,,,,,,,,,,,,,,,,,,,,,,,,,,912,158,0,0.0,0.0,,Neutral
the Trump,0.0,,,,,,,,,,,,,,,,,,,,,,,,,,,,,,,,,,,,,,,,,,,,,,650,821,0,0.0,0.0,,Neutral
the Trump campaign,0.0,,,,,,,,,,,,,,,,,,,,,,,,,,,,,,,,,,,,,,,,,,,,,,666,223,0,0.0,0.0,,Neutral
the UAE,0.0,,,,,,,,,,,,,,,,,,,,,,,,,,,,,,,,,,,,,,,,,,,,,,631,228,0,0.0,0.0,,Neutral
the UK,0.0,,,,,,,,,,,,,,,,,,,,,,,,,,,,,,,,,,,,,,,,,,,,,,630,835,0,0.0,0.0,,Neutral
the US,0.0,,,,,,,,,,,,,,,,,,,,,,,,,,,,,,,,,,,,,,,,,,,,,,614,2532,0,0.0,0.0,,Neutral
the US and,0.0,,,,,,,,,,,,,,,,,,,,,,,,,,,,,,,,,,,,,,,,,,,,,,663,214,0,0.0,0.0,,Neutral
the US government,0.0,,,,,,,,,,,,,,,,,,,,,,,,,,,,,,,,,,,,,,,,,,,,,,719,216,0,0.0,0.0,,Neutral
the United States,0.0,,,,,,,,,,,,,,,,,,,,,,,,,,,,,,,,,,,,,,,,,,,,,,615,5723,0,0.0,0.0,,Neutral
the Venona,0.0,,,,,,,,,,,,,,,,,,,,,,,,,,,,,,,,,,,,,,,,,,,,,,925,30,0,0.0,0.0,,Neutral
the West,0.0,,,,,,,,,,,,,,,,,,,,,,,,,,,,,,,,,,,,,,,,,,,,,,995,216,0,0.0,0.0,,Neutral
the White House,0.0,,,,,,,,,,,,,,,,,,,,,,,,,,,,,,,,,,,,,,,,,,,,,,905,391,0,0.0,0.0,,Neutral
the WikiLeaks,0.0,,,,,,,,,,,,,,,,,,,,,,,,,,,,,,,,,,,,,,,,,,,,,,897,230,0,0.0,0.0,,Neutral
the allegations,0.0,,,,,,,,,,,,,,,,,,,,,,,,,,,,,,,,,,,,,,,,,,,,,,944,179,0,0.0,0.0,,Neutral
the audio,0.0,,,,,,,,,,,,,,,,,,,,,,,,,,,,,,,,,,,,,,,,,,,,,,844,83,0,0.0,0.0,,Neutral
the case,0.0,,,,,,,,,,,,,,,,,,,,,,,,,,,,,,,,,,,,,,,,,,,,,,870,875,0,0.0,0.0,,Neutral
the company,0.0,,,,,,,,,,,,,,,,,,,,,,,,,,,,,,,,,,,,,,,,,,,,,,726,907,0,0.0,0.0,,Neutral
the companys,0.0,,,,,,,,,,,,,,,,,,,,,,,,,,,,,,,,,,,,,,,,,,,,,,836,424,0,0.0,0.0,,Neutral
the consulate,0.0,,,,,,,,,,,,,,,,,,,,,,,,,,,,,,,,,,,,,,,,,,,,,,637,118,0,0.0,0.0,,Neutral
the continent,0.0,,,,,,,,,,,,,,,,,,,,,,,,,,,,,,,,,,,,,,,,,,,,,,957,22,0,0.0,0.0,,Neutral
the coronavirus,0.0,,,,,,,,,,,,,,,,,,,,,,,,,,,,,,,,,,,,,,,,,,,,,,653,209,0,0.0,0.0,,Neutral
the coronavirus pandemic,0.0,,,,,,,,,,,,,,,,,,,,,,,,,,,,,,,,,,,,,,,,,,,,,,793,74,0,0.0,0.0,,Neutral
the country,0.0,,,,,,,,,,,,,,,,,,,,,,,,,,,,,,,,,,,,,,,,,,,,,,760,537,0,0.0,0.0,,Neutral
the court,0.0,,,,,,,,,,,,,,,,,,,,,,,,,,,,,,,,,,,,,,,,,,,,,,794,457,0,0.0,0.0,,Neutral
the data,0.0,,,,,,,,,,,,,,,,,,,,,,,,,,,,,,,,,,,,,,,,,,,,,,813,147,0,0.0,0.0,,Neutral
the dossier,0.0,,,,,,,,,,,,,,,,,,,,,,,,,,,,,,,,,,,,,,,,,,,,,,613,162,0,0.0,0.0,,Neutral
the embassy,0.0,,,,,,,,,,,,,,,,,,,,,,,,,,,,,,,,,,,,,,,,,,,,,,645,685,0,0.0,0.0,,Neutral
the firm,0.0,,,,,,,,,,,,,,,,,,,,,,,,,,,,,,,,,,,,,,,,,,,,,,767,137,0,0.0,0.0,,Neutral
the government,0.0,,,,,,,,,,,,,,,,,,,,,,,,,,,,,,,,,,,,,,,,,,,,,,682,1057,0,0.0,0.0,,Neutral
the hack,0.0,,,,,,,,,,,,,,,,,,,,,,,,,,,,,,,,,,,,,,,,,,,,,,851,84,0,0.0,0.0,,Neutral
the indictment,0.0,,,,,,,,,,,,,,,,,,,,,,,,,,,,,,,,,,,,,,,,,,,,,,716,443,0,0.0,0.0,,Neutral
the information,0.0,,,,,,,,,,,,,,,,,,,,,,,,,,,,,,,,,,,,,,,,,,,,,,892,457,0,0.0,0.0,,Neutral
the intelligence,0.0,,,,,,,,,,,,,,,,,,,,,,,,,,,,,,,,,,,,,,,,,,,,,,776,605,0,0.0,0.0,,Neutral
the national,0.0,,,,,,,,,,,,,,,,,,,,,,,,,,,,,,,,,,,,,,,,,,,,,,990,179,0,0.0,0.0,,Neutral
the news,0.0,,,,,,,,,,,,,,,,,,,,,,,,,,,,,,,,,,,,,,,,,,,,,,883,167,0,0.0,0.0,,Neutral
the potential,0.0,,,,,,,,,,,,,,,,,,,,,,,,,,,,,,,,,,,,,,,,,,,,,,893,120,0,0.0,0.0,,Neutral
the president,0.0,,,,,,,,,,,,,,,,,,,,,,,,,,,,,,,,,,,,,,,,,,,,,,765,430,0,0.0,0.0,,Neutral
the press,0.0,,,,,,,,,,,,,,,,,,,,,,,,,,,,,,,,,,,,,,,,,,,,,,882,342,0,0.0,0.0,,Neutral
the public,0.0,,,,,,,,,,,,,,,,,,,,,,,,,,,,,,,,,,,,,,,,,,,,,,717,601,0,0.0,0.0,,Neutral
the report,0.0,,,,,,,,,,,,,,,,,,,,,,,,,,,,,,,,,,,,,,,,,,,,,,966,410,0,0.0,0.0,,Neutral
the story,0.0,,,,,,,,,,,,,,,,,,,,,,,,,,,,,,,,,,,,,,,,,,,,,,868,214,0,0.0,0.0,,Neutral
the world,0.0,,,,,,,,,,,,,,,,,,,,,,,,,,,,,,,,,,,,,,,,,,,,,,824,1082,0,0.0,0.0,,Neutral
the year,0.0,,,,,,,,,,,,,,,,,,,,,,,,,,,,,,,,,,,,,,,,,,,,,,862,163,0,0.0,0.0,,Neutral
the year old,0.0,,,,,,,,,,,,,,,,,,,,,,,,,,,,,,,,,,,,,,,,,,,,,,802,87,0,0.0,0.0,,Neutral
theft,0.0,,,,,,,,,,,,,,,,,,,,,,,,,,,,,,,,,,,,,,,,,,,,,,252,546,0,0.0,0.0,,Neutral
there is,0.0,,,,,,,,,,,,,,,,,,,,,,,,,,,,,,,,,,,,,,,,,,,,,,790,574,0,0.0,0.0,,Neutral
they were,0.0,,,,,,,,,,,,,,,,,,,,,,,,,,,,,,,,,,,,,,,,,,,,,,797,682,0,0.0,0.0,,Neutral
thing,0.0,,,,,,,,,,,,,,,,,,,,,,,,,,,,,,,,,,,,,,,,,,,,,,579,445,0,0.0,0.0,,Neutral
things,0.0,,,,,,,,,,,,,,,,,,,,,,,,,,,,,,,,,,,,,,,,,,,,,,504,515,0,0.0,0.0,,Neutral
think,0.0,,,,,,,,,,,,,,,,,,,,,,,,,,,,,,,,,,,,,,,,,,,,,,104,1368,0,0.0,0.0,,Neutral
this is,0.0,,,,,,,,,,,,,,,,,,,,,,,,,,,,,,,,,,,,,,,,,,,,,,810,567,0,0.0,0.0,,Neutral
this report,0.0,,,,,,,,,,,,,,,,,,,,,,,,,,,,,,,,,,,,,,,,,,,,,,986,155,0,0.0,0.0,,Neutral
this story,0.0,,,,,,,,,,,,,,,,,,,,,,,,,,,,,,,,,,,,,,,,,,,,,,628,202,0,0.0,0.0,,Neutral
though,0.0,,,,,,,,,,,,,,,,,,,,,,,,,,,,,,,,,,,,,,,,,,,,,,447,598,0,0.0,0.0,,Neutral
threat,0.0,,,,,,,,,,,,,,,,,,,,,,,,,,,,,,,,,,,,,,,,,,,,,,236,1040,0,0.0,0.0,,Neutral
threats,0.0,,,,,,,,,,,,,,,,,,,,,,,,,,,,,,,,,,,,,,,,,,,,,,409,402,0,0.0,0.0,,Neutral
three,0.0,,,,,,,,,,,,,,,,,,,,,,,,,,,,,,,,,,,,,,,,,,,,,,465,978,0,0.0,0.0,,Neutral
ties,0.0,,,,,,,,,,,,,,,,,,,,,,,,,,,,,,,,,,,,,,,,,,,,,,97,619,0,0.0,0.0,,Neutral
ties to,0.0,,,,,,,,,,,,,,,,,,,,,,,,,,,,,,,,,,,,,,,,,,,,,,640,383,0,0.0,0.0,,Neutral
time,0.0,,,,,,,,,,,,,,,,,,,,,,,,,,,,,,,,,,,,,,,,,,,,,,175,2576,0,0.0,0.0,,Neutral
tip,0.0,,,,,,,,,,,,,,,,,,,,,,,,,,,,,,,,,,,,,,,,,,,,,,290,73,0,0.0,0.0,,Neutral
to China,0.0,,,,,,,,,,,,,,,,,,,,,,,,,,,,,,,,,,,,,,,,,,,,,,752,332,0,0.0,0.0,,Neutral
to Israel,0.0,,,,,,,,,,,,,,,,,,,,,,,,,,,,,,,,,,,,,,,,,,,,,,979,61,0,0.0,0.0,,Neutral
to The,0.0,,,,,,,,,,,,,,,,,,,,,,,,,,,,,,,,,,,,,,,,,,,,,,643,135,0,0.0,0.0,,Neutral
to United States,0.0,,,,,,,,,,,,,,,,,,,,,,,,,,,,,,,,,,,,,,,,,,,,,,964,204,0,0.0,0.0,,Neutral
to WikiLeaks,0.0,,,,,,,,,,,,,,,,,,,,,,,,,,,,,,,,,,,,,,,,,,,,,,858,198,0,0.0,0.0,,Neutral
to a,0.0,,,,,,,,,,,,,,,,,,,,,,,,,,,,,,,,,,,,,,,,,,,,,,701,1771,0,0.0,0.0,,Neutral
to any,0.0,,,,,,,,,,,,,,,,,,,,,,,,,,,,,,,,,,,,,,,,,,,,,,688,164,0,0.0,0.0,,Neutral
to be,0.0,,,,,,,,,,,,,,,,,,,,,,,,,,,,,,,,,,,,,,,,,,,,,,791,2670,0,0.0,0.0,,Neutral
to close,0.0,,,,,,,,,,,,,,,,,,,,,,,,,,,,,,,,,,,,,,,,,,,,,,718,92,0,0.0,0.0,,Neutral
to do,0.0,,,,,,,,,,,,,,,,,,,,,,,,,,,,,,,,,,,,,,,,,,,,,,916,832,0,0.0,0.0,,Neutral
to gain,0.0,,,,,,,,,,,,,,,,,,,,,,,,,,,,,,,,,,,,,,,,,,,,,,935,149,0,0.0,0.0,,Neutral
to have,0.0,,,,,,,,,,,,,,,,,,,,,,,,,,,,,,,,,,,,,,,,,,,,,,956,930,0,0.0,0.0,,Neutral
to make,0.0,,,,,,,,,,,,,,,,,,,,,,,,,,,,,,,,,,,,,,,,,,,,,,904,572,0,0.0,0.0,,Neutral
to spy on,0.0,,,,,,,,,,,,,,,,,,,,,,,,,,,,,,,,,,,,,,,,,,,,,,728,397,0,0.0,0.0,,Neutral
to steal,0.0,,,,,,,,,,,,,,,,,,,,,,,,,,,,,,,,,,,,,,,,,,,,,,757,474,0,0.0,0.0,,Neutral
to the,0.0,,,,,,,,,,,,,,,,,,,,,,,,,,,,,,,,,,,,,,,,,,,,,,624,7648,0,0.0,0.0,,Neutral
to the US,0.0,,,,,,,,,,,,,,,,,,,,,,,,,,,,,,,,,,,,,,,,,,,,,,710,311,0,0.0,0.0,,Neutral
to the United,0.0,,,,,,,,,,,,,,,,,,,,,,,,,,,,,,,,,,,,,,,,,,,,,,759,858,0,0.0,0.0,,Neutral
to the news,0.0,,,,,,,,,,,,,,,,,,,,,,,,,,,,,,,,,,,,,,,,,,,,,,860,34,0,0.0,0.0,,Neutral
to this report,0.0,,,,,,,,,,,,,,,,,,,,,,,,,,,,,,,,,,,,,,,,,,,,,,891,107,0,0.0,0.0,,Neutral
today,0.0,,,,,,,,,,,,,,,,,,,,,,,,,,,,,,,,,,,,,,,,,,,,,,256,477,0,0.0,0.0,,Neutral
tools,0.0,,,,,,,,,,,,,,,,,,,,,,,,,,,,,,,,,,,,,,,,,,,,,,182,422,0,0.0,0.0,,Neutral
top,0.0,,,,,,,,,,,,,,,,,,,,,,,,,,,,,,,,,,,,,,,,,,,,,,316,889,0,0.0,0.0,,Neutral
torture,0.0,,,,,,,,,,,,,,,,,,,,,,,,,,,,,,,,,,,,,,,,,,,,,,311,319,0,0.0,0.0,,Neutral
trade,0.0,,,,,,,,,,,,,,,,,,,,,,,,,,,,,,,,,,,,,,,,,,,,,,134,936,0,0.0,0.0,,Neutral
transcripts,0.0,,,,,,,,,,,,,,,,,,,,,,,,,,,,,,,,,,,,,,,,,,,,,,590,102,0,0.0,0.0,,Neutral
treaty,0.0,,,,,,,,,,,,,,,,,,,,,,,,,,,,,,,,,,,,,,,,,,,,,,281,152,0,0.0,0.0,,Neutral
trial,0.0,,,,,,,,,,,,,,,,,,,,,,,,,,,,,,,,,,,,,,,,,,,,,,230,776,0,0.0,0.0,,Neutral
trying to,0.0,,,,,,,,,,,,,,,,,,,,,,,,,,,,,,,,,,,,,,,,,,,,,,929,676,0,0.0,0.0,,Neutral
two,0.0,,,,,,,,,,,,,,,,,,,,,,,,,,,,,,,,,,,,,,,,,,,,,,215,2544,0,0.0,0.0,,Neutral
under the,0.0,,,,,,,,,,,,,,,,,,,,,,,,,,,,,,,,,,,,,,,,,,,,,,820,708,0,0.0,0.0,,Neutral
union,0.0,,,,,,,,,,,,,,,,,,,,,,,,,,,,,,,,,,,,,,,,,,,,,,200,89,0,0.0,0.0,,Neutral
universities,0.0,,,,,,,,,,,,,,,,,,,,,,,,,,,,,,,,,,,,,,,,,,,,,,459,158,0,0.0,0.0,,Neutral
university,0.0,,,,,,,,,,,,,,,,,,,,,,,,,,,,,,,,,,,,,,,,,,,,,,222,147,0,0.0,0.0,,Neutral
unmasking requests,0.0,,,,,,,,,,,,,,,,,,,,,,,,,,,,,,,,,,,,,,,,,,,,,,538,50,0,0.0,0.0,,Neutral
up and,0.0,,,,,,,,,,,,,,,,,,,,,,,,,,,,,,,,,,,,,,,,,,,,,,940,107,0,0.0,0.0,,Neutral
updated,0.0,,,,,,,,,,,,,,,,,,,,,,,,,,,,,,,,,,,,,,,,,,,,,,597,125,0,0.0,0.0,,Neutral
use,0.0,,,,,,,,,,,,,,,,,,,,,,,,,,,,,,,,,,,,,,,,,,,,,,276,1537,0,0.0,0.0,,Neutral
use and,0.0,,,,,,,,,,,,,,,,,,,,,,,,,,,,,,,,,,,,,,,,,,,,,,866,78,0,0.0,0.0,,Neutral
used,0.0,,,,,,,,,,,,,,,,,,,,,,,,,,,,,,,,,,,,,,,,,,,,,,138,2064,0,0.0,0.0,,Neutral
users,0.0,,,,,,,,,,,,,,,,,,,,,,,,,,,,,,,,,,,,,,,,,,,,,,525,362,0,0.0,0.0,,Neutral
using,0.0,,,,,,,,,,,,,,,,,,,,,,,,,,,,,,,,,,,,,,,,,,,,,,262,1108,0,0.0,0.0,,Neutral
vary,0.0,,,,,,,,,,,,,,,,,,,,,,,,,,,,,,,,,,,,,,,,,,,,,,334,73,0,0.0,0.0,,Neutral
venture,0.0,,,,,,,,,,,,,,,,,,,,,,,,,,,,,,,,,,,,,,,,,,,,,,103,70,0,0.0,0.0,,Neutral
venture capital,0.0,,,,,,,,,,,,,,,,,,,,,,,,,,,,,,,,,,,,,,,,,,,,,,439,28,0,0.0,0.0,,Neutral
video,0.0,,,,,,,,,,,,,,,,,,,,,,,,,,,,,,,,,,,,,,,,,,,,,,131,732,0,0.0,0.0,,Neutral
violating,0.0,,,,,,,,,,,,,,,,,,,,,,,,,,,,,,,,,,,,,,,,,,,,,,265,336,0,0.0,0.0,,Neutral
violating the Espionage,0.0,,,,,,,,,,,,,,,,,,,,,,,,,,,,,,,,,,,,,,,,,,,,,,855,109,0,0.0,0.0,,Neutral
vulnerabilities,0.0,,,,,,,,,,,,,,,,,,,,,,,,,,,,,,,,,,,,,,,,,,,,,,547,193,0,0.0,0.0,,Neutral
want,0.0,,,,,,,,,,,,,,,,,,,,,,,,,,,,,,,,,,,,,,,,,,,,,,388,833,0,0.0,0.0,,Neutral
war,0.0,,,,,,,,,,,,,,,,,,,,,,,,,,,,,,,,,,,,,,,,,,,,,,151,1042,0,0.0,0.0,,Neutral
war crimes,0.0,,,,,,,,,,,,,,,,,,,,,,,,,,,,,,,,,,,,,,,,,,,,,,518,165,0,0.0,0.0,,Neutral
warrant,0.0,,,,,,,,,,,,,,,,,,,,,,,,,,,,,,,,,,,,,,,,,,,,,,258,342,0,0.0,0.0,,Neutral
warrants,0.0,,,,,,,,,,,,,,,,,,,,,,,,,,,,,,,,,,,,,,,,,,,,,,607,143,0,0.0,0.0,,Neutral
was a,0.0,,,,,,,,,,,,,,,,,,,,,,,,,,,,,,,,,,,,,,,,,,,,,,769,1334,0,0.0,0.0,,Neutral
was arrested,0.0,,,,,,,,,,,,,,,,,,,,,,,,,,,,,,,,,,,,,,,,,,,,,,773,690,0,0.0,0.0,,Neutral
way,0.0,,,,,,,,,,,,,,,,,,,,,,,,,,,,,,,,,,,,,,,,,,,,,,484,1164,0,0.0,0.0,,Neutral
weapons,0.0,,,,,,,,,,,,,,,,,,,,,,,,,,,,,,,,,,,,,,,,,,,,,,403,343,0,0.0,0.0,,Neutral
week,0.0,,,,,,,,,,,,,,,,,,,,,,,,,,,,,,,,,,,,,,,,,,,,,,306,1094,0,0.0,0.0,,Neutral
well,0.0,,,,,,,,,,,,,,,,,,,,,,,,,,,,,,,,,,,,,,,,,,,,,,196,1599,0,0.0,0.0,,Neutral
whether,0.0,,,,,,,,,,,,,,,,,,,,,,,,,,,,,,,,,,,,,,,,,,,,,,285,1293,0,0.0,0.0,,Neutral
who had,0.0,,,,,,,,,,,,,,,,,,,,,,,,,,,,,,,,,,,,,,,,,,,,,,953,379,0,0.0,0.0,,Neutral
who knew,0.0,,,,,,,,,,,,,,,,,,,,,,,,,,,,,,,,,,,,,,,,,,,,,,850,28,0,0.0,0.0,,Neutral
who was,0.0,,,,,,,,,,,,,,,,,,,,,,,,,,,,,,,,,,,,,,,,,,,,,,994,755,0,0.0,0.0,,Neutral
with a,0.0,,,,,,,,,,,,,,,,,,,,,,,,,,,,,,,,,,,,,,,,,,,,,,635,1255,0,0.0,0.0,,Neutral
with a Chinese,0.0,,,,,,,,,,,,,,,,,,,,,,,,,,,,,,,,,,,,,,,,,,,,,,632,38,0,0.0,0.0,,Neutral
with the,0.0,,,,,,,,,,,,,,,,,,,,,,,,,,,,,,,,,,,,,,,,,,,,,,687,3024,0,0.0,0.0,,Neutral
within,0.0,,,,,,,,,,,,,,,,,,,,,,,,,,,,,,,,,,,,,,,,,,,,,,602,563,0,0.0,0.0,,Neutral
without,0.0,,,,,,,,,,,,,,,,,,,,,,,,,,,,,,,,,,,,,,,,,,,,,,357,1017,0,0.0,0.0,,Neutral
words,0.0,,,,,,,,,,,,,,,,,,,,,,,,,,,,,,,,,,,,,,,,,,,,,,589,260,0,0.0,0.0,,Neutral
work,0.0,,,,,,,,,,,,,,,,,,,,,,,,,,,,,,,,,,,,,,,,,,,,,,292,1437,0,0.0,0.0,,Neutral
workers,0.0,,,,,,,,,,,,,,,,,,,,,,,,,,,,,,,,,,,,,,,,,,,,,,162,206,0,0.0,0.0,,Neutral
working,0.0,,,,,,,,,,,,,,,,,,,,,,,,,,,,,,,,,,,,,,,,,,,,,,545,1113,0,0.0,0.0,,Neutral
would be,0.0,,,,,,,,,,,,,,,,,,,,,,,,,,,,,,,,,,,,,,,,,,,,,,737,1184,0,0.0,0.0,,Neutral
would have,0.0,,,,,,,,,,,,,,,,,,,,,,,,,,,,,,,,,,,,,,,,,,,,,,779,590,0,0.0,0.0,,Neutral
year,0.0,,,,,,,,,,,,,,,,,,,,,,,,,,,,,,,,,,,,,,,,,,,,,,105,2312,0,0.0,0.0,,Neutral
year old Australian,0.0,,,,,,,,,,,,,,,,,,,,,,,,,,,,,,,,,,,,,,,,,,,,,,325,40,0,0.0,0.0,,Neutral
years,0.0,,,,,,,,,,,,,,,,,,,,,,,,,,,,,,,,,,,,,,,,,,,,,,229,3222,0,0.0,0.0,,Neutral
years in,0.0,,,,,,,,,,,,,,,,,,,,,,,,,,,,,,,,,,,,,,,,,,,,,,774,590,0,0.0,0.0,,Neutral
years in prison,0.0,,,,,,,,,,,,,,,,,,,,,,,,,,,,,,,,,,,,,,,,,,,,,,808,399,0,0.0,0.0,,Neutral
you know,0.0,,,,,,,,,,,,,,,,,,,,,,,,,,,,,,,,,,,,,,,,,,,,,,619,520,0,0.0,0.0,,Neutral
your friends,0.0,,,,,,,,,,,,,,,,,,,,,,,,,,,,,,,,,,,,,,,,,,,,,,667,66,0,0.0,0.0,,Neutral
your inbox,0.0,,,,,,,,,,,,,,,,,,,,,,,,,,,,,,,,,,,,,,,,,,,,,,641,130,0,0.0,0.0,,Neutral
