PHRASE,TOTAL,aljazeera,alternet,americanconservative,americanthinker,ap,atlantic,bbc,breitbart,buzzfeed,canary,cbs,cnn,commondreams,conversation,counterpunch,dailycaller,dailykos,dailymail,economist,federalist,fox,guardian,huffingtonpost,independent,infowars,intercept,mintpress,motherjones,nationalreview,nbc,npr,nypost,nytimes,opednews,pjmedia,rawstory,redstate,reuters,rt,slate,spectator,truthdig,usatoday,vice,vox,wapo,wsj,Unnamed: 0,COUNT,ON_TOPIC,UNIQUE,SPECIFIC,bias_score,calculated_bias
A Muslim,0.0,,,,,,,,,,,,,,,,,,,,,,,,,,,,,,,,,,,,,,,,,,,,,,,,819,110,0,0.0,0.0,,Neutral
A man,0.0,,,,,,,,,,,,,,,,,,,,,,,,,,,,,,,,,,,,,,,,,,,,,,,,818,114,0,0.0,0.0,,Neutral
ADVERTISEMENT In,0.0,,,,,,,,,,,,,,,,,,,,,,,,,,,,,,,,,,,,,,,,,,,,,,,,940,41,0,0.0,0.0,,Neutral
ADVERTISEMENT The,0.0,,,,,,,,,,,,,,,,,,,,,,,,,,,,,,,,,,,,,,,,,,,,,,,,632,105,0,0.0,0.0,,Neutral
Abdel Fattah el,0.0,,,,,,,,,,,,,,,,,,,,,,,,,,,,,,,,,,,,,,,,,,,,,,,,551,54,0,0.0,0.0,,Neutral
According to,0.0,,,,,,,,,,,,,,,,,,,,,,,,,,,,,,,,,,,,,,,,,,,,,,,,845,818,0,0.0,0.0,,Neutral
Al Aqsa,0.0,,,,,,,,,,,,,,,,,,,,,,,,,,,,,,,,,,,,,,,,,,,,,,,,45,250,1,1.0,0.0,,Neutral
Al Aqsa mosque,0.0,,,,,,,,,,,,,,,,,,,,,,,,,,,,,,,,,,,,,,,,,,,,,,,,112,50,1,0.0,0.0,,Neutral
American Islamic Relations,0.0,,,,,,,,,,,,,,,,,,,,,,,,,,,,,,,,,,,,,,,,,,,,,,,,117,307,1,0.0,0.0,,Neutral
American Muslims,0.0,,,,,,,,,,,,,,,,,,,,,,,,,,,,,,,,,,,,,,,,,,,,,,,,90,354,1,1.0,0.0,,Neutral
And I,0.0,,,,,,,,,,,,,,,,,,,,,,,,,,,,,,,,,,,,,,,,,,,,,,,,955,193,0,0.0,0.0,,Neutral
And the,0.0,,,,,,,,,,,,,,,,,,,,,,,,,,,,,,,,,,,,,,,,,,,,,,,,871,281,0,0.0,0.0,,Neutral
British Muslims,0.0,,,,,,,,,,,,,,,,,,,,,,,,,,,,,,,,,,,,,,,,,,,,,,,,92,176,1,1.0,0.0,,Neutral
Charlie Hebdo,0.0,,,,,,,,,,,,,,,,,,,,,,,,,,,,,,,,,,,,,,,,,,,,,,,,70,99,1,1.0,0.0,,Neutral
Christianity and,0.0,,,,,,,,,,,,,,,,,,,,,,,,,,,,,,,,,,,,,,,,,,,,,,,,766,121,0,0.0,0.0,,Neutral
Christianity and Islam,0.0,,,,,,,,,,,,,,,,,,,,,,,,,,,,,,,,,,,,,,,,,,,,,,,,748,51,0,0.0,0.0,,Neutral
Conservative Party,0.0,,,,,,,,,,,,,,,,,,,,,,,,,,,,,,,,,,,,,,,,,,,,,,,,312,77,0,0.0,0.0,,Neutral
Council of,0.0,,,,,,,,,,,,,,,,,,,,,,,,,,,,,,,,,,,,,,,,,,,,,,,,959,404,0,0.0,0.0,,Neutral
Counter Terrorism,0.0,,,,,,,,,,,,,,,,,,,,,,,,,,,,,,,,,,,,,,,,,,,,,,,,80,30,1,1.0,0.0,,Neutral
David Horowitz Freedom,0.0,,,,,,,,,,,,,,,,,,,,,,,,,,,,,,,,,,,,,,,,,,,,,,,,71,125,1,1.0,0.0,,Neutral
Delhi police,0.0,,,,,,,,,,,,,,,,,,,,,,,,,,,,,,,,,,,,,,,,,,,,,,,,109,63,1,0.0,0.0,,Neutral
Eid al,0.0,,,,,,,,,,,,,,,,,,,,,,,,,,,,,,,,,,,,,,,,,,,,,,,,119,440,0,0.0,0.0,,Neutral
Eid al Adha,0.0,,,,,,,,,,,,,,,,,,,,,,,,,,,,,,,,,,,,,,,,,,,,,,,,44,218,1,1.0,0.0,,Neutral
Eid al Fitr,0.0,,,,,,,,,,,,,,,,,,,,,,,,,,,,,,,,,,,,,,,,,,,,,,,,77,219,1,1.0,0.0,,Neutral
Fattah el Sisi,0.0,,,,,,,,,,,,,,,,,,,,,,,,,,,,,,,,,,,,,,,,,,,,,,,,88,33,1,1.0,0.0,,Neutral
Fellow at the,0.0,,,,,,,,,,,,,,,,,,,,,,,,,,,,,,,,,,,,,,,,,,,,,,,,649,174,0,0.0,0.0,,Neutral
Follow him on,0.0,,,,,,,,,,,,,,,,,,,,,,,,,,,,,,,,,,,,,,,,,,,,,,,,884,114,0,0.0,0.0,,Neutral
France and,0.0,,,,,,,,,,,,,,,,,,,,,,,,,,,,,,,,,,,,,,,,,,,,,,,,889,82,0,0.0,0.0,,Neutral
French President Emmanuel,0.0,,,,,,,,,,,,,,,,,,,,,,,,,,,,,,,,,,,,,,,,,,,,,,,,78,34,1,1.0,0.0,,Neutral
Friday for,0.0,,,,,,,,,,,,,,,,,,,,,,,,,,,,,,,,,,,,,,,,,,,,,,,,769,25,0,0.0,0.0,,Neutral
Get our,0.0,,,,,,,,,,,,,,,,,,,,,,,,,,,,,,,,,,,,,,,,,,,,,,,,950,33,0,0.0,0.0,,Neutral
Grand Mosque,0.0,,,,,,,,,,,,,,,,,,,,,,,,,,,,,,,,,,,,,,,,,,,,,,,,65,213,1,1.0,0.0,,Neutral
Guide to Islam,0.0,,,,,,,,,,,,,,,,,,,,,,,,,,,,,,,,,,,,,,,,,,,,,,,,829,94,0,0.0,0.0,,Neutral
Hagia Sophia,0.0,,,,,,,,,,,,,,,,,,,,,,,,,,,,,,,,,,,,,,,,,,,,,,,,120,1016,0,0.0,0.0,,Neutral
Hagia Sophia in,0.0,,,,,,,,,,,,,,,,,,,,,,,,,,,,,,,,,,,,,,,,,,,,,,,,755,46,0,0.0,0.0,,Neutral
Hajj pilgrimage,0.0,,,,,,,,,,,,,,,,,,,,,,,,,,,,,,,,,,,,,,,,,,,,,,,,42,47,1,1.0,0.0,,Neutral
Hindu nationalist,0.0,,,,,,,,,,,,,,,,,,,,,,,,,,,,,,,,,,,,,,,,,,,,,,,,97,352,1,0.0,0.0,,Neutral
History of,0.0,,,,,,,,,,,,,,,,,,,,,,,,,,,,,,,,,,,,,,,,,,,,,,,,897,127,0,0.0,0.0,,Neutral
Horowitz Freedom Center,0.0,,,,,,,,,,,,,,,,,,,,,,,,,,,,,,,,,,,,,,,,,,,,,,,,106,125,1,0.0,0.0,,Neutral
I am,0.0,,,,,,,,,,,,,,,,,,,,,,,,,,,,,,,,,,,,,,,,,,,,,,,,746,698,0,0.0,0.0,,Neutral
I dont,0.0,,,,,,,,,,,,,,,,,,,,,,,,,,,,,,,,,,,,,,,,,,,,,,,,861,587,0,0.0,0.0,,Neutral
I think,0.0,,,,,,,,,,,,,,,,,,,,,,,,,,,,,,,,,,,,,,,,,,,,,,,,633,885,0,0.0,0.0,,Neutral
I was,0.0,,,,,,,,,,,,,,,,,,,,,,,,,,,,,,,,,,,,,,,,,,,,,,,,678,848,0,0.0,0.0,,Neutral
Ilhan Omar,0.0,,,,,,,,,,,,,,,,,,,,,,,,,,,,,,,,,,,,,,,,,,,,,,,,74,407,1,1.0,0.0,,Neutral
In pictures,0.0,,,,,,,,,,,,,,,,,,,,,,,,,,,,,,,,,,,,,,,,,,,,,,,,725,100,0,0.0,0.0,,Neutral
In the,0.0,,,,,,,,,,,,,,,,,,,,,,,,,,,,,,,,,,,,,,,,,,,,,,,,895,1503,0,0.0,0.0,,Neutral
Incorrect Guide to,0.0,,,,,,,,,,,,,,,,,,,,,,,,,,,,,,,,,,,,,,,,,,,,,,,,830,94,0,0.0,0.0,,Neutral
Iran and,0.0,,,,,,,,,,,,,,,,,,,,,,,,,,,,,,,,,,,,,,,,,,,,,,,,864,239,0,0.0,0.0,,Neutral
Islam and,0.0,,,,,,,,,,,,,,,,,,,,,,,,,,,,,,,,,,,,,,,,,,,,,,,,662,1079,0,0.0,0.0,,Neutral
Islam and the,0.0,,,,,,,,,,,,,,,,,,,,,,,,,,,,,,,,,,,,,,,,,,,,,,,,744,286,0,0.0,0.0,,Neutral
Islamic State,0.0,,,,,,,,,,,,,,,,,,,,,,,,,,,,,,,,,,,,,,,,,,,,,,,,40,2079,1,1.0,0.0,,Neutral
Islamic State fighters,0.0,,,,,,,,,,,,,,,,,,,,,,,,,,,,,,,,,,,,,,,,,,,,,,,,554,72,0,0.0,0.0,,Neutral
Islamophobia in the,82.0,7.0,0.0,0.0,0.0,0.0,1.0,2.0,2.0,0.0,11.0,0.0,0.0,0.0,6.0,1.0,0.0,0.0,2.0,0.0,0.0,0.0,34.0,0.0,0.0,0.0,1.0,3.0,0.0,0.0,0.0,1.0,1.0,0.0,0.0,6.0,0.0,0.0,0.0,2.0,1.0,0.0,0.0,0.0,1.0,0.0,0.0,0.0,33,82,1,1.0,1.0,-28.0,Left
Islams holiest,0.0,,,,,,,,,,,,,,,,,,,,,,,,,,,,,,,,,,,,,,,,,,,,,,,,592,107,0,0.0,0.0,,Neutral
It is,0.0,,,,,,,,,,,,,,,,,,,,,,,,,,,,,,,,,,,,,,,,,,,,,,,,763,1499,0,0.0,0.0,,Neutral
Jihad Watch,0.0,,,,,,,,,,,,,,,,,,,,,,,,,,,,,,,,,,,,,,,,,,,,,,,,43,109,1,1.0,0.0,,Neutral
Miqdaad Versi,0.0,,,,,,,,,,,,,,,,,,,,,,,,,,,,,,,,,,,,,,,,,,,,,,,,93,32,1,1.0,0.0,,Neutral
Mosque in,0.0,,,,,,,,,,,,,,,,,,,,,,,,,,,,,,,,,,,,,,,,,,,,,,,,683,275,0,0.0,0.0,,Neutral
Mosque on,0.0,,,,,,,,,,,,,,,,,,,,,,,,,,,,,,,,,,,,,,,,,,,,,,,,916,45,0,0.0,0.0,,Neutral
Mount Arafat,0.0,,,,,,,,,,,,,,,,,,,,,,,,,,,,,,,,,,,,,,,,,,,,,,,,56,78,1,1.0,0.0,,Neutral
Mr Erdogan,0.0,,,,,,,,,,,,,,,,,,,,,,,,,,,,,,,,,,,,,,,,,,,,,,,,107,50,1,0.0,0.0,,Neutral
Mr Modi,0.0,,,,,,,,,,,,,,,,,,,,,,,,,,,,,,,,,,,,,,,,,,,,,,,,104,115,1,0.0,0.0,,Neutral
Mr Trump,0.0,,,,,,,,,,,,,,,,,,,,,,,,,,,,,,,,,,,,,,,,,,,,,,,,317,102,0,0.0,0.0,,Neutral
Muslim American,0.0,,,,,,,,,,,,,,,,,,,,,,,,,,,,,,,,,,,,,,,,,,,,,,,,91,247,1,1.0,0.0,,Neutral
Muslim Americans,0.0,,,,,,,,,,,,,,,,,,,,,,,,,,,,,,,,,,,,,,,,,,,,,,,,116,202,1,0.0,0.0,,Neutral
Muslim ban,174.0,11.0,1.0,0.0,0.0,2.0,4.0,0.0,10.0,2.0,0.0,4.0,0.0,12.0,3.0,1.0,3.0,12.0,1.0,1.0,0.0,6.0,9.0,1.0,0.0,9.0,9.0,6.0,4.0,4.0,5.0,4.0,3.0,5.0,1.0,11.0,4.0,2.0,0.0,0.0,0.0,1.0,4.0,5.0,0.0,5.0,9.0,0.0,15,174,1,1.0,1.0,-20.0,Left
Muslim community,0.0,,,,,,,,,,,,,,,,,,,,,,,,,,,,,,,,,,,,,,,,,,,,,,,,85,860,1,1.0,0.0,,Neutral
Muslim majority,0.0,,,,,,,,,,,,,,,,,,,,,,,,,,,,,,,,,,,,,,,,,,,,,,,,76,733,1,1.0,0.0,,Neutral
Muslim pilgrims,0.0,,,,,,,,,,,,,,,,,,,,,,,,,,,,,,,,,,,,,,,,,,,,,,,,41,97,1,1.0,0.0,,Neutral
Muslim women,0.0,,,,,,,,,,,,,,,,,,,,,,,,,,,,,,,,,,,,,,,,,,,,,,,,62,848,1,1.0,0.0,,Neutral
Muslim worship,0.0,,,,,,,,,,,,,,,,,,,,,,,,,,,,,,,,,,,,,,,,,,,,,,,,55,56,1,1.0,0.0,,Neutral
Muslims observe,0.0,,,,,,,,,,,,,,,,,,,,,,,,,,,,,,,,,,,,,,,,,,,,,,,,718,104,0,0.0,0.0,,Neutral
New Delhi,0.0,,,,,,,,,,,,,,,,,,,,,,,,,,,,,,,,,,,,,,,,,,,,,,,,63,422,1,1.0,0.0,,Neutral
New York,0.0,,,,,,,,,,,,,,,,,,,,,,,,,,,,,,,,,,,,,,,,,,,,,,,,197,963,0,0.0,0.0,,Neutral
New York Times,0.0,,,,,,,,,,,,,,,,,,,,,,,,,,,,,,,,,,,,,,,,,,,,,,,,414,280,0,0.0,0.0,,Neutral
New Zealand,0.0,,,,,,,,,,,,,,,,,,,,,,,,,,,,,,,,,,,,,,,,,,,,,,,,131,1645,0,0.0,0.0,,Neutral
Politically Incorrect Guide,0.0,,,,,,,,,,,,,,,,,,,,,,,,,,,,,,,,,,,,,,,,,,,,,,,,111,94,1,0.0,0.0,,Neutral
Pope Francis,0.0,,,,,,,,,,,,,,,,,,,,,,,,,,,,,,,,,,,,,,,,,,,,,,,,442,229,0,0.0,0.0,,Neutral
President Abdel Fattah,0.0,,,,,,,,,,,,,,,,,,,,,,,,,,,,,,,,,,,,,,,,,,,,,,,,591,62,0,0.0,0.0,,Neutral
President Emmanuel Macron,0.0,,,,,,,,,,,,,,,,,,,,,,,,,,,,,,,,,,,,,,,,,,,,,,,,72,51,1,1.0,0.0,,Neutral
President Tayyip Erdogan,0.0,,,,,,,,,,,,,,,,,,,,,,,,,,,,,,,,,,,,,,,,,,,,,,,,66,30,1,1.0,0.0,,Neutral
Prime Minister,0.0,,,,,,,,,,,,,,,,,,,,,,,,,,,,,,,,,,,,,,,,,,,,,,,,249,785,0,0.0,0.0,,Neutral
Prince Mohammed,0.0,,,,,,,,,,,,,,,,,,,,,,,,,,,,,,,,,,,,,,,,,,,,,,,,79,134,1,1.0,0.0,,Neutral
READ MORE,0.0,,,,,,,,,,,,,,,,,,,,,,,,,,,,,,,,,,,,,,,,,,,,,,,,888,38,0,0.0,0.0,,Neutral
Raymond Ibrahim,0.0,,,,,,,,,,,,,,,,,,,,,,,,,,,,,,,,,,,,,,,,,,,,,,,,89,49,1,1.0,0.0,,Neutral
Read more,0.0,,,,,,,,,,,,,,,,,,,,,,,,,,,,,,,,,,,,,,,,,,,,,,,,640,437,0,0.0,0.0,,Neutral
Regents Park,0.0,,,,,,,,,,,,,,,,,,,,,,,,,,,,,,,,,,,,,,,,,,,,,,,,81,49,1,1.0,0.0,,Neutral
Robert Spencer,0.0,,,,,,,,,,,,,,,,,,,,,,,,,,,,,,,,,,,,,,,,,,,,,,,,86,123,1,1.0,0.0,,Neutral
Samuel Paty,0.0,,,,,,,,,,,,,,,,,,,,,,,,,,,,,,,,,,,,,,,,,,,,,,,,87,14,1,1.0,0.0,,Neutral
Saudi Arabia,0.0,,,,,,,,,,,,,,,,,,,,,,,,,,,,,,,,,,,,,,,,,,,,,,,,57,1472,1,1.0,0.0,,Neutral
Shillman Fellow at,0.0,,,,,,,,,,,,,,,,,,,,,,,,,,,,,,,,,,,,,,,,,,,,,,,,758,117,0,0.0,0.0,,Neutral
Sri Lanka,0.0,,,,,,,,,,,,,,,,,,,,,,,,,,,,,,,,,,,,,,,,,,,,,,,,69,639,1,1.0,0.0,,Neutral
Sri Lankan,0.0,,,,,,,,,,,,,,,,,,,,,,,,,,,,,,,,,,,,,,,,,,,,,,,,576,260,0,0.0,0.0,,Neutral
Sword and Scimitar,0.0,,,,,,,,,,,,,,,,,,,,,,,,,,,,,,,,,,,,,,,,,,,,,,,,48,92,1,1.0,0.0,,Neutral
Thank you,0.0,,,,,,,,,,,,,,,,,,,,,,,,,,,,,,,,,,,,,,,,,,,,,,,,925,118,0,0.0,0.0,,Neutral
The Associated Press,0.0,,,,,,,,,,,,,,,,,,,,,,,,,,,,,,,,,,,,,,,,,,,,,,,,952,124,0,0.0,0.0,,Neutral
The Daily,0.0,,,,,,,,,,,,,,,,,,,,,,,,,,,,,,,,,,,,,,,,,,,,,,,,619,137,0,0.0,0.0,,Neutral
The Intercept,0.0,,,,,,,,,,,,,,,,,,,,,,,,,,,,,,,,,,,,,,,,,,,,,,,,807,46,0,0.0,0.0,,Neutral
The Islamic,0.0,,,,,,,,,,,,,,,,,,,,,,,,,,,,,,,,,,,,,,,,,,,,,,,,891,333,0,0.0,0.0,,Neutral
The Islamic State,0.0,,,,,,,,,,,,,,,,,,,,,,,,,,,,,,,,,,,,,,,,,,,,,,,,600,139,0,0.0,0.0,,Neutral
The Politically Incorrect,0.0,,,,,,,,,,,,,,,,,,,,,,,,,,,,,,,,,,,,,,,,,,,,,,,,828,94,0,0.0,0.0,,Neutral
The news,0.0,,,,,,,,,,,,,,,,,,,,,,,,,,,,,,,,,,,,,,,,,,,,,,,,617,161,0,0.0,0.0,,Neutral
This article is,0.0,,,,,,,,,,,,,,,,,,,,,,,,,,,,,,,,,,,,,,,,,,,,,,,,792,170,0,0.0,0.0,,Neutral
This is,0.0,,,,,,,,,,,,,,,,,,,,,,,,,,,,,,,,,,,,,,,,,,,,,,,,806,1293,0,0.0,0.0,,Neutral
Tommy Robinson,0.0,,,,,,,,,,,,,,,,,,,,,,,,,,,,,,,,,,,,,,,,,,,,,,,,75,134,1,1.0,0.0,,Neutral
Turkeys President,0.0,,,,,,,,,,,,,,,,,,,,,,,,,,,,,,,,,,,,,,,,,,,,,,,,340,27,0,0.0,0.0,,Neutral
United States,0.0,,,,,,,,,,,,,,,,,,,,,,,,,,,,,,,,,,,,,,,,,,,,,,,,121,4747,0,0.0,0.0,,Neutral
Watch and,0.0,,,,,,,,,,,,,,,,,,,,,,,,,,,,,,,,,,,,,,,,,,,,,,,,834,101,0,0.0,0.0,,Neutral
Yaxley Lennon,0.0,,,,,,,,,,,,,,,,,,,,,,,,,,,,,,,,,,,,,,,,,,,,,,,,64,67,1,1.0,0.0,,Neutral
You can,0.0,,,,,,,,,,,,,,,,,,,,,,,,,,,,,,,,,,,,,,,,,,,,,,,,721,144,0,0.0,0.0,,Neutral
a French,0.0,,,,,,,,,,,,,,,,,,,,,,,,,,,,,,,,,,,,,,,,,,,,,,,,879,81,0,0.0,0.0,,Neutral
a Muslim,0.0,,,,,,,,,,,,,,,,,,,,,,,,,,,,,,,,,,,,,,,,,,,,,,,,854,1597,0,0.0,0.0,,Neutral
a Shillman Fellow,0.0,,,,,,,,,,,,,,,,,,,,,,,,,,,,,,,,,,,,,,,,,,,,,,,,47,110,1,1.0,0.0,,Neutral
a friend,0.0,,,,,,,,,,,,,,,,,,,,,,,,,,,,,,,,,,,,,,,,,,,,,,,,671,153,0,0.0,0.0,,Neutral
a large,0.0,,,,,,,,,,,,,,,,,,,,,,,,,,,,,,,,,,,,,,,,,,,,,,,,715,421,0,0.0,0.0,,Neutral
a lot of,0.0,,,,,,,,,,,,,,,,,,,,,,,,,,,,,,,,,,,,,,,,,,,,,,,,849,495,0,0.0,0.0,,Neutral
a mosque,0.0,,,,,,,,,,,,,,,,,,,,,,,,,,,,,,,,,,,,,,,,,,,,,,,,593,1261,0,0.0,0.0,,Neutral
a museum,0.0,,,,,,,,,,,,,,,,,,,,,,,,,,,,,,,,,,,,,,,,,,,,,,,,655,316,0,0.0,0.0,,Neutral
a rush,0.0,,,,,,,,,,,,,,,,,,,,,,,,,,,,,,,,,,,,,,,,,,,,,,,,947,55,0,0.0,0.0,,Neutral
a statement,0.0,,,,,,,,,,,,,,,,,,,,,,,,,,,,,,,,,,,,,,,,,,,,,,,,712,744,0,0.0,0.0,,Neutral
about the,0.0,,,,,,,,,,,,,,,,,,,,,,,,,,,,,,,,,,,,,,,,,,,,,,,,843,1711,0,0.0,0.0,,Neutral
accommodation,0.0,,,,,,,,,,,,,,,,,,,,,,,,,,,,,,,,,,,,,,,,,,,,,,,,565,43,0,0.0,0.0,,Neutral
according to,0.0,,,,,,,,,,,,,,,,,,,,,,,,,,,,,,,,,,,,,,,,,,,,,,,,620,1701,0,0.0,0.0,,Neutral
according to the,0.0,,,,,,,,,,,,,,,,,,,,,,,,,,,,,,,,,,,,,,,,,,,,,,,,938,486,0,0.0,0.0,,Neutral
account,0.0,,,,,,,,,,,,,,,,,,,,,,,,,,,,,,,,,,,,,,,,,,,,,,,,283,540,0,0.0,0.0,,Neutral
accused,0.0,,,,,,,,,,,,,,,,,,,,,,,,,,,,,,,,,,,,,,,,,,,,,,,,510,962,0,0.0,0.0,,Neutral
across,0.0,,,,,,,,,,,,,,,,,,,,,,,,,,,,,,,,,,,,,,,,,,,,,,,,472,1873,0,0.0,0.0,,Neutral
act,0.0,,,,,,,,,,,,,,,,,,,,,,,,,,,,,,,,,,,,,,,,,,,,,,,,499,742,0,0.0,0.0,,Neutral
actually,0.0,,,,,,,,,,,,,,,,,,,,,,,,,,,,,,,,,,,,,,,,,,,,,,,,334,712,0,0.0,0.0,,Neutral
added,0.0,,,,,,,,,,,,,,,,,,,,,,,,,,,,,,,,,,,,,,,,,,,,,,,,226,1106,0,0.0,0.0,,Neutral
adding,0.0,,,,,,,,,,,,,,,,,,,,,,,,,,,,,,,,,,,,,,,,,,,,,,,,563,374,0,0.0,0.0,,Neutral
address,0.0,,,,,,,,,,,,,,,,,,,,,,,,,,,,,,,,,,,,,,,,,,,,,,,,348,351,0,0.0,0.0,,Neutral
administration,0.0,,,,,,,,,,,,,,,,,,,,,,,,,,,,,,,,,,,,,,,,,,,,,,,,227,678,0,0.0,0.0,,Neutral
affiliate,0.0,,,,,,,,,,,,,,,,,,,,,,,,,,,,,,,,,,,,,,,,,,,,,,,,446,114,0,0.0,0.0,,Neutral
against Muslims,0.0,,,,,,,,,,,,,,,,,,,,,,,,,,,,,,,,,,,,,,,,,,,,,,,,863,420,0,0.0,0.0,,Neutral
against the,0.0,,,,,,,,,,,,,,,,,,,,,,,,,,,,,,,,,,,,,,,,,,,,,,,,794,1441,0,0.0,0.0,,Neutral
al Azhar,0.0,,,,,,,,,,,,,,,,,,,,,,,,,,,,,,,,,,,,,,,,,,,,,,,,82,39,1,1.0,0.0,,Neutral
al Qaeda,0.0,,,,,,,,,,,,,,,,,,,,,,,,,,,,,,,,,,,,,,,,,,,,,,,,83,378,1,1.0,0.0,,Neutral
al Qaida,0.0,,,,,,,,,,,,,,,,,,,,,,,,,,,,,,,,,,,,,,,,,,,,,,,,38,156,1,1.0,0.0,,Neutral
alerts,0.0,,,,,,,,,,,,,,,,,,,,,,,,,,,,,,,,,,,,,,,,,,,,,,,,196,80,0,0.0,0.0,,Neutral
always,0.0,,,,,,,,,,,,,,,,,,,,,,,,,,,,,,,,,,,,,,,,,,,,,,,,531,887,0,0.0,0.0,,Neutral
ambassador,0.0,,,,,,,,,,,,,,,,,,,,,,,,,,,,,,,,,,,,,,,,,,,,,,,,300,146,0,0.0,0.0,,Neutral
ambition,0.0,,,,,,,,,,,,,,,,,,,,,,,,,,,,,,,,,,,,,,,,,,,,,,,,257,39,0,0.0,0.0,,Neutral
ambition to,0.0,,,,,,,,,,,,,,,,,,,,,,,,,,,,,,,,,,,,,,,,,,,,,,,,765,21,0,0.0,0.0,,Neutral
among,0.0,,,,,,,,,,,,,,,,,,,,,,,,,,,,,,,,,,,,,,,,,,,,,,,,434,1743,0,0.0,0.0,,Neutral
an ancient,0.0,,,,,,,,,,,,,,,,,,,,,,,,,,,,,,,,,,,,,,,,,,,,,,,,749,52,0,0.0,0.0,,Neutral
ancient,0.0,,,,,,,,,,,,,,,,,,,,,,,,,,,,,,,,,,,,,,,,,,,,,,,,211,245,0,0.0,0.0,,Neutral
and I,0.0,,,,,,,,,,,,,,,,,,,,,,,,,,,,,,,,,,,,,,,,,,,,,,,,941,652,0,0.0,0.0,,Neutral
and Islam,0.0,,,,,,,,,,,,,,,,,,,,,,,,,,,,,,,,,,,,,,,,,,,,,,,,784,189,0,0.0,0.0,,Neutral
and Muslims,0.0,,,,,,,,,,,,,,,,,,,,,,,,,,,,,,,,,,,,,,,,,,,,,,,,936,549,0,0.0,0.0,,Neutral
and The,0.0,,,,,,,,,,,,,,,,,,,,,,,,,,,,,,,,,,,,,,,,,,,,,,,,926,125,0,0.0,0.0,,Neutral
and a,0.0,,,,,,,,,,,,,,,,,,,,,,,,,,,,,,,,,,,,,,,,,,,,,,,,739,1865,0,0.0,0.0,,Neutral
and free,0.0,,,,,,,,,,,,,,,,,,,,,,,,,,,,,,,,,,,,,,,,,,,,,,,,612,127,0,0.0,0.0,,Neutral
and he,0.0,,,,,,,,,,,,,,,,,,,,,,,,,,,,,,,,,,,,,,,,,,,,,,,,967,392,0,0.0,0.0,,Neutral
and here,0.0,,,,,,,,,,,,,,,,,,,,,,,,,,,,,,,,,,,,,,,,,,,,,,,,862,27,0,0.0,0.0,,Neutral
and may be,0.0,,,,,,,,,,,,,,,,,,,,,,,,,,,,,,,,,,,,,,,,,,,,,,,,933,52,0,0.0,0.0,,Neutral
and more,0.0,,,,,,,,,,,,,,,,,,,,,,,,,,,,,,,,,,,,,,,,,,,,,,,,869,395,0,0.0,0.0,,Neutral
and produced,0.0,,,,,,,,,,,,,,,,,,,,,,,,,,,,,,,,,,,,,,,,,,,,,,,,948,54,0,0.0,0.0,,Neutral
and special,0.0,,,,,,,,,,,,,,,,,,,,,,,,,,,,,,,,,,,,,,,,,,,,,,,,665,86,0,0.0,0.0,,Neutral
and the,0.0,,,,,,,,,,,,,,,,,,,,,,,,,,,,,,,,,,,,,,,,,,,,,,,,641,6122,0,0.0,0.0,,Neutral
anger,0.0,,,,,,,,,,,,,,,,,,,,,,,,,,,,,,,,,,,,,,,,,,,,,,,,297,293,0,0.0,0.0,,Neutral
annual,0.0,,,,,,,,,,,,,,,,,,,,,,,,,,,,,,,,,,,,,,,,,,,,,,,,306,286,0,0.0,0.0,,Neutral
anti,0.0,,,,,,,,,,,,,,,,,,,,,,,,,,,,,,,,,,,,,,,,,,,,,,,,123,3541,0,0.0,0.0,,Neutral
anti Muslim,1461.0,122.0,13.0,5.0,2.0,5.0,14.0,2.0,7.0,84.0,19.0,5.0,47.0,74.0,28.0,31.0,10.0,17.0,6.0,18.0,1.0,33.0,229.0,46.0,3.0,7.0,71.0,31.0,26.0,22.0,51.0,29.0,9.0,16.0,3.0,95.0,25.0,8.0,0.0,26.0,13.0,10.0,23.0,22.0,8.0,25.0,114.0,1.0,0,1461,1,1.0,1.0,-617.0,Left
anti Semitism,0.0,,,,,,,,,,,,,,,,,,,,,,,,,,,,,,,,,,,,,,,,,,,,,,,,46,272,1,1.0,0.0,,Neutral
any other,0.0,,,,,,,,,,,,,,,,,,,,,,,,,,,,,,,,,,,,,,,,,,,,,,,,858,340,0,0.0,0.0,,Neutral
are created,0.0,,,,,,,,,,,,,,,,,,,,,,,,,,,,,,,,,,,,,,,,,,,,,,,,964,54,0,0.0,0.0,,Neutral
are happening,0.0,,,,,,,,,,,,,,,,,,,,,,,,,,,,,,,,,,,,,,,,,,,,,,,,657,66,0,0.0,0.0,,Neutral
around,0.0,,,,,,,,,,,,,,,,,,,,,,,,,,,,,,,,,,,,,,,,,,,,,,,,325,2503,0,0.0,0.0,,Neutral
around the,0.0,,,,,,,,,,,,,,,,,,,,,,,,,,,,,,,,,,,,,,,,,,,,,,,,727,1314,0,0.0,0.0,,Neutral
around the globe,0.0,,,,,,,,,,,,,,,,,,,,,,,,,,,,,,,,,,,,,,,,,,,,,,,,833,136,0,0.0,0.0,,Neutral
arrested,0.0,,,,,,,,,,,,,,,,,,,,,,,,,,,,,,,,,,,,,,,,,,,,,,,,289,811,0,0.0,0.0,,Neutral
arrests,0.0,,,,,,,,,,,,,,,,,,,,,,,,,,,,,,,,,,,,,,,,,,,,,,,,349,140,0,0.0,0.0,,Neutral
article,0.0,,,,,,,,,,,,,,,,,,,,,,,,,,,,,,,,,,,,,,,,,,,,,,,,158,868,0,0.0,0.0,,Neutral
article as,0.0,,,,,,,,,,,,,,,,,,,,,,,,,,,,,,,,,,,,,,,,,,,,,,,,767,17,0,0.0,0.0,,Neutral
as a,0.0,,,,,,,,,,,,,,,,,,,,,,,,,,,,,,,,,,,,,,,,,,,,,,,,708,4565,0,0.0,0.0,,Neutral
as an,0.0,,,,,,,,,,,,,,,,,,,,,,,,,,,,,,,,,,,,,,,,,,,,,,,,756,882,0,0.0,0.0,,Neutral
as one,0.0,,,,,,,,,,,,,,,,,,,,,,,,,,,,,,,,,,,,,,,,,,,,,,,,722,194,0,0.0,0.0,,Neutral
as the,0.0,,,,,,,,,,,,,,,,,,,,,,,,,,,,,,,,,,,,,,,,,,,,,,,,726,2620,0,0.0,0.0,,Neutral
asked,0.0,,,,,,,,,,,,,,,,,,,,,,,,,,,,,,,,,,,,,,,,,,,,,,,,316,1170,0,0.0,0.0,,Neutral
assaults,0.0,,,,,,,,,,,,,,,,,,,,,,,,,,,,,,,,,,,,,,,,,,,,,,,,402,96,0,0.0,0.0,,Neutral
at Hagia Sophia,0.0,,,,,,,,,,,,,,,,,,,,,,,,,,,,,,,,,,,,,,,,,,,,,,,,796,31,0,0.0,0.0,,Neutral
at a,0.0,,,,,,,,,,,,,,,,,,,,,,,,,,,,,,,,,,,,,,,,,,,,,,,,800,1322,0,0.0,0.0,,Neutral
at an,0.0,,,,,,,,,,,,,,,,,,,,,,,,,,,,,,,,,,,,,,,,,,,,,,,,768,162,0,0.0,0.0,,Neutral
at home,0.0,,,,,,,,,,,,,,,,,,,,,,,,,,,,,,,,,,,,,,,,,,,,,,,,782,497,0,0.0,0.0,,Neutral
at the,0.0,,,,,,,,,,,,,,,,,,,,,,,,,,,,,,,,,,,,,,,,,,,,,,,,625,4818,0,0.0,0.0,,Neutral
at the David,0.0,,,,,,,,,,,,,,,,,,,,,,,,,,,,,,,,,,,,,,,,,,,,,,,,741,125,0,0.0,0.0,,Neutral
attack,0.0,,,,,,,,,,,,,,,,,,,,,,,,,,,,,,,,,,,,,,,,,,,,,,,,58,2951,1,1.0,0.0,,Neutral
attacks,0.0,,,,,,,,,,,,,,,,,,,,,,,,,,,,,,,,,,,,,,,,,,,,,,,,192,3121,0,0.0,0.0,,Neutral
attend,0.0,,,,,,,,,,,,,,,,,,,,,,,,,,,,,,,,,,,,,,,,,,,,,,,,535,332,0,0.0,0.0,,Neutral
audience,0.0,,,,,,,,,,,,,,,,,,,,,,,,,,,,,,,,,,,,,,,,,,,,,,,,212,273,0,0.0,0.0,,Neutral
author,0.0,,,,,,,,,,,,,,,,,,,,,,,,,,,,,,,,,,,,,,,,,,,,,,,,445,562,0,0.0,0.0,,Neutral
author of,0.0,,,,,,,,,,,,,,,,,,,,,,,,,,,,,,,,,,,,,,,,,,,,,,,,883,365,0,0.0,0.0,,Neutral
authorities,0.0,,,,,,,,,,,,,,,,,,,,,,,,,,,,,,,,,,,,,,,,,,,,,,,,250,1419,0,0.0,0.0,,Neutral
authority,0.0,,,,,,,,,,,,,,,,,,,,,,,,,,,,,,,,,,,,,,,,,,,,,,,,385,385,0,0.0,0.0,,Neutral
availability,0.0,,,,,,,,,,,,,,,,,,,,,,,,,,,,,,,,,,,,,,,,,,,,,,,,574,66,0,0.0,0.0,,Neutral
available,0.0,,,,,,,,,,,,,,,,,,,,,,,,,,,,,,,,,,,,,,,,,,,,,,,,219,251,0,0.0,0.0,,Neutral
back,0.0,,,,,,,,,,,,,,,,,,,,,,,,,,,,,,,,,,,,,,,,,,,,,,,,331,2188,0,0.0,0.0,,Neutral
back in,0.0,,,,,,,,,,,,,,,,,,,,,,,,,,,,,,,,,,,,,,,,,,,,,,,,902,184,0,0.0,0.0,,Neutral
back into,0.0,,,,,,,,,,,,,,,,,,,,,,,,,,,,,,,,,,,,,,,,,,,,,,,,896,145,0,0.0,0.0,,Neutral
back into a,0.0,,,,,,,,,,,,,,,,,,,,,,,,,,,,,,,,,,,,,,,,,,,,,,,,808,91,0,0.0,0.0,,Neutral
backed,0.0,,,,,,,,,,,,,,,,,,,,,,,,,,,,,,,,,,,,,,,,,,,,,,,,324,384,0,0.0,0.0,,Neutral
ban,0.0,,,,,,,,,,,,,,,,,,,,,,,,,,,,,,,,,,,,,,,,,,,,,,,,122,1554,0,0.0,0.0,,Neutral
banned,0.0,,,,,,,,,,,,,,,,,,,,,,,,,,,,,,,,,,,,,,,,,,,,,,,,326,642,0,0.0,0.0,,Neutral
battle,0.0,,,,,,,,,,,,,,,,,,,,,,,,,,,,,,,,,,,,,,,,,,,,,,,,582,486,0,0.0,0.0,,Neutral
becomes,0.0,,,,,,,,,,,,,,,,,,,,,,,,,,,,,,,,,,,,,,,,,,,,,,,,409,220,0,0.0,0.0,,Neutral
beheaded,77.0,1.0,0.0,0.0,4.0,3.0,1.0,2.0,2.0,1.0,0.0,0.0,0.0,0.0,2.0,0.0,4.0,0.0,0.0,3.0,1.0,3.0,1.0,1.0,0.0,2.0,0.0,0.0,0.0,1.0,1.0,1.0,1.0,0.0,2.0,14.0,1.0,0.0,0.0,1.0,0.0,0.0,0.0,1.0,1.0,0.0,4.0,1.0,30,77,1,1.0,1.0,20.0,Right
beheading,0.0,,,,,,,,,,,,,,,,,,,,,,,,,,,,,,,,,,,,,,,,,,,,,,,,487,71,0,0.0,0.0,,Neutral
believe,0.0,,,,,,,,,,,,,,,,,,,,,,,,,,,,,,,,,,,,,,,,,,,,,,,,488,1260,0,0.0,0.0,,Neutral
between Islam and,0.0,,,,,,,,,,,,,,,,,,,,,,,,,,,,,,,,,,,,,,,,,,,,,,,,966,123,0,0.0,0.0,,Neutral
bigotry,375.0,26.0,8.0,2.0,1.0,0.0,12.0,0.0,1.0,10.0,7.0,1.0,18.0,30.0,5.0,6.0,9.0,8.0,3.0,2.0,10.0,17.0,53.0,6.0,0.0,4.0,12.0,5.0,6.0,5.0,5.0,8.0,1.0,2.0,0.0,13.0,15.0,2.0,0.0,2.0,3.0,9.0,3.0,10.0,1.0,11.0,23.0,0.0,1,375,1,1.0,1.0,-138.0,Left
bill,0.0,,,,,,,,,,,,,,,,,,,,,,,,,,,,,,,,,,,,,,,,,,,,,,,,208,506,0,0.0,0.0,,Neutral
billion,0.0,,,,,,,,,,,,,,,,,,,,,,,,,,,,,,,,,,,,,,,,,,,,,,,,556,271,0,0.0,0.0,,Neutral
bin,0.0,,,,,,,,,,,,,,,,,,,,,,,,,,,,,,,,,,,,,,,,,,,,,,,,422,518,0,0.0,0.0,,Neutral
black,0.0,,,,,,,,,,,,,,,,,,,,,,,,,,,,,,,,,,,,,,,,,,,,,,,,265,664,0,0.0,0.0,,Neutral
blasphemous,0.0,,,,,,,,,,,,,,,,,,,,,,,,,,,,,,,,,,,,,,,,,,,,,,,,110,50,1,0.0,0.0,,Neutral
blasphemy,456.0,35.0,1.0,9.0,8.0,13.0,4.0,5.0,26.0,0.0,6.0,5.0,32.0,0.0,32.0,0.0,16.0,0.0,2.0,2.0,10.0,4.0,79.0,1.0,0.0,8.0,0.0,0.0,0.0,23.0,0.0,20.0,1.0,13.0,1.0,19.0,7.0,3.0,0.0,9.0,0.0,18.0,0.0,8.0,0.0,1.0,33.0,0.0,2,456,1,1.0,1.0,-33.0,Left
book,0.0,,,,,,,,,,,,,,,,,,,,,,,,,,,,,,,,,,,,,,,,,,,,,,,,190,878,0,0.0,0.0,,Neutral
border,0.0,,,,,,,,,,,,,,,,,,,,,,,,,,,,,,,,,,,,,,,,,,,,,,,,388,432,0,0.0,0.0,,Neutral
boycott,0.0,,,,,,,,,,,,,,,,,,,,,,,,,,,,,,,,,,,,,,,,,,,,,,,,67,156,1,1.0,0.0,,Neutral
break,0.0,,,,,,,,,,,,,,,,,,,,,,,,,,,,,,,,,,,,,,,,,,,,,,,,981,330,0,0.0,0.0,,Neutral
break the fast,0.0,,,,,,,,,,,,,,,,,,,,,,,,,,,,,,,,,,,,,,,,,,,,,,,,976,31,0,0.0,0.0,,Neutral
breaking,0.0,,,,,,,,,,,,,,,,,,,,,,,,,,,,,,,,,,,,,,,,,,,,,,,,284,302,0,0.0,0.0,,Neutral
building,0.0,,,,,,,,,,,,,,,,,,,,,,,,,,,,,,,,,,,,,,,,,,,,,,,,346,840,0,0.0,0.0,,Neutral
by The,0.0,,,,,,,,,,,,,,,,,,,,,,,,,,,,,,,,,,,,,,,,,,,,,,,,654,149,0,0.0,0.0,,Neutral
by the,0.0,,,,,,,,,,,,,,,,,,,,,,,,,,,,,,,,,,,,,,,,,,,,,,,,692,4407,0,0.0,0.0,,Neutral
caliph,170.0,8.0,0.0,0.0,7.0,0.0,40.0,0.0,7.0,1.0,0.0,0.0,0.0,1.0,14.0,2.0,0.0,0.0,2.0,7.0,0.0,0.0,6.0,0.0,0.0,0.0,0.0,0.0,0.0,1.0,0.0,0.0,2.0,8.0,0.0,30.0,10.0,0.0,0.0,0.0,0.0,3.0,0.0,1.0,0.0,1.0,19.0,0.0,3,170,1,1.0,1.0,-45.0,Left
call,0.0,,,,,,,,,,,,,,,,,,,,,,,,,,,,,,,,,,,,,,,,,,,,,,,,328,1369,0,0.0,0.0,,Neutral
call to prayer,0.0,,,,,,,,,,,,,,,,,,,,,,,,,,,,,,,,,,,,,,,,,,,,,,,,831,280,0,0.0,0.0,,Neutral
called,0.0,,,,,,,,,,,,,,,,,,,,,,,,,,,,,,,,,,,,,,,,,,,,,,,,276,2615,0,0.0,0.0,,Neutral
camp,0.0,,,,,,,,,,,,,,,,,,,,,,,,,,,,,,,,,,,,,,,,,,,,,,,,555,362,0,0.0,0.0,,Neutral
camps,0.0,,,,,,,,,,,,,,,,,,,,,,,,,,,,,,,,,,,,,,,,,,,,,,,,172,763,0,0.0,0.0,,Neutral
can provide,0.0,,,,,,,,,,,,,,,,,,,,,,,,,,,,,,,,,,,,,,,,,,,,,,,,645,79,0,0.0,0.0,,Neutral
cant,0.0,,,,,,,,,,,,,,,,,,,,,,,,,,,,,,,,,,,,,,,,,,,,,,,,515,575,0,0.0,0.0,,Neutral
capital,0.0,,,,,,,,,,,,,,,,,,,,,,,,,,,,,,,,,,,,,,,,,,,,,,,,407,845,0,0.0,0.0,,Neutral
caricatures,0.0,,,,,,,,,,,,,,,,,,,,,,,,,,,,,,,,,,,,,,,,,,,,,,,,352,28,0,0.0,0.0,,Neutral
cartoon,0.0,,,,,,,,,,,,,,,,,,,,,,,,,,,,,,,,,,,,,,,,,,,,,,,,363,66,0,0.0,0.0,,Neutral
cartoons,0.0,,,,,,,,,,,,,,,,,,,,,,,,,,,,,,,,,,,,,,,,,,,,,,,,134,112,0,0.0,0.0,,Neutral
cartoons of the,0.0,,,,,,,,,,,,,,,,,,,,,,,,,,,,,,,,,,,,,,,,,,,,,,,,987,20,0,0.0,0.0,,Neutral
case,0.0,,,,,,,,,,,,,,,,,,,,,,,,,,,,,,,,,,,,,,,,,,,,,,,,501,1273,0,0.0,0.0,,Neutral
cases,0.0,,,,,,,,,,,,,,,,,,,,,,,,,,,,,,,,,,,,,,,,,,,,,,,,144,869,0,0.0,0.0,,Neutral
cases including,0.0,,,,,,,,,,,,,,,,,,,,,,,,,,,,,,,,,,,,,,,,,,,,,,,,550,17,0,0.0,0.0,,Neutral
cathedral,0.0,,,,,,,,,,,,,,,,,,,,,,,,,,,,,,,,,,,,,,,,,,,,,,,,568,210,0,0.0,0.0,,Neutral
cent,0.0,,,,,,,,,,,,,,,,,,,,,,,,,,,,,,,,,,,,,,,,,,,,,,,,457,134,0,0.0,0.0,,Neutral
centuries,0.0,,,,,,,,,,,,,,,,,,,,,,,,,,,,,,,,,,,,,,,,,,,,,,,,494,435,0,0.0,0.0,,Neutral
century,0.0,,,,,,,,,,,,,,,,,,,,,,,,,,,,,,,,,,,,,,,,,,,,,,,,253,908,0,0.0,0.0,,Neutral
change,0.0,,,,,,,,,,,,,,,,,,,,,,,,,,,,,,,,,,,,,,,,,,,,,,,,322,915,0,0.0,0.0,,Neutral
charge,0.0,,,,,,,,,,,,,,,,,,,,,,,,,,,,,,,,,,,,,,,,,,,,,,,,221,354,0,0.0,0.0,,Neutral
charge to,0.0,,,,,,,,,,,,,,,,,,,,,,,,,,,,,,,,,,,,,,,,,,,,,,,,643,72,0,0.0,0.0,,Neutral
children,0.0,,,,,,,,,,,,,,,,,,,,,,,,,,,,,,,,,,,,,,,,,,,,,,,,222,1652,0,0.0,0.0,,Neutral
church,0.0,,,,,,,,,,,,,,,,,,,,,,,,,,,,,,,,,,,,,,,,,,,,,,,,214,1010,0,0.0,0.0,,Neutral
churches,0.0,,,,,,,,,,,,,,,,,,,,,,,,,,,,,,,,,,,,,,,,,,,,,,,,355,671,0,0.0,0.0,,Neutral
cities,0.0,,,,,,,,,,,,,,,,,,,,,,,,,,,,,,,,,,,,,,,,,,,,,,,,571,506,0,0.0,0.0,,Neutral
citizens,0.0,,,,,,,,,,,,,,,,,,,,,,,,,,,,,,,,,,,,,,,,,,,,,,,,489,1102,0,0.0,0.0,,Neutral
citizenship,0.0,,,,,,,,,,,,,,,,,,,,,,,,,,,,,,,,,,,,,,,,,,,,,,,,102,1359,1,0.0,0.0,,Neutral
citizenship law,327.0,65.0,0.0,2.0,0.0,4.0,0.0,11.0,3.0,3.0,2.0,9.0,27.0,5.0,0.0,2.0,0.0,0.0,0.0,4.0,0.0,8.0,38.0,0.0,0.0,0.0,4.0,3.0,0.0,0.0,7.0,17.0,5.0,4.0,0.0,1.0,6.0,0.0,4.0,19.0,0.0,0.0,4.0,2.0,4.0,5.0,57.0,2.0,4,327,1,1.0,1.0,-121.0,Left
city,0.0,,,,,,,,,,,,,,,,,,,,,,,,,,,,,,,,,,,,,,,,,,,,,,,,184,1707,0,0.0,0.0,,Neutral
city of,0.0,,,,,,,,,,,,,,,,,,,,,,,,,,,,,,,,,,,,,,,,,,,,,,,,711,606,0,0.0,0.0,,Neutral
city of Mecca,0.0,,,,,,,,,,,,,,,,,,,,,,,,,,,,,,,,,,,,,,,,,,,,,,,,798,95,0,0.0,0.0,,Neutral
civil,0.0,,,,,,,,,,,,,,,,,,,,,,,,,,,,,,,,,,,,,,,,,,,,,,,,382,795,0,0.0,0.0,,Neutral
civil rights,0.0,,,,,,,,,,,,,,,,,,,,,,,,,,,,,,,,,,,,,,,,,,,,,,,,84,188,1,1.0,0.0,,Neutral
claimed,0.0,,,,,,,,,,,,,,,,,,,,,,,,,,,,,,,,,,,,,,,,,,,,,,,,517,905,0,0.0,0.0,,Neutral
claims,0.0,,,,,,,,,,,,,,,,,,,,,,,,,,,,,,,,,,,,,,,,,,,,,,,,448,661,0,0.0,0.0,,Neutral
clashes,0.0,,,,,,,,,,,,,,,,,,,,,,,,,,,,,,,,,,,,,,,,,,,,,,,,397,178,0,0.0,0.0,,Neutral
cleric,0.0,,,,,,,,,,,,,,,,,,,,,,,,,,,,,,,,,,,,,,,,,,,,,,,,293,288,0,0.0,0.0,,Neutral
clerics,0.0,,,,,,,,,,,,,,,,,,,,,,,,,,,,,,,,,,,,,,,,,,,,,,,,285,389,0,0.0,0.0,,Neutral
climate,0.0,,,,,,,,,,,,,,,,,,,,,,,,,,,,,,,,,,,,,,,,,,,,,,,,516,149,0,0.0,0.0,,Neutral
climate change,0.0,,,,,,,,,,,,,,,,,,,,,,,,,,,,,,,,,,,,,,,,,,,,,,,,433,32,0,0.0,0.0,,Neutral
closed,0.0,,,,,,,,,,,,,,,,,,,,,,,,,,,,,,,,,,,,,,,,,,,,,,,,228,501,0,0.0,0.0,,Neutral
colonial,0.0,,,,,,,,,,,,,,,,,,,,,,,,,,,,,,,,,,,,,,,,,,,,,,,,527,187,0,0.0,0.0,,Neutral
come,0.0,,,,,,,,,,,,,,,,,,,,,,,,,,,,,,,,,,,,,,,,,,,,,,,,454,1598,0,0.0,0.0,,Neutral
comment,0.0,,,,,,,,,,,,,,,,,,,,,,,,,,,,,,,,,,,,,,,,,,,,,,,,432,502,0,0.0,0.0,,Neutral
comments,0.0,,,,,,,,,,,,,,,,,,,,,,,,,,,,,,,,,,,,,,,,,,,,,,,,182,924,0,0.0,0.0,,Neutral
communities,0.0,,,,,,,,,,,,,,,,,,,,,,,,,,,,,,,,,,,,,,,,,,,,,,,,369,1399,0,0.0,0.0,,Neutral
community,0.0,,,,,,,,,,,,,,,,,,,,,,,,,,,,,,,,,,,,,,,,,,,,,,,,152,3166,0,0.0,0.0,,Neutral
companies,0.0,,,,,,,,,,,,,,,,,,,,,,,,,,,,,,,,,,,,,,,,,,,,,,,,575,194,0,0.0,0.0,,Neutral
company,0.0,,,,,,,,,,,,,,,,,,,,,,,,,,,,,,,,,,,,,,,,,,,,,,,,518,261,0,0.0,0.0,,Neutral
compound,0.0,,,,,,,,,,,,,,,,,,,,,,,,,,,,,,,,,,,,,,,,,,,,,,,,337,203,0,0.0,0.0,,Neutral
condemned,0.0,,,,,,,,,,,,,,,,,,,,,,,,,,,,,,,,,,,,,,,,,,,,,,,,578,416,0,0.0,0.0,,Neutral
conference,0.0,,,,,,,,,,,,,,,,,,,,,,,,,,,,,,,,,,,,,,,,,,,,,,,,562,472,0,0.0,0.0,,Neutral
conservative,0.0,,,,,,,,,,,,,,,,,,,,,,,,,,,,,,,,,,,,,,,,,,,,,,,,345,743,0,0.0,0.0,,Neutral
conspiracy,0.0,,,,,,,,,,,,,,,,,,,,,,,,,,,,,,,,,,,,,,,,,,,,,,,,525,385,0,0.0,0.0,,Neutral
contain,0.0,,,,,,,,,,,,,,,,,,,,,,,,,,,,,,,,,,,,,,,,,,,,,,,,314,131,0,0.0,0.0,,Neutral
control,0.0,,,,,,,,,,,,,,,,,,,,,,,,,,,,,,,,,,,,,,,,,,,,,,,,465,746,0,0.0,0.0,,Neutral
conversations,0.0,,,,,,,,,,,,,,,,,,,,,,,,,,,,,,,,,,,,,,,,,,,,,,,,187,159,0,0.0,0.0,,Neutral
could,0.0,,,,,,,,,,,,,,,,,,,,,,,,,,,,,,,,,,,,,,,,,,,,,,,,478,2895,0,0.0,0.0,,Neutral
counter,0.0,,,,,,,,,,,,,,,,,,,,,,,,,,,,,,,,,,,,,,,,,,,,,,,,453,437,0,0.0,0.0,,Neutral
countries,0.0,,,,,,,,,,,,,,,,,,,,,,,,,,,,,,,,,,,,,,,,,,,,,,,,313,2537,0,0.0,0.0,,Neutral
country,0.0,,,,,,,,,,,,,,,,,,,,,,,,,,,,,,,,,,,,,,,,,,,,,,,,178,4240,0,0.0,0.0,,Neutral
course,0.0,,,,,,,,,,,,,,,,,,,,,,,,,,,,,,,,,,,,,,,,,,,,,,,,441,673,0,0.0,0.0,,Neutral
court,0.0,,,,,,,,,,,,,,,,,,,,,,,,,,,,,,,,,,,,,,,,,,,,,,,,186,1330,0,0.0,0.0,,Neutral
courts,0.0,,,,,,,,,,,,,,,,,,,,,,,,,,,,,,,,,,,,,,,,,,,,,,,,423,330,0,0.0,0.0,,Neutral
covering,0.0,,,,,,,,,,,,,,,,,,,,,,,,,,,,,,,,,,,,,,,,,,,,,,,,534,277,0,0.0,0.0,,Neutral
coverings,0.0,,,,,,,,,,,,,,,,,,,,,,,,,,,,,,,,,,,,,,,,,,,,,,,,544,130,0,0.0,0.0,,Neutral
created,0.0,,,,,,,,,,,,,,,,,,,,,,,,,,,,,,,,,,,,,,,,,,,,,,,,239,530,0,0.0,0.0,,Neutral
created by,0.0,,,,,,,,,,,,,,,,,,,,,,,,,,,,,,,,,,,,,,,,,,,,,,,,663,131,0,0.0,0.0,,Neutral
crimes,0.0,,,,,,,,,,,,,,,,,,,,,,,,,,,,,,,,,,,,,,,,,,,,,,,,410,638,0,0.0,0.0,,Neutral
crisis,0.0,,,,,,,,,,,,,,,,,,,,,,,,,,,,,,,,,,,,,,,,,,,,,,,,318,465,0,0.0,0.0,,Neutral
crisis and,0.0,,,,,,,,,,,,,,,,,,,,,,,,,,,,,,,,,,,,,,,,,,,,,,,,762,37,0,0.0,0.0,,Neutral
crowds,0.0,,,,,,,,,,,,,,,,,,,,,,,,,,,,,,,,,,,,,,,,,,,,,,,,277,163,0,0.0,0.0,,Neutral
cultural,0.0,,,,,,,,,,,,,,,,,,,,,,,,,,,,,,,,,,,,,,,,,,,,,,,,286,709,0,0.0,0.0,,Neutral
culture,0.0,,,,,,,,,,,,,,,,,,,,,,,,,,,,,,,,,,,,,,,,,,,,,,,,468,847,0,0.0,0.0,,Neutral
day,0.0,,,,,,,,,,,,,,,,,,,,,,,,,,,,,,,,,,,,,,,,,,,,,,,,132,2355,0,0.0,0.0,,Neutral
day of,0.0,,,,,,,,,,,,,,,,,,,,,,,,,,,,,,,,,,,,,,,,,,,,,,,,605,313,0,0.0,0.0,,Neutral
day of the,0.0,,,,,,,,,,,,,,,,,,,,,,,,,,,,,,,,,,,,,,,,,,,,,,,,760,110,0,0.0,0.0,,Neutral
days,0.0,,,,,,,,,,,,,,,,,,,,,,,,,,,,,,,,,,,,,,,,,,,,,,,,426,1377,0,0.0,0.0,,Neutral
death,0.0,,,,,,,,,,,,,,,,,,,,,,,,,,,,,,,,,,,,,,,,,,,,,,,,455,1544,0,0.0,0.0,,Neutral
deaths,0.0,,,,,,,,,,,,,,,,,,,,,,,,,,,,,,,,,,,,,,,,,,,,,,,,157,376,0,0.0,0.0,,Neutral
decades,0.0,,,,,,,,,,,,,,,,,,,,,,,,,,,,,,,,,,,,,,,,,,,,,,,,263,771,0,0.0,0.0,,Neutral
decision,0.0,,,,,,,,,,,,,,,,,,,,,,,,,,,,,,,,,,,,,,,,,,,,,,,,210,1294,0,0.0,0.0,,Neutral
democracy,0.0,,,,,,,,,,,,,,,,,,,,,,,,,,,,,,,,,,,,,,,,,,,,,,,,307,569,0,0.0,0.0,,Neutral
demolition,0.0,,,,,,,,,,,,,,,,,,,,,,,,,,,,,,,,,,,,,,,,,,,,,,,,302,91,0,0.0,0.0,,Neutral
detention,0.0,,,,,,,,,,,,,,,,,,,,,,,,,,,,,,,,,,,,,,,,,,,,,,,,327,406,0,0.0,0.0,,Neutral
did not,0.0,,,,,,,,,,,,,,,,,,,,,,,,,,,,,,,,,,,,,,,,,,,,,,,,887,1234,0,0.0,0.0,,Neutral
didnt,0.0,,,,,,,,,,,,,,,,,,,,,,,,,,,,,,,,,,,,,,,,,,,,,,,,425,901,0,0.0,0.0,,Neutral
different,0.0,,,,,,,,,,,,,,,,,,,,,,,,,,,,,,,,,,,,,,,,,,,,,,,,493,1215,0,0.0,0.0,,Neutral
digital,0.0,,,,,,,,,,,,,,,,,,,,,,,,,,,,,,,,,,,,,,,,,,,,,,,,295,89,0,0.0,0.0,,Neutral
director,0.0,,,,,,,,,,,,,,,,,,,,,,,,,,,,,,,,,,,,,,,,,,,,,,,,474,727,0,0.0,0.0,,Neutral
discrimination,637.0,72.0,2.0,16.0,3.0,4.0,23.0,3.0,7.0,5.0,3.0,5.0,32.0,11.0,47.0,2.0,8.0,11.0,19.0,5.0,2.0,19.0,96.0,11.0,0.0,3.0,19.0,0.0,5.0,14.0,12.0,13.0,11.0,7.0,3.0,32.0,7.0,4.0,0.0,13.0,1.0,20.0,6.0,17.0,1.0,10.0,31.0,0.0,5,637,1,1.0,1.0,-134.0,Left
disease,0.0,,,,,,,,,,,,,,,,,,,,,,,,,,,,,,,,,,,,,,,,,,,,,,,,541,225,0,0.0,0.0,,Neutral
do not,0.0,,,,,,,,,,,,,,,,,,,,,,,,,,,,,,,,,,,,,,,,,,,,,,,,954,815,0,0.0,0.0,,Neutral
doctors,0.0,,,,,,,,,,,,,,,,,,,,,,,,,,,,,,,,,,,,,,,,,,,,,,,,469,128,0,0.0,0.0,,Neutral
doesnt,0.0,,,,,,,,,,,,,,,,,,,,,,,,,,,,,,,,,,,,,,,,,,,,,,,,513,712,0,0.0,0.0,,Neutral
dogs,0.0,,,,,,,,,,,,,,,,,,,,,,,,,,,,,,,,,,,,,,,,,,,,,,,,523,87,0,0.0,0.0,,Neutral
dome,0.0,,,,,,,,,,,,,,,,,,,,,,,,,,,,,,,,,,,,,,,,,,,,,,,,243,84,0,0.0,0.0,,Neutral
dont,0.0,,,,,,,,,,,,,,,,,,,,,,,,,,,,,,,,,,,,,,,,,,,,,,,,215,1903,0,0.0,0.0,,Neutral
dont want to,0.0,,,,,,,,,,,,,,,,,,,,,,,,,,,,,,,,,,,,,,,,,,,,,,,,919,153,0,0.0,0.0,,Neutral
during Eid,0.0,,,,,,,,,,,,,,,,,,,,,,,,,,,,,,,,,,,,,,,,,,,,,,,,978,20,0,0.0,0.0,,Neutral
during Ramadan,0.0,,,,,,,,,,,,,,,,,,,,,,,,,,,,,,,,,,,,,,,,,,,,,,,,773,243,0,0.0,0.0,,Neutral
during a,0.0,,,,,,,,,,,,,,,,,,,,,,,,,,,,,,,,,,,,,,,,,,,,,,,,672,439,0,0.0,0.0,,Neutral
during the,0.0,,,,,,,,,,,,,,,,,,,,,,,,,,,,,,,,,,,,,,,,,,,,,,,,616,1101,0,0.0,0.0,,Neutral
during the holy,0.0,,,,,,,,,,,,,,,,,,,,,,,,,,,,,,,,,,,,,,,,,,,,,,,,996,60,0,0.0,0.0,,Neutral
easier for,0.0,,,,,,,,,,,,,,,,,,,,,,,,,,,,,,,,,,,,,,,,,,,,,,,,953,56,0,0.0,0.0,,Neutral
efforts,0.0,,,,,,,,,,,,,,,,,,,,,,,,,,,,,,,,,,,,,,,,,,,,,,,,566,609,0,0.0,0.0,,Neutral
el Sisi,0.0,,,,,,,,,,,,,,,,,,,,,,,,,,,,,,,,,,,,,,,,,,,,,,,,113,50,1,0.0,0.0,,Neutral
election,0.0,,,,,,,,,,,,,,,,,,,,,,,,,,,,,,,,,,,,,,,,,,,,,,,,482,729,0,0.0,0.0,,Neutral
eligible,0.0,,,,,,,,,,,,,,,,,,,,,,,,,,,,,,,,,,,,,,,,,,,,,,,,164,109,0,0.0,0.0,,Neutral
establishment,0.0,,,,,,,,,,,,,,,,,,,,,,,,,,,,,,,,,,,,,,,,,,,,,,,,384,277,0,0.0,0.0,,Neutral
ethnic,0.0,,,,,,,,,,,,,,,,,,,,,,,,,,,,,,,,,,,,,,,,,,,,,,,,428,694,0,0.0,0.0,,Neutral
even,0.0,,,,,,,,,,,,,,,,,,,,,,,,,,,,,,,,,,,,,,,,,,,,,,,,206,3282,0,0.0,0.0,,Neutral
evening,0.0,,,,,,,,,,,,,,,,,,,,,,,,,,,,,,,,,,,,,,,,,,,,,,,,339,261,0,0.0,0.0,,Neutral
every,0.0,,,,,,,,,,,,,,,,,,,,,,,,,,,,,,,,,,,,,,,,,,,,,,,,412,1376,0,0.0,0.0,,Neutral
example,0.0,,,,,,,,,,,,,,,,,,,,,,,,,,,,,,,,,,,,,,,,,,,,,,,,509,799,0,0.0,0.0,,Neutral
executive,0.0,,,,,,,,,,,,,,,,,,,,,,,,,,,,,,,,,,,,,,,,,,,,,,,,476,379,0,0.0,0.0,,Neutral
expression,0.0,,,,,,,,,,,,,,,,,,,,,,,,,,,,,,,,,,,,,,,,,,,,,,,,281,219,0,0.0,0.0,,Neutral
extended,0.0,,,,,,,,,,,,,,,,,,,,,,,,,,,,,,,,,,,,,,,,,,,,,,,,202,205,0,0.0,0.0,,Neutral
extremism,848.0,49.0,5.0,10.0,3.0,2.0,18.0,7.0,26.0,5.0,13.0,3.0,22.0,13.0,58.0,5.0,29.0,2.0,5.0,50.0,10.0,47.0,137.0,2.0,1.0,6.0,20.0,12.0,5.0,28.0,28.0,13.0,10.0,7.0,3.0,31.0,15.0,11.0,0.0,15.0,2.0,18.0,2.0,8.0,2.0,7.0,76.0,1.0,6,848,1,1.0,1.0,-106.0,Left
extremist,847.0,37.0,8.0,6.0,1.0,5.0,10.0,4.0,46.0,5.0,1.0,5.0,31.0,17.0,30.0,8.0,28.0,3.0,6.0,26.0,6.0,49.0,113.0,7.0,13.0,7.0,17.0,36.0,4.0,25.0,24.0,13.0,18.0,8.0,2.0,41.0,23.0,13.0,1.0,4.0,1.0,17.0,6.0,16.0,1.0,3.0,95.0,6.0,7,847,1,1.0,1.0,-89.0,Left
face,0.0,,,,,,,,,,,,,,,,,,,,,,,,,,,,,,,,,,,,,,,,,,,,,,,,151,1517,0,0.0,0.0,,Neutral
face coverings,0.0,,,,,,,,,,,,,,,,,,,,,,,,,,,,,,,,,,,,,,,,,,,,,,,,540,77,0,0.0,0.0,,Neutral
fact,0.0,,,,,,,,,,,,,,,,,,,,,,,,,,,,,,,,,,,,,,,,,,,,,,,,223,1251,0,0.0,0.0,,Neutral
faith,0.0,,,,,,,,,,,,,,,,,,,,,,,,,,,,,,,,,,,,,,,,,,,,,,,,204,1874,0,0.0,0.0,,Neutral
families,0.0,,,,,,,,,,,,,,,,,,,,,,,,,,,,,,,,,,,,,,,,,,,,,,,,452,941,0,0.0,0.0,,Neutral
family,0.0,,,,,,,,,,,,,,,,,,,,,,,,,,,,,,,,,,,,,,,,,,,,,,,,175,1853,0,0.0,0.0,,Neutral
far,0.0,,,,,,,,,,,,,,,,,,,,,,,,,,,,,,,,,,,,,,,,,,,,,,,,141,2238,0,0.0,0.0,,Neutral
far right,0.0,,,,,,,,,,,,,,,,,,,,,,,,,,,,,,,,,,,,,,,,,,,,,,,,128,999,0,0.0,0.0,,Neutral
fast,0.0,,,,,,,,,,,,,,,,,,,,,,,,,,,,,,,,,,,,,,,,,,,,,,,,145,614,0,0.0,0.0,,Neutral
fasting,0.0,,,,,,,,,,,,,,,,,,,,,,,,,,,,,,,,,,,,,,,,,,,,,,,,264,373,0,0.0,0.0,,Neutral
father,0.0,,,,,,,,,,,,,,,,,,,,,,,,,,,,,,,,,,,,,,,,,,,,,,,,583,523,0,0.0,0.0,,Neutral
fear,0.0,,,,,,,,,,,,,,,,,,,,,,,,,,,,,,,,,,,,,,,,,,,,,,,,374,1046,0,0.0,0.0,,Neutral
feel,0.0,,,,,,,,,,,,,,,,,,,,,,,,,,,,,,,,,,,,,,,,,,,,,,,,475,901,0,0.0,0.0,,Neutral
festival,0.0,,,,,,,,,,,,,,,,,,,,,,,,,,,,,,,,,,,,,,,,,,,,,,,,170,208,0,0.0,0.0,,Neutral
festival of,0.0,,,,,,,,,,,,,,,,,,,,,,,,,,,,,,,,,,,,,,,,,,,,,,,,823,54,0,0.0,0.0,,Neutral
fighters,0.0,,,,,,,,,,,,,,,,,,,,,,,,,,,,,,,,,,,,,,,,,,,,,,,,59,634,1,1.0,0.0,,Neutral
first,0.0,,,,,,,,,,,,,,,,,,,,,,,,,,,,,,,,,,,,,,,,,,,,,,,,135,3447,0,0.0,0.0,,Neutral
first day of,0.0,,,,,,,,,,,,,,,,,,,,,,,,,,,,,,,,,,,,,,,,,,,,,,,,607,122,0,0.0,0.0,,Neutral
five,0.0,,,,,,,,,,,,,,,,,,,,,,,,,,,,,,,,,,,,,,,,,,,,,,,,436,1102,0,0.0,0.0,,Neutral
for a,0.0,,,,,,,,,,,,,,,,,,,,,,,,,,,,,,,,,,,,,,,,,,,,,,,,962,1609,0,0.0,0.0,,Neutral
for further,0.0,,,,,,,,,,,,,,,,,,,,,,,,,,,,,,,,,,,,,,,,,,,,,,,,951,65,0,0.0,0.0,,Neutral
for the,0.0,,,,,,,,,,,,,,,,,,,,,,,,,,,,,,,,,,,,,,,,,,,,,,,,703,5047,0,0.0,0.0,,Neutral
for the first,0.0,,,,,,,,,,,,,,,,,,,,,,,,,,,,,,,,,,,,,,,,,,,,,,,,710,213,0,0.0,0.0,,Neutral
forced,0.0,,,,,,,,,,,,,,,,,,,,,,,,,,,,,,,,,,,,,,,,,,,,,,,,405,743,0,0.0,0.0,,Neutral
forces,0.0,,,,,,,,,,,,,,,,,,,,,,,,,,,,,,,,,,,,,,,,,,,,,,,,150,1002,0,0.0,0.0,,Neutral
foreign,0.0,,,,,,,,,,,,,,,,,,,,,,,,,,,,,,,,,,,,,,,,,,,,,,,,323,1243,0,0.0,0.0,,Neutral
form,0.0,,,,,,,,,,,,,,,,,,,,,,,,,,,,,,,,,,,,,,,,,,,,,,,,463,729,0,0.0,0.0,,Neutral
former,0.0,,,,,,,,,,,,,,,,,,,,,,,,,,,,,,,,,,,,,,,,,,,,,,,,430,1327,0,0.0,0.0,,Neutral
found,0.0,,,,,,,,,,,,,,,,,,,,,,,,,,,,,,,,,,,,,,,,,,,,,,,,383,1433,0,0.0,0.0,,Neutral
four,0.0,,,,,,,,,,,,,,,,,,,,,,,,,,,,,,,,,,,,,,,,,,,,,,,,545,916,0,0.0,0.0,,Neutral
free,0.0,,,,,,,,,,,,,,,,,,,,,,,,,,,,,,,,,,,,,,,,,,,,,,,,126,932,0,0.0,0.0,,Neutral
free speech,174.0,0.0,2.0,1.0,10.0,1.0,2.0,0.0,7.0,4.0,4.0,0.0,4.0,4.0,5.0,0.0,5.0,0.0,1.0,4.0,1.0,5.0,28.0,0.0,0.0,28.0,0.0,0.0,0.0,13.0,4.0,2.0,0.0,0.0,4.0,16.0,2.0,1.0,0.0,5.0,1.0,2.0,1.0,0.0,0.0,1.0,4.0,0.0,8,174,1,1.0,1.0,32.0,Right
freedom,0.0,,,,,,,,,,,,,,,,,,,,,,,,,,,,,,,,,,,,,,,,,,,,,,,,103,1175,1,0.0,0.0,,Neutral
freedom of,0.0,,,,,,,,,,,,,,,,,,,,,,,,,,,,,,,,,,,,,,,,,,,,,,,,695,319,0,0.0,0.0,,Neutral
freedom of expression,64.0,1.0,0.0,1.0,0.0,1.0,0.0,0.0,2.0,0.0,0.0,0.0,0.0,1.0,2.0,1.0,3.0,0.0,0.0,0.0,9.0,1.0,4.0,0.0,0.0,2.0,1.0,0.0,0.0,2.0,0.0,1.0,0.0,0.0,2.0,5.0,1.0,1.0,0.0,2.0,0.0,5.0,1.0,0.0,0.0,0.0,4.0,0.0,32,64,1,1.0,1.0,19.0,Right
friend,0.0,,,,,,,,,,,,,,,,,,,,,,,,,,,,,,,,,,,,,,,,,,,,,,,,246,366,0,0.0,0.0,,Neutral
friends,0.0,,,,,,,,,,,,,,,,,,,,,,,,,,,,,,,,,,,,,,,,,,,,,,,,218,704,0,0.0,0.0,,Neutral
from the,0.0,,,,,,,,,,,,,,,,,,,,,,,,,,,,,,,,,,,,,,,,,,,,,,,,745,3826,0,0.0,0.0,,Neutral
full,0.0,,,,,,,,,,,,,,,,,,,,,,,,,,,,,,,,,,,,,,,,,,,,,,,,988,677,0,0.0,0.0,,Neutral
funeral,0.0,,,,,,,,,,,,,,,,,,,,,,,,,,,,,,,,,,,,,,,,,,,,,,,,560,214,0,0.0,0.0,,Neutral
further information,0.0,,,,,,,,,,,,,,,,,,,,,,,,,,,,,,,,,,,,,,,,,,,,,,,,920,50,0,0.0,0.0,,Neutral
gather,0.0,,,,,,,,,,,,,,,,,,,,,,,,,,,,,,,,,,,,,,,,,,,,,,,,205,250,0,0.0,0.0,,Neutral
gatherings,0.0,,,,,,,,,,,,,,,,,,,,,,,,,,,,,,,,,,,,,,,,,,,,,,,,148,370,0,0.0,0.0,,Neutral
genocide,204.0,14.0,0.0,0.0,5.0,3.0,5.0,0.0,18.0,1.0,0.0,0.0,6.0,11.0,3.0,10.0,1.0,0.0,3.0,3.0,1.0,6.0,9.0,3.0,0.0,2.0,18.0,2.0,0.0,0.0,5.0,1.0,4.0,4.0,0.0,24.0,0.0,13.0,0.0,0.0,1.0,9.0,1.0,1.0,0.0,4.0,13.0,0.0,31,204,1,1.0,1.0,-8.0,Left
get,0.0,,,,,,,,,,,,,,,,,,,,,,,,,,,,,,,,,,,,,,,,,,,,,,,,372,1433,0,0.0,0.0,,Neutral
girls,0.0,,,,,,,,,,,,,,,,,,,,,,,,,,,,,,,,,,,,,,,,,,,,,,,,311,473,0,0.0,0.0,,Neutral
global,0.0,,,,,,,,,,,,,,,,,,,,,,,,,,,,,,,,,,,,,,,,,,,,,,,,584,821,0,0.0,0.0,,Neutral
go,0.0,,,,,,,,,,,,,,,,,,,,,,,,,,,,,,,,,,,,,,,,,,,,,,,,303,1664,0,0.0,0.0,,Neutral
going to,0.0,,,,,,,,,,,,,,,,,,,,,,,,,,,,,,,,,,,,,,,,,,,,,,,,747,985,0,0.0,0.0,,Neutral
good,0.0,,,,,,,,,,,,,,,,,,,,,,,,,,,,,,,,,,,,,,,,,,,,,,,,462,1036,0,0.0,0.0,,Neutral
government,0.0,,,,,,,,,,,,,,,,,,,,,,,,,,,,,,,,,,,,,,,,,,,,,,,,136,5244,0,0.0,0.0,,Neutral
government in,0.0,,,,,,,,,,,,,,,,,,,,,,,,,,,,,,,,,,,,,,,,,,,,,,,,969,149,0,0.0,0.0,,Neutral
governments,0.0,,,,,,,,,,,,,,,,,,,,,,,,,,,,,,,,,,,,,,,,,,,,,,,,473,984,0,0.0,0.0,,Neutral
great,0.0,,,,,,,,,,,,,,,,,,,,,,,,,,,,,,,,,,,,,,,,,,,,,,,,435,834,0,0.0,0.0,,Neutral
group,0.0,,,,,,,,,,,,,,,,,,,,,,,,,,,,,,,,,,,,,,,,,,,,,,,,153,3895,0,0.0,0.0,,Neutral
groups,0.0,,,,,,,,,,,,,,,,,,,,,,,,,,,,,,,,,,,,,,,,,,,,,,,,160,3356,0,0.0,0.0,,Neutral
had been,0.0,,,,,,,,,,,,,,,,,,,,,,,,,,,,,,,,,,,,,,,,,,,,,,,,882,1327,0,0.0,0.0,,Neutral
happening,0.0,,,,,,,,,,,,,,,,,,,,,,,,,,,,,,,,,,,,,,,,,,,,,,,,224,363,0,0.0,0.0,,Neutral
has been,0.0,,,,,,,,,,,,,,,,,,,,,,,,,,,,,,,,,,,,,,,,,,,,,,,,667,3183,0,0.0,0.0,,Neutral
hate,0.0,,,,,,,,,,,,,,,,,,,,,,,,,,,,,,,,,,,,,,,,,,,,,,,,124,1836,0,0.0,0.0,,Neutral
hate crimes,280.0,38.0,5.0,0.0,0.0,0.0,0.0,0.0,0.0,0.0,7.0,0.0,19.0,8.0,15.0,3.0,2.0,4.0,0.0,4.0,0.0,8.0,43.0,7.0,1.0,1.0,6.0,2.0,7.0,3.0,7.0,10.0,2.0,1.0,3.0,7.0,14.0,1.0,0.0,2.0,5.0,4.0,2.0,12.0,0.0,5.0,22.0,0.0,9,280,1,1.0,1.0,-112.0,Left
hate groups,87.0,5.0,0.0,0.0,0.0,0.0,1.0,0.0,1.0,1.0,0.0,0.0,0.0,1.0,0.0,2.0,2.0,0.0,0.0,0.0,0.0,0.0,3.0,5.0,0.0,0.0,0.0,0.0,8.0,0.0,2.0,1.0,1.0,0.0,0.0,45.0,0.0,2.0,0.0,0.0,1.0,0.0,2.0,2.0,0.0,0.0,2.0,0.0,10,87,1,1.0,1.0,25.0,Right
have been,0.0,,,,,,,,,,,,,,,,,,,,,,,,,,,,,,,,,,,,,,,,,,,,,,,,803,3307,0,0.0,0.0,,Neutral
he says,0.0,,,,,,,,,,,,,,,,,,,,,,,,,,,,,,,,,,,,,,,,,,,,,,,,734,359,0,0.0,0.0,,Neutral
he was,0.0,,,,,,,,,,,,,,,,,,,,,,,,,,,,,,,,,,,,,,,,,,,,,,,,777,1503,0,0.0,0.0,,Neutral
health,0.0,,,,,,,,,,,,,,,,,,,,,,,,,,,,,,,,,,,,,,,,,,,,,,,,456,561,0,0.0,0.0,,Neutral
hearing,0.0,,,,,,,,,,,,,,,,,,,,,,,,,,,,,,,,,,,,,,,,,,,,,,,,528,253,0,0.0,0.0,,Neutral
help,0.0,,,,,,,,,,,,,,,,,,,,,,,,,,,,,,,,,,,,,,,,,,,,,,,,490,1169,0,0.0,0.0,,Neutral
here and,0.0,,,,,,,,,,,,,,,,,,,,,,,,,,,,,,,,,,,,,,,,,,,,,,,,785,127,0,0.0,0.0,,Neutral
higher,0.0,,,,,,,,,,,,,,,,,,,,,,,,,,,,,,,,,,,,,,,,,,,,,,,,260,171,0,0.0,0.0,,Neutral
him on,0.0,,,,,,,,,,,,,,,,,,,,,,,,,,,,,,,,,,,,,,,,,,,,,,,,679,248,0,0.0,0.0,,Neutral
him on Twitter,0.0,,,,,,,,,,,,,,,,,,,,,,,,,,,,,,,,,,,,,,,,,,,,,,,,885,115,0,0.0,0.0,,Neutral
history,0.0,,,,,,,,,,,,,,,,,,,,,,,,,,,,,,,,,,,,,,,,,,,,,,,,248,1541,0,0.0,0.0,,Neutral
hit,0.0,,,,,,,,,,,,,,,,,,,,,,,,,,,,,,,,,,,,,,,,,,,,,,,,353,317,0,0.0,0.0,,Neutral
holiday,0.0,,,,,,,,,,,,,,,,,,,,,,,,,,,,,,,,,,,,,,,,,,,,,,,,559,324,0,0.0,0.0,,Neutral
holiest,0.0,,,,,,,,,,,,,,,,,,,,,,,,,,,,,,,,,,,,,,,,,,,,,,,,573,276,0,0.0,0.0,,Neutral
holy,0.0,,,,,,,,,,,,,,,,,,,,,,,,,,,,,,,,,,,,,,,,,,,,,,,,139,1077,0,0.0,0.0,,Neutral
holy city of,0.0,,,,,,,,,,,,,,,,,,,,,,,,,,,,,,,,,,,,,,,,,,,,,,,,804,98,0,0.0,0.0,,Neutral
holy month,344.0,67.0,0.0,0.0,0.0,0.0,2.0,5.0,11.0,1.0,1.0,7.0,79.0,1.0,7.0,1.0,2.0,1.0,33.0,5.0,0.0,9.0,13.0,1.0,7.0,3.0,2.0,2.0,1.0,0.0,3.0,12.0,2.0,10.0,0.0,1.0,5.0,0.0,5.0,5.0,2.0,1.0,1.0,5.0,2.0,6.0,21.0,2.0,11,344,1,1.0,1.0,-112.0,Left
holy month of,0.0,,,,,,,,,,,,,,,,,,,,,,,,,,,,,,,,,,,,,,,,,,,,,,,,985,221,0,0.0,0.0,,Neutral
home,0.0,,,,,,,,,,,,,,,,,,,,,,,,,,,,,,,,,,,,,,,,,,,,,,,,163,2159,0,0.0,0.0,,Neutral
home to,0.0,,,,,,,,,,,,,,,,,,,,,,,,,,,,,,,,,,,,,,,,,,,,,,,,909,337,0,0.0,0.0,,Neutral
house,0.0,,,,,,,,,,,,,,,,,,,,,,,,,,,,,,,,,,,,,,,,,,,,,,,,342,673,0,0.0,0.0,,Neutral
huge,0.0,,,,,,,,,,,,,,,,,,,,,,,,,,,,,,,,,,,,,,,,,,,,,,,,356,282,0,0.0,0.0,,Neutral
human,0.0,,,,,,,,,,,,,,,,,,,,,,,,,,,,,,,,,,,,,,,,,,,,,,,,500,1213,0,0.0,0.0,,Neutral
i i,0.0,,,,,,,,,,,,,,,,,,,,,,,,,,,,,,,,,,,,,,,,,,,,,,,,622,229,0,0.0,0.0,,Neutral
i i i,0.0,,,,,,,,,,,,,,,,,,,,,,,,,,,,,,,,,,,,,,,,,,,,,,,,659,151,0,0.0,0.0,,Neutral
i o,0.0,,,,,,,,,,,,,,,,,,,,,,,,,,,,,,,,,,,,,,,,,,,,,,,,811,83,0,0.0,0.0,,Neutral
idea,0.0,,,,,,,,,,,,,,,,,,,,,,,,,,,,,,,,,,,,,,,,,,,,,,,,522,701,0,0.0,0.0,,Neutral
ideology,772.0,46.0,6.0,9.0,7.0,4.0,20.0,2.0,25.0,3.0,5.0,2.0,20.0,21.0,43.0,22.0,21.0,2.0,1.0,16.0,4.0,45.0,64.0,4.0,0.0,10.0,11.0,24.0,2.0,20.0,17.0,24.0,5.0,13.0,1.0,59.0,17.0,4.0,1.0,11.0,3.0,65.0,1.0,6.0,5.0,4.0,69.0,1.0,12,772,1,1.0,1.0,-9.0,Left
if you,0.0,,,,,,,,,,,,,,,,,,,,,,,,,,,,,,,,,,,,,,,,,,,,,,,,728,318,0,0.0,0.0,,Neutral
immigrants,0.0,,,,,,,,,,,,,,,,,,,,,,,,,,,,,,,,,,,,,,,,,,,,,,,,94,648,1,1.0,0.0,,Neutral
immigration,0.0,,,,,,,,,,,,,,,,,,,,,,,,,,,,,,,,,,,,,,,,,,,,,,,,95,668,1,1.0,0.0,,Neutral
important,0.0,,,,,,,,,,,,,,,,,,,,,,,,,,,,,,,,,,,,,,,,,,,,,,,,464,986,0,0.0,0.0,,Neutral
in Christchurch,0.0,,,,,,,,,,,,,,,,,,,,,,,,,,,,,,,,,,,,,,,,,,,,,,,,972,419,0,0.0,0.0,,Neutral
in France,0.0,,,,,,,,,,,,,,,,,,,,,,,,,,,,,,,,,,,,,,,,,,,,,,,,626,288,0,0.0,0.0,,Neutral
in Gaza,0.0,,,,,,,,,,,,,,,,,,,,,,,,,,,,,,,,,,,,,,,,,,,,,,,,788,74,0,0.0,0.0,,Neutral
in Gaza City,0.0,,,,,,,,,,,,,,,,,,,,,,,,,,,,,,,,,,,,,,,,,,,,,,,,810,26,0,0.0,0.0,,Neutral
in India,0.0,,,,,,,,,,,,,,,,,,,,,,,,,,,,,,,,,,,,,,,,,,,,,,,,694,704,0,0.0,0.0,,Neutral
in Iran,0.0,,,,,,,,,,,,,,,,,,,,,,,,,,,,,,,,,,,,,,,,,,,,,,,,805,334,0,0.0,0.0,,Neutral
in Iraq,0.0,,,,,,,,,,,,,,,,,,,,,,,,,,,,,,,,,,,,,,,,,,,,,,,,783,432,0,0.0,0.0,,Neutral
in July,0.0,,,,,,,,,,,,,,,,,,,,,,,,,,,,,,,,,,,,,,,,,,,,,,,,852,156,0,0.0,0.0,,Neutral
in Mecca,0.0,,,,,,,,,,,,,,,,,,,,,,,,,,,,,,,,,,,,,,,,,,,,,,,,949,181,0,0.0,0.0,,Neutral
in Mina,0.0,,,,,,,,,,,,,,,,,,,,,,,,,,,,,,,,,,,,,,,,,,,,,,,,815,24,0,0.0,0.0,,Neutral
in Mosul,0.0,,,,,,,,,,,,,,,,,,,,,,,,,,,,,,,,,,,,,,,,,,,,,,,,799,62,0,0.0,0.0,,Neutral
in New,0.0,,,,,,,,,,,,,,,,,,,,,,,,,,,,,,,,,,,,,,,,,,,,,,,,724,858,0,0.0,0.0,,Neutral
in New Delhi,0.0,,,,,,,,,,,,,,,,,,,,,,,,,,,,,,,,,,,,,,,,,,,,,,,,918,192,0,0.0,0.0,,Neutral
in New Zealand,0.0,,,,,,,,,,,,,,,,,,,,,,,,,,,,,,,,,,,,,,,,,,,,,,,,842,365,0,0.0,0.0,,Neutral
in Pakistan,0.0,,,,,,,,,,,,,,,,,,,,,,,,,,,,,,,,,,,,,,,,,,,,,,,,893,344,0,0.0,0.0,,Neutral
in Saudi Arabia,0.0,,,,,,,,,,,,,,,,,,,,,,,,,,,,,,,,,,,,,,,,,,,,,,,,903,290,0,0.0,0.0,,Neutral
in Syria,0.0,,,,,,,,,,,,,,,,,,,,,,,,,,,,,,,,,,,,,,,,,,,,,,,,651,530,0,0.0,0.0,,Neutral
in Xinjiang,0.0,,,,,,,,,,,,,,,,,,,,,,,,,,,,,,,,,,,,,,,,,,,,,,,,868,273,0,0.0,0.0,,Neutral
in a,0.0,,,,,,,,,,,,,,,,,,,,,,,,,,,,,,,,,,,,,,,,,,,,,,,,628,4745,0,0.0,0.0,,Neutral
in a statement,0.0,,,,,,,,,,,,,,,,,,,,,,,,,,,,,,,,,,,,,,,,,,,,,,,,736,430,0,0.0,0.0,,Neutral
in both,0.0,,,,,,,,,,,,,,,,,,,,,,,,,,,,,,,,,,,,,,,,,,,,,,,,779,122,0,0.0,0.0,,Neutral
in mosques,0.0,,,,,,,,,,,,,,,,,,,,,,,,,,,,,,,,,,,,,,,,,,,,,,,,899,105,0,0.0,0.0,,Neutral
in nine,0.0,,,,,,,,,,,,,,,,,,,,,,,,,,,,,,,,,,,,,,,,,,,,,,,,822,14,0,0.0,0.0,,Neutral
in the,0.0,,,,,,,,,,,,,,,,,,,,,,,,,,,,,,,,,,,,,,,,,,,,,,,,613,17868,0,0.0,0.0,,Neutral
in the Middle,0.0,,,,,,,,,,,,,,,,,,,,,,,,,,,,,,,,,,,,,,,,,,,,,,,,795,396,0,0.0,0.0,,Neutral
in the United,0.0,,,,,,,,,,,,,,,,,,,,,,,,,,,,,,,,,,,,,,,,,,,,,,,,740,904,0,0.0,0.0,,Neutral
in the region,0.0,,,,,,,,,,,,,,,,,,,,,,,,,,,,,,,,,,,,,,,,,,,,,,,,827,374,0,0.0,0.0,,Neutral
in this,0.0,,,,,,,,,,,,,,,,,,,,,,,,,,,,,,,,,,,,,,,,,,,,,,,,923,1030,0,0.0,0.0,,Neutral
incident,0.0,,,,,,,,,,,,,,,,,,,,,,,,,,,,,,,,,,,,,,,,,,,,,,,,370,503,0,0.0,0.0,,Neutral
including,0.0,,,,,,,,,,,,,,,,,,,,,,,,,,,,,,,,,,,,,,,,,,,,,,,,231,2792,0,0.0,0.0,,Neutral
infections,0.0,,,,,,,,,,,,,,,,,,,,,,,,,,,,,,,,,,,,,,,,,,,,,,,,557,130,0,0.0,0.0,,Neutral
injured,0.0,,,,,,,,,,,,,,,,,,,,,,,,,,,,,,,,,,,,,,,,,,,,,,,,395,429,0,0.0,0.0,,Neutral
insulting,0.0,,,,,,,,,,,,,,,,,,,,,,,,,,,,,,,,,,,,,,,,,,,,,,,,416,115,0,0.0,0.0,,Neutral
interested,0.0,,,,,,,,,,,,,,,,,,,,,,,,,,,,,,,,,,,,,,,,,,,,,,,,183,173,0,0.0,0.0,,Neutral
interests,0.0,,,,,,,,,,,,,,,,,,,,,,,,,,,,,,,,,,,,,,,,,,,,,,,,511,231,0,0.0,0.0,,Neutral
international,0.0,,,,,,,,,,,,,,,,,,,,,,,,,,,,,,,,,,,,,,,,,,,,,,,,498,891,0,0.0,0.0,,Neutral
into a,0.0,,,,,,,,,,,,,,,,,,,,,,,,,,,,,,,,,,,,,,,,,,,,,,,,634,1059,0,0.0,0.0,,Neutral
into a mosque,0.0,,,,,,,,,,,,,,,,,,,,,,,,,,,,,,,,,,,,,,,,,,,,,,,,639,337,0,0.0,0.0,,Neutral
is a,0.0,,,,,,,,,,,,,,,,,,,,,,,,,,,,,,,,,,,,,,,,,,,,,,,,660,3968,0,0.0,0.0,,Neutral
is author of,0.0,,,,,,,,,,,,,,,,,,,,,,,,,,,,,,,,,,,,,,,,,,,,,,,,841,98,0,0.0,0.0,,Neutral
is available,0.0,,,,,,,,,,,,,,,,,,,,,,,,,,,,,,,,,,,,,,,,,,,,,,,,642,85,0,0.0,0.0,,Neutral
is more than,0.0,,,,,,,,,,,,,,,,,,,,,,,,,,,,,,,,,,,,,,,,,,,,,,,,860,166,0,0.0,0.0,,Neutral
is not,0.0,,,,,,,,,,,,,,,,,,,,,,,,,,,,,,,,,,,,,,,,,,,,,,,,731,2016,0,0.0,0.0,,Neutral
is now,0.0,,,,,,,,,,,,,,,,,,,,,,,,,,,,,,,,,,,,,,,,,,,,,,,,714,526,0,0.0,0.0,,Neutral
is protected,0.0,,,,,,,,,,,,,,,,,,,,,,,,,,,,,,,,,,,,,,,,,,,,,,,,631,108,0,0.0,0.0,,Neutral
is that,0.0,,,,,,,,,,,,,,,,,,,,,,,,,,,,,,,,,,,,,,,,,,,,,,,,922,878,0,0.0,0.0,,Neutral
is the,0.0,,,,,,,,,,,,,,,,,,,,,,,,,,,,,,,,,,,,,,,,,,,,,,,,702,2523,0,0.0,0.0,,Neutral
issue,0.0,,,,,,,,,,,,,,,,,,,,,,,,,,,,,,,,,,,,,,,,,,,,,,,,588,1030,0,0.0,0.0,,Neutral
it can,0.0,,,,,,,,,,,,,,,,,,,,,,,,,,,,,,,,,,,,,,,,,,,,,,,,793,175,0,0.0,0.0,,Neutral
it is,0.0,,,,,,,,,,,,,,,,,,,,,,,,,,,,,,,,,,,,,,,,,,,,,,,,696,2348,0,0.0,0.0,,Neutral
it was,0.0,,,,,,,,,,,,,,,,,,,,,,,,,,,,,,,,,,,,,,,,,,,,,,,,999,1688,0,0.0,0.0,,Neutral
it with,0.0,,,,,,,,,,,,,,,,,,,,,,,,,,,,,,,,,,,,,,,,,,,,,,,,709,139,0,0.0,0.0,,Neutral
it with a,0.0,,,,,,,,,,,,,,,,,,,,,,,,,,,,,,,,,,,,,,,,,,,,,,,,675,73,0,0.0,0.0,,Neutral
its final,0.0,,,,,,,,,,,,,,,,,,,,,,,,,,,,,,,,,,,,,,,,,,,,,,,,998,64,0,0.0,0.0,,Neutral
jailed,0.0,,,,,,,,,,,,,,,,,,,,,,,,,,,,,,,,,,,,,,,,,,,,,,,,278,156,0,0.0,0.0,,Neutral
jailed for,0.0,,,,,,,,,,,,,,,,,,,,,,,,,,,,,,,,,,,,,,,,,,,,,,,,890,65,0,0.0,0.0,,Neutral
jihad,864.0,17.0,0.0,6.0,28.0,4.0,4.0,6.0,18.0,2.0,1.0,0.0,36.0,5.0,17.0,5.0,11.0,1.0,1.0,17.0,8.0,26.0,25.0,4.0,0.0,14.0,4.0,5.0,1.0,13.0,5.0,11.0,6.0,17.0,0.0,481.0,2.0,0.0,0.0,6.0,1.0,19.0,1.0,4.0,0.0,7.0,25.0,0.0,36,864,1,1.0,1.0,463.0,Right
joined,0.0,,,,,,,,,,,,,,,,,,,,,,,,,,,,,,,,,,,,,,,,,,,,,,,,398,450,0,0.0,0.0,,Neutral
judge,0.0,,,,,,,,,,,,,,,,,,,,,,,,,,,,,,,,,,,,,,,,,,,,,,,,270,255,0,0.0,0.0,,Neutral
just the,0.0,,,,,,,,,,,,,,,,,,,,,,,,,,,,,,,,,,,,,,,,,,,,,,,,801,179,0,0.0,0.0,,Neutral
kill,0.0,,,,,,,,,,,,,,,,,,,,,,,,,,,,,,,,,,,,,,,,,,,,,,,,587,595,0,0.0,0.0,,Neutral
killed,0.0,,,,,,,,,,,,,,,,,,,,,,,,,,,,,,,,,,,,,,,,,,,,,,,,191,2067,0,0.0,0.0,,Neutral
killing,0.0,,,,,,,,,,,,,,,,,,,,,,,,,,,,,,,,,,,,,,,,,,,,,,,,569,793,0,0.0,0.0,,Neutral
kind of,0.0,,,,,,,,,,,,,,,,,,,,,,,,,,,,,,,,,,,,,,,,,,,,,,,,752,697,0,0.0,0.0,,Neutral
kingdom,0.0,,,,,,,,,,,,,,,,,,,,,,,,,,,,,,,,,,,,,,,,,,,,,,,,333,342,0,0.0,0.0,,Neutral
knife,0.0,,,,,,,,,,,,,,,,,,,,,,,,,,,,,,,,,,,,,,,,,,,,,,,,546,98,0,0.0,0.0,,Neutral
know,0.0,,,,,,,,,,,,,,,,,,,,,,,,,,,,,,,,,,,,,,,,,,,,,,,,147,1918,0,0.0,0.0,,Neutral
known as,0.0,,,,,,,,,,,,,,,,,,,,,,,,,,,,,,,,,,,,,,,,,,,,,,,,873,650,0,0.0,0.0,,Neutral
large,0.0,,,,,,,,,,,,,,,,,,,,,,,,,,,,,,,,,,,,,,,,,,,,,,,,310,1079,0,0.0,0.0,,Neutral
largest,0.0,,,,,,,,,,,,,,,,,,,,,,,,,,,,,,,,,,,,,,,,,,,,,,,,392,747,0,0.0,0.0,,Neutral
last,0.0,,,,,,,,,,,,,,,,,,,,,,,,,,,,,,,,,,,,,,,,,,,,,,,,201,2768,0,0.0,0.0,,Neutral
latest book,0.0,,,,,,,,,,,,,,,,,,,,,,,,,,,,,,,,,,,,,,,,,,,,,,,,459,90,0,0.0,0.0,,Neutral
law,0.0,,,,,,,,,,,,,,,,,,,,,,,,,,,,,,,,,,,,,,,,,,,,,,,,156,3320,0,0.0,0.0,,Neutral
laws,0.0,,,,,,,,,,,,,,,,,,,,,,,,,,,,,,,,,,,,,,,,,,,,,,,,470,947,0,0.0,0.0,,Neutral
lawsuit,0.0,,,,,,,,,,,,,,,,,,,,,,,,,,,,,,,,,,,,,,,,,,,,,,,,396,154,0,0.0,0.0,,Neutral
leader,0.0,,,,,,,,,,,,,,,,,,,,,,,,,,,,,,,,,,,,,,,,,,,,,,,,225,1617,0,0.0,0.0,,Neutral
leaders,0.0,,,,,,,,,,,,,,,,,,,,,,,,,,,,,,,,,,,,,,,,,,,,,,,,258,1884,0,0.0,0.0,,Neutral
led,0.0,,,,,,,,,,,,,,,,,,,,,,,,,,,,,,,,,,,,,,,,,,,,,,,,254,1318,0,0.0,0.0,,Neutral
left,0.0,,,,,,,,,,,,,,,,,,,,,,,,,,,,,,,,,,,,,,,,,,,,,,,,309,1506,0,0.0,0.0,,Neutral
legislation,0.0,,,,,,,,,,,,,,,,,,,,,,,,,,,,,,,,,,,,,,,,,,,,,,,,359,354,0,0.0,0.0,,Neutral
letters,0.0,,,,,,,,,,,,,,,,,,,,,,,,,,,,,,,,,,,,,,,,,,,,,,,,411,72,0,0.0,0.0,,Neutral
liberal,0.0,,,,,,,,,,,,,,,,,,,,,,,,,,,,,,,,,,,,,,,,,,,,,,,,496,411,0,0.0,0.0,,Neutral
liberty,0.0,,,,,,,,,,,,,,,,,,,,,,,,,,,,,,,,,,,,,,,,,,,,,,,,520,203,0,0.0,0.0,,Neutral
life,0.0,,,,,,,,,,,,,,,,,,,,,,,,,,,,,,,,,,,,,,,,,,,,,,,,319,1675,0,0.0,0.0,,Neutral
list,0.0,,,,,,,,,,,,,,,,,,,,,,,,,,,,,,,,,,,,,,,,,,,,,,,,530,526,0,0.0,0.0,,Neutral
live,0.0,,,,,,,,,,,,,,,,,,,,,,,,,,,,,,,,,,,,,,,,,,,,,,,,336,1036,0,0.0,0.0,,Neutral
local,0.0,,,,,,,,,,,,,,,,,,,,,,,,,,,,,,,,,,,,,,,,,,,,,,,,275,1799,0,0.0,0.0,,Neutral
long,0.0,,,,,,,,,,,,,,,,,,,,,,,,,,,,,,,,,,,,,,,,,,,,,,,,188,2050,0,0.0,0.0,,Neutral
love,0.0,,,,,,,,,,,,,,,,,,,,,,,,,,,,,,,,,,,,,,,,,,,,,,,,429,530,0,0.0,0.0,,Neutral
mainstream,0.0,,,,,,,,,,,,,,,,,,,,,,,,,,,,,,,,,,,,,,,,,,,,,,,,403,507,0,0.0,0.0,,Neutral
majority,0.0,,,,,,,,,,,,,,,,,,,,,,,,,,,,,,,,,,,,,,,,,,,,,,,,261,1857,0,0.0,0.0,,Neutral
make,0.0,,,,,,,,,,,,,,,,,,,,,,,,,,,,,,,,,,,,,,,,,,,,,,,,320,1920,0,0.0,0.0,,Neutral
man,0.0,,,,,,,,,,,,,,,,,,,,,,,,,,,,,,,,,,,,,,,,,,,,,,,,181,1763,0,0.0,0.0,,Neutral
mark,0.0,,,,,,,,,,,,,,,,,,,,,,,,,,,,,,,,,,,,,,,,,,,,,,,,292,204,0,0.0,0.0,,Neutral
matter,0.0,,,,,,,,,,,,,,,,,,,,,,,,,,,,,,,,,,,,,,,,,,,,,,,,344,672,0,0.0,0.0,,Neutral
me to,0.0,,,,,,,,,,,,,,,,,,,,,,,,,,,,,,,,,,,,,,,,,,,,,,,,901,238,0,0.0,0.0,,Neutral
measures,0.0,,,,,,,,,,,,,,,,,,,,,,,,,,,,,,,,,,,,,,,,,,,,,,,,547,504,0,0.0,0.0,,Neutral
media,0.0,,,,,,,,,,,,,,,,,,,,,,,,,,,,,,,,,,,,,,,,,,,,,,,,162,2572,0,0.0,0.0,,Neutral
meet,0.0,,,,,,,,,,,,,,,,,,,,,,,,,,,,,,,,,,,,,,,,,,,,,,,,406,369,0,0.0,0.0,,Neutral
member,0.0,,,,,,,,,,,,,,,,,,,,,,,,,,,,,,,,,,,,,,,,,,,,,,,,506,844,0,0.0,0.0,,Neutral
members,0.0,,,,,,,,,,,,,,,,,,,,,,,,,,,,,,,,,,,,,,,,,,,,,,,,439,1896,0,0.0,0.0,,Neutral
men,0.0,,,,,,,,,,,,,,,,,,,,,,,,,,,,,,,,,,,,,,,,,,,,,,,,294,1829,0,0.0,0.0,,Neutral
mental,0.0,,,,,,,,,,,,,,,,,,,,,,,,,,,,,,,,,,,,,,,,,,,,,,,,461,153,0,0.0,0.0,,Neutral
might,0.0,,,,,,,,,,,,,,,,,,,,,,,,,,,,,,,,,,,,,,,,,,,,,,,,508,1030,0,0.0,0.0,,Neutral
migrant,208.0,13.0,1.0,2.0,10.0,1.0,4.0,1.0,25.0,4.0,0.0,0.0,7.0,3.0,8.0,1.0,5.0,0.0,1.0,6.0,0.0,0.0,9.0,1.0,6.0,35.0,0.0,2.0,0.0,4.0,4.0,4.0,1.0,1.0,1.0,31.0,2.0,1.0,0.0,5.0,1.0,0.0,0.0,0.0,0.0,1.0,7.0,0.0,13,208,1,1.0,1.0,66.0,Right
migrants,0.0,,,,,,,,,,,,,,,,,,,,,,,,,,,,,,,,,,,,,,,,,,,,,,,,108,471,1,0.0,0.0,,Neutral
militant,0.0,,,,,,,,,,,,,,,,,,,,,,,,,,,,,,,,,,,,,,,,,,,,,,,,539,412,0,0.0,0.0,,Neutral
militants,641.0,1.0,0.0,2.0,1.0,54.0,3.0,14.0,15.0,1.0,0.0,3.0,18.0,4.0,10.0,0.0,15.0,0.0,22.0,4.0,3.0,71.0,63.0,6.0,2.0,5.0,4.0,4.0,0.0,6.0,31.0,12.0,16.0,30.0,0.0,4.0,8.0,3.0,5.0,9.0,1.0,3.0,6.0,7.0,10.0,1.0,152.0,7.0,14,641,1,1.0,1.0,-150.0,Left
military,0.0,,,,,,,,,,,,,,,,,,,,,,,,,,,,,,,,,,,,,,,,,,,,,,,,236,1228,0,0.0,0.0,,Neutral
million,0.0,,,,,,,,,,,,,,,,,,,,,,,,,,,,,,,,,,,,,,,,,,,,,,,,273,1589,0,0.0,0.0,,Neutral
minister,0.0,,,,,,,,,,,,,,,,,,,,,,,,,,,,,,,,,,,,,,,,,,,,,,,,241,1145,0,0.0,0.0,,Neutral
ministry,0.0,,,,,,,,,,,,,,,,,,,,,,,,,,,,,,,,,,,,,,,,,,,,,,,,304,258,0,0.0,0.0,,Neutral
minorities,0.0,,,,,,,,,,,,,,,,,,,,,,,,,,,,,,,,,,,,,,,,,,,,,,,,98,1068,1,0.0,0.0,,Neutral
mob,0.0,,,,,,,,,,,,,,,,,,,,,,,,,,,,,,,,,,,,,,,,,,,,,,,,288,330,0,0.0,0.0,,Neutral
mobs,0.0,,,,,,,,,,,,,,,,,,,,,,,,,,,,,,,,,,,,,,,,,,,,,,,,438,244,0,0.0,0.0,,Neutral
modern,0.0,,,,,,,,,,,,,,,,,,,,,,,,,,,,,,,,,,,,,,,,,,,,,,,,497,631,0,0.0,0.0,,Neutral
month,0.0,,,,,,,,,,,,,,,,,,,,,,,,,,,,,,,,,,,,,,,,,,,,,,,,130,1988,0,0.0,0.0,,Neutral
month of Ramadan,0.0,,,,,,,,,,,,,,,,,,,,,,,,,,,,,,,,,,,,,,,,,,,,,,,,594,351,0,0.0,0.0,,Neutral
more than,0.0,,,,,,,,,,,,,,,,,,,,,,,,,,,,,,,,,,,,,,,,,,,,,,,,707,2132,0,0.0,0.0,,Neutral
morning,0.0,,,,,,,,,,,,,,,,,,,,,,,,,,,,,,,,,,,,,,,,,,,,,,,,245,425,0,0.0,0.0,,Neutral
mosaics,0.0,,,,,,,,,,,,,,,,,,,,,,,,,,,,,,,,,,,,,,,,,,,,,,,,199,74,0,0.0,0.0,,Neutral
mosque,4709.0,542.0,18.0,20.0,10.0,54.0,18.0,62.0,368.0,84.0,21.0,43.0,321.0,14.0,145.0,41.0,67.0,11.0,234.0,89.0,11.0,185.0,485.0,56.0,49.0,59.0,35.0,92.0,12.0,27.0,169.0,201.0,88.0,111.0,10.0,151.0,92.0,8.0,17.0,130.0,37.0,40.0,21.0,64.0,16.0,27.0,290.0,37.0,34,4709,1,1.0,1.0,-489.0,Left
mosque in,0.0,,,,,,,,,,,,,,,,,,,,,,,,,,,,,,,,,,,,,,,,,,,,,,,,673,739,0,0.0,0.0,,Neutral
mosques,0.0,,,,,,,,,,,,,,,,,,,,,,,,,,,,,,,,,,,,,,,,,,,,,,,,101,2351,1,0.0,0.0,,Neutral
mosques to,0.0,,,,,,,,,,,,,,,,,,,,,,,,,,,,,,,,,,,,,,,,,,,,,,,,867,76,0,0.0,0.0,,Neutral
move,0.0,,,,,,,,,,,,,,,,,,,,,,,,,,,,,,,,,,,,,,,,,,,,,,,,378,721,0,0.0,0.0,,Neutral
movement,0.0,,,,,,,,,,,,,,,,,,,,,,,,,,,,,,,,,,,,,,,,,,,,,,,,484,980,0,0.0,0.0,,Neutral
much,0.0,,,,,,,,,,,,,,,,,,,,,,,,,,,,,,,,,,,,,,,,,,,,,,,,268,1889,0,0.0,0.0,,Neutral
must,0.0,,,,,,,,,,,,,,,,,,,,,,,,,,,,,,,,,,,,,,,,,,,,,,,,376,1430,0,0.0,0.0,,Neutral
name,0.0,,,,,,,,,,,,,,,,,,,,,,,,,,,,,,,,,,,,,,,,,,,,,,,,503,1192,0,0.0,0.0,,Neutral
narrative,0.0,,,,,,,,,,,,,,,,,,,,,,,,,,,,,,,,,,,,,,,,,,,,,,,,421,342,0,0.0,0.0,,Neutral
nation,0.0,,,,,,,,,,,,,,,,,,,,,,,,,,,,,,,,,,,,,,,,,,,,,,,,401,960,0,0.0,0.0,,Neutral
national,0.0,,,,,,,,,,,,,,,,,,,,,,,,,,,,,,,,,,,,,,,,,,,,,,,,308,1435,0,0.0,0.0,,Neutral
national security,0.0,,,,,,,,,,,,,,,,,,,,,,,,,,,,,,,,,,,,,,,,,,,,,,,,96,363,1,1.0,0.0,,Neutral
nationalism,380.0,25.0,10.0,12.0,4.0,2.0,8.0,2.0,4.0,8.0,3.0,0.0,26.0,15.0,31.0,21.0,5.0,0.0,0.0,13.0,2.0,5.0,17.0,1.0,1.0,1.0,6.0,8.0,4.0,10.0,8.0,18.0,2.0,11.0,0.0,8.0,6.0,1.0,1.0,2.0,3.0,7.0,0.0,1.0,1.0,4.0,63.0,0.0,16,380,1,1.0,1.0,-147.0,Left
nationalist,728.0,92.0,6.0,8.0,4.0,7.0,3.0,6.0,23.0,9.0,7.0,3.0,27.0,15.0,27.0,33.0,3.0,1.0,2.0,43.0,0.0,12.0,68.0,5.0,0.0,2.0,9.0,18.0,2.0,10.0,27.0,48.0,9.0,21.0,0.0,6.0,14.0,0.0,2.0,11.0,6.0,6.0,8.0,4.0,21.0,16.0,77.0,6.0,17,728,1,1.0,1.0,-246.0,Left
nations,0.0,,,,,,,,,,,,,,,,,,,,,,,,,,,,,,,,,,,,,,,,,,,,,,,,279,806,0,0.0,0.0,,Neutral
near,0.0,,,,,,,,,,,,,,,,,,,,,,,,,,,,,,,,,,,,,,,,,,,,,,,,180,669,0,0.0,0.0,,Neutral
needs,0.0,,,,,,,,,,,,,,,,,,,,,,,,,,,,,,,,,,,,,,,,,,,,,,,,579,403,0,0.0,0.0,,Neutral
never,0.0,,,,,,,,,,,,,,,,,,,,,,,,,,,,,,,,,,,,,,,,,,,,,,,,504,1446,0,0.0,0.0,,Neutral
news and,0.0,,,,,,,,,,,,,,,,,,,,,,,,,,,,,,,,,,,,,,,,,,,,,,,,618,201,0,0.0,0.0,,Neutral
newspaper,0.0,,,,,,,,,,,,,,,,,,,,,,,,,,,,,,,,,,,,,,,,,,,,,,,,577,346,0,0.0,0.0,,Neutral
night,0.0,,,,,,,,,,,,,,,,,,,,,,,,,,,,,,,,,,,,,,,,,,,,,,,,572,618,0,0.0,0.0,,Neutral
nine,0.0,,,,,,,,,,,,,,,,,,,,,,,,,,,,,,,,,,,,,,,,,,,,,,,,229,285,0,0.0,0.0,,Neutral
non,0.0,,,,,,,,,,,,,,,,,,,,,,,,,,,,,,,,,,,,,,,,,,,,,,,,171,1676,0,0.0,0.0,,Neutral
non Muslim,470.0,35.0,7.0,16.0,16.0,2.0,7.0,11.0,11.0,2.0,0.0,2.0,18.0,5.0,33.0,3.0,2.0,0.0,3.0,7.0,0.0,19.0,28.0,8.0,1.0,7.0,4.0,3.0,0.0,4.0,3.0,10.0,6.0,5.0,0.0,85.0,7.0,4.0,0.0,10.0,3.0,24.0,1.0,5.0,4.0,7.0,39.0,3.0,18,470,1,1.0,1.0,34.0,Right
non Muslims,0.0,,,,,,,,,,,,,,,,,,,,,,,,,,,,,,,,,,,,,,,,,,,,,,,,114,507,1,0.0,0.0,,Neutral
northern,0.0,,,,,,,,,,,,,,,,,,,,,,,,,,,,,,,,,,,,,,,,,,,,,,,,449,502,0,0.0,0.0,,Neutral
not be in,0.0,,,,,,,,,,,,,,,,,,,,,,,,,,,,,,,,,,,,,,,,,,,,,,,,990,59,0,0.0,0.0,,Neutral
not just the,0.0,,,,,,,,,,,,,,,,,,,,,,,,,,,,,,,,,,,,,,,,,,,,,,,,974,60,0,0.0,0.0,,Neutral
not only,0.0,,,,,,,,,,,,,,,,,,,,,,,,,,,,,,,,,,,,,,,,,,,,,,,,780,532,0,0.0,0.0,,Neutral
o i,0.0,,,,,,,,,,,,,,,,,,,,,,,,,,,,,,,,,,,,,,,,,,,,,,,,817,78,0,0.0,0.0,,Neutral
observe,0.0,,,,,,,,,,,,,,,,,,,,,,,,,,,,,,,,,,,,,,,,,,,,,,,,387,203,0,0.0,0.0,,Neutral
observe Ramadan,0.0,,,,,,,,,,,,,,,,,,,,,,,,,,,,,,,,,,,,,,,,,,,,,,,,595,110,0,0.0,0.0,,Neutral
of Constantinople,0.0,,,,,,,,,,,,,,,,,,,,,,,,,,,,,,,,,,,,,,,,,,,,,,,,968,107,0,0.0,0.0,,Neutral
of Eid al,0.0,,,,,,,,,,,,,,,,,,,,,,,,,,,,,,,,,,,,,,,,,,,,,,,,610,87,0,0.0,0.0,,Neutral
of French,0.0,,,,,,,,,,,,,,,,,,,,,,,,,,,,,,,,,,,,,,,,,,,,,,,,698,69,0,0.0,0.0,,Neutral
of Hagia Sophia,0.0,,,,,,,,,,,,,,,,,,,,,,,,,,,,,,,,,,,,,,,,,,,,,,,,877,102,0,0.0,0.0,,Neutral
of ISIS,0.0,,,,,,,,,,,,,,,,,,,,,,,,,,,,,,,,,,,,,,,,,,,,,,,,894,189,0,0.0,0.0,,Neutral
of India,0.0,,,,,,,,,,,,,,,,,,,,,,,,,,,,,,,,,,,,,,,,,,,,,,,,838,296,0,0.0,0.0,,Neutral
of Indonesian,0.0,,,,,,,,,,,,,,,,,,,,,,,,,,,,,,,,,,,,,,,,,,,,,,,,995,22,0,0.0,0.0,,Neutral
of Iraq,0.0,,,,,,,,,,,,,,,,,,,,,,,,,,,,,,,,,,,,,,,,,,,,,,,,853,217,0,0.0,0.0,,Neutral
of Islam,0.0,,,,,,,,,,,,,,,,,,,,,,,,,,,,,,,,,,,,,,,,,,,,,,,,656,1561,0,0.0,0.0,,Neutral
of Islamic,0.0,,,,,,,,,,,,,,,,,,,,,,,,,,,,,,,,,,,,,,,,,,,,,,,,886,758,0,0.0,0.0,,Neutral
of Jihad,0.0,,,,,,,,,,,,,,,,,,,,,,,,,,,,,,,,,,,,,,,,,,,,,,,,704,167,0,0.0,0.0,,Neutral
of July,0.0,,,,,,,,,,,,,,,,,,,,,,,,,,,,,,,,,,,,,,,,,,,,,,,,648,75,0,0.0,0.0,,Neutral
of Mecca,0.0,,,,,,,,,,,,,,,,,,,,,,,,,,,,,,,,,,,,,,,,,,,,,,,,723,182,0,0.0,0.0,,Neutral
of Ramadan,0.0,,,,,,,,,,,,,,,,,,,,,,,,,,,,,,,,,,,,,,,,,,,,,,,,636,617,0,0.0,0.0,,Neutral
of a,0.0,,,,,,,,,,,,,,,,,,,,,,,,,,,,,,,,,,,,,,,,,,,,,,,,738,3956,0,0.0,0.0,,Neutral
of anti,0.0,,,,,,,,,,,,,,,,,,,,,,,,,,,,,,,,,,,,,,,,,,,,,,,,939,354,0,0.0,0.0,,Neutral
of coronavirus,0.0,,,,,,,,,,,,,,,,,,,,,,,,,,,,,,,,,,,,,,,,,,,,,,,,825,152,0,0.0,0.0,,Neutral
of her,0.0,,,,,,,,,,,,,,,,,,,,,,,,,,,,,,,,,,,,,,,,,,,,,,,,844,494,0,0.0,0.0,,Neutral
of our,0.0,,,,,,,,,,,,,,,,,,,,,,,,,,,,,,,,,,,,,,,,,,,,,,,,681,745,0,0.0,0.0,,Neutral
of religious,0.0,,,,,,,,,,,,,,,,,,,,,,,,,,,,,,,,,,,,,,,,,,,,,,,,875,631,0,0.0,0.0,,Neutral
of the French,0.0,,,,,,,,,,,,,,,,,,,,,,,,,,,,,,,,,,,,,,,,,,,,,,,,880,51,0,0.0,0.0,,Neutral
of the Islamic,0.0,,,,,,,,,,,,,,,,,,,,,,,,,,,,,,,,,,,,,,,,,,,,,,,,759,621,0,0.0,0.0,,Neutral
of the Prophet,0.0,,,,,,,,,,,,,,,,,,,,,,,,,,,,,,,,,,,,,,,,,,,,,,,,644,179,0,0.0,0.0,,Neutral
of the coronavirus,0.0,,,,,,,,,,,,,,,,,,,,,,,,,,,,,,,,,,,,,,,,,,,,,,,,716,164,0,0.0,0.0,,Neutral
of the devil,0.0,,,,,,,,,,,,,,,,,,,,,,,,,,,,,,,,,,,,,,,,,,,,,,,,977,34,0,0.0,0.0,,Neutral
of the month,0.0,,,,,,,,,,,,,,,,,,,,,,,,,,,,,,,,,,,,,,,,,,,,,,,,809,44,0,0.0,0.0,,Neutral
of these,0.0,,,,,,,,,,,,,,,,,,,,,,,,,,,,,,,,,,,,,,,,,,,,,,,,970,594,0,0.0,0.0,,Neutral
of this,0.0,,,,,,,,,,,,,,,,,,,,,,,,,,,,,,,,,,,,,,,,,,,,,,,,906,1056,0,0.0,0.0,,Neutral
of us,0.0,,,,,,,,,,,,,,,,,,,,,,,,,,,,,,,,,,,,,,,,,,,,,,,,944,418,0,0.0,0.0,,Neutral
of white,0.0,,,,,,,,,,,,,,,,,,,,,,,,,,,,,,,,,,,,,,,,,,,,,,,,907,182,0,0.0,0.0,,Neutral
off with,0.0,,,,,,,,,,,,,,,,,,,,,,,,,,,,,,,,,,,,,,,,,,,,,,,,814,46,0,0.0,0.0,,Neutral
office,0.0,,,,,,,,,,,,,,,,,,,,,,,,,,,,,,,,,,,,,,,,,,,,,,,,483,727,0,0.0,0.0,,Neutral
officers,0.0,,,,,,,,,,,,,,,,,,,,,,,,,,,,,,,,,,,,,,,,,,,,,,,,274,486,0,0.0,0.0,,Neutral
officials,0.0,,,,,,,,,,,,,,,,,,,,,,,,,,,,,,,,,,,,,,,,,,,,,,,,169,1440,0,0.0,0.0,,Neutral
often,0.0,,,,,,,,,,,,,,,,,,,,,,,,,,,,,,,,,,,,,,,,,,,,,,,,371,1343,0,0.0,0.0,,Neutral
old,0.0,,,,,,,,,,,,,,,,,,,,,,,,,,,,,,,,,,,,,,,,,,,,,,,,266,1939,0,0.0,0.0,,Neutral
on August,0.0,,,,,,,,,,,,,,,,,,,,,,,,,,,,,,,,,,,,,,,,,,,,,,,,791,71,0,0.0,0.0,,Neutral
on Facebook,0.0,,,,,,,,,,,,,,,,,,,,,,,,,,,,,,,,,,,,,,,,,,,,,,,,685,385,0,0.0,0.0,,Neutral
on Friday,0.0,,,,,,,,,,,,,,,,,,,,,,,,,,,,,,,,,,,,,,,,,,,,,,,,627,534,0,0.0,0.0,,Neutral
on May,0.0,,,,,,,,,,,,,,,,,,,,,,,,,,,,,,,,,,,,,,,,,,,,,,,,836,218,0,0.0,0.0,,Neutral
on Monday,0.0,,,,,,,,,,,,,,,,,,,,,,,,,,,,,,,,,,,,,,,,,,,,,,,,691,368,0,0.0,0.0,,Neutral
on Sunday,0.0,,,,,,,,,,,,,,,,,,,,,,,,,,,,,,,,,,,,,,,,,,,,,,,,935,380,0,0.0,0.0,,Neutral
on Thursday,0.0,,,,,,,,,,,,,,,,,,,,,,,,,,,,,,,,,,,,,,,,,,,,,,,,851,304,0,0.0,0.0,,Neutral
on Tuesday,0.0,,,,,,,,,,,,,,,,,,,,,,,,,,,,,,,,,,,,,,,,,,,,,,,,680,334,0,0.0,0.0,,Neutral
on Twitter,0.0,,,,,,,,,,,,,,,,,,,,,,,,,,,,,,,,,,,,,,,,,,,,,,,,658,724,0,0.0,0.0,,Neutral
on Wednesday,0.0,,,,,,,,,,,,,,,,,,,,,,,,,,,,,,,,,,,,,,,,,,,,,,,,835,327,0,0.0,0.0,,Neutral
on YouTube,0.0,,,,,,,,,,,,,,,,,,,,,,,,,,,,,,,,,,,,,,,,,,,,,,,,717,74,0,0.0,0.0,,Neutral
on a,0.0,,,,,,,,,,,,,,,,,,,,,,,,,,,,,,,,,,,,,,,,,,,,,,,,912,1422,0,0.0,0.0,,Neutral
on our,0.0,,,,,,,,,,,,,,,,,,,,,,,,,,,,,,,,,,,,,,,,,,,,,,,,870,164,0,0.0,0.0,,Neutral
on the,0.0,,,,,,,,,,,,,,,,,,,,,,,,,,,,,,,,,,,,,,,,,,,,,,,,623,5854,0,0.0,0.0,,Neutral
on the first,0.0,,,,,,,,,,,,,,,,,,,,,,,,,,,,,,,,,,,,,,,,,,,,,,,,624,96,0,0.0,0.0,,Neutral
one,0.0,,,,,,,,,,,,,,,,,,,,,,,,,,,,,,,,,,,,,,,,,,,,,,,,177,7293,0,0.0,0.0,,Neutral
one of,0.0,,,,,,,,,,,,,,,,,,,,,,,,,,,,,,,,,,,,,,,,,,,,,,,,915,2370,0,0.0,0.0,,Neutral
open,0.0,,,,,,,,,,,,,,,,,,,,,,,,,,,,,,,,,,,,,,,,,,,,,,,,447,896,0,0.0,0.0,,Neutral
opportunities,0.0,,,,,,,,,,,,,,,,,,,,,,,,,,,,,,,,,,,,,,,,,,,,,,,,174,173,0,0.0,0.0,,Neutral
or the,0.0,,,,,,,,,,,,,,,,,,,,,,,,,,,,,,,,,,,,,,,,,,,,,,,,989,460,0,0.0,0.0,,Neutral
order,0.0,,,,,,,,,,,,,,,,,,,,,,,,,,,,,,,,,,,,,,,,,,,,,,,,251,965,0,0.0,0.0,,Neutral
organisation,0.0,,,,,,,,,,,,,,,,,,,,,,,,,,,,,,,,,,,,,,,,,,,,,,,,413,285,0,0.0,0.0,,Neutral
original,0.0,,,,,,,,,,,,,,,,,,,,,,,,,,,,,,,,,,,,,,,,,,,,,,,,216,290,0,0.0,0.0,,Neutral
our best,0.0,,,,,,,,,,,,,,,,,,,,,,,,,,,,,,,,,,,,,,,,,,,,,,,,975,31,0,0.0,0.0,,Neutral
outbreak,0.0,,,,,,,,,,,,,,,,,,,,,,,,,,,,,,,,,,,,,,,,,,,,,,,,290,272,0,0.0,0.0,,Neutral
outside,0.0,,,,,,,,,,,,,,,,,,,,,,,,,,,,,,,,,,,,,,,,,,,,,,,,361,1235,0,0.0,0.0,,Neutral
page,0.0,,,,,,,,,,,,,,,,,,,,,,,,,,,,,,,,,,,,,,,,,,,,,,,,161,393,0,0.0,0.0,,Neutral
pandemic,0.0,,,,,,,,,,,,,,,,,,,,,,,,,,,,,,,,,,,,,,,,,,,,,,,,159,688,0,0.0,0.0,,Neutral
parliament,0.0,,,,,,,,,,,,,,,,,,,,,,,,,,,,,,,,,,,,,,,,,,,,,,,,505,362,0,0.0,0.0,,Neutral
party,0.0,,,,,,,,,,,,,,,,,,,,,,,,,,,,,,,,,,,,,,,,,,,,,,,,129,1873,0,0.0,0.0,,Neutral
past,0.0,,,,,,,,,,,,,,,,,,,,,,,,,,,,,,,,,,,,,,,,,,,,,,,,586,1285,0,0.0,0.0,,Neutral
peace,848.0,69.0,15.0,4.0,15.0,11.0,10.0,15.0,32.0,3.0,3.0,7.0,68.0,4.0,24.0,10.0,16.0,1.0,6.0,15.0,21.0,45.0,76.0,6.0,0.0,10.0,5.0,8.0,1.0,8.0,20.0,26.0,21.0,10.0,5.0,84.0,13.0,13.0,2.0,18.0,2.0,16.0,5.0,14.0,3.0,10.0,67.0,2.0,19,848,1,1.0,1.0,-7.0,Left
people to,0.0,,,,,,,,,,,,,,,,,,,,,,,,,,,,,,,,,,,,,,,,,,,,,,,,937,459,0,0.0,0.0,,Neutral
percent of,0.0,,,,,,,,,,,,,,,,,,,,,,,,,,,,,,,,,,,,,,,,,,,,,,,,733,607,0,0.0,0.0,,Neutral
perform,0.0,,,,,,,,,,,,,,,,,,,,,,,,,,,,,,,,,,,,,,,,,,,,,,,,350,289,0,0.0,0.0,,Neutral
perform the,0.0,,,,,,,,,,,,,,,,,,,,,,,,,,,,,,,,,,,,,,,,,,,,,,,,943,107,0,0.0,0.0,,Neutral
persecution,0.0,,,,,,,,,,,,,,,,,,,,,,,,,,,,,,,,,,,,,,,,,,,,,,,,213,561,0,0.0,0.0,,Neutral
photo,0.0,,,,,,,,,,,,,,,,,,,,,,,,,,,,,,,,,,,,,,,,,,,,,,,,481,253,0,0.0,0.0,,Neutral
pictures,0.0,,,,,,,,,,,,,,,,,,,,,,,,,,,,,,,,,,,,,,,,,,,,,,,,450,213,0,0.0,0.0,,Neutral
pilgrim,0.0,,,,,,,,,,,,,,,,,,,,,,,,,,,,,,,,,,,,,,,,,,,,,,,,971,49,0,0.0,0.0,,Neutral
pilgrimage,539.0,62.0,0.0,0.0,4.0,29.0,3.0,14.0,53.0,2.0,0.0,4.0,49.0,0.0,68.0,4.0,1.0,0.0,16.0,14.0,0.0,13.0,7.0,0.0,21.0,2.0,0.0,4.0,0.0,1.0,6.0,16.0,13.0,8.0,0.0,2.0,54.0,0.0,0.0,6.0,3.0,1.0,0.0,4.0,0.0,9.0,23.0,20.0,37,539,1,1.0,1.0,-50.0,Left
pilgrims,0.0,,,,,,,,,,,,,,,,,,,,,,,,,,,,,,,,,,,,,,,,,,,,,,,,99,652,1,0.0,0.0,,Neutral
place,0.0,,,,,,,,,,,,,,,,,,,,,,,,,,,,,,,,,,,,,,,,,,,,,,,,467,1916,0,0.0,0.0,,Neutral
plains,0.0,,,,,,,,,,,,,,,,,,,,,,,,,,,,,,,,,,,,,,,,,,,,,,,,542,23,0,0.0,0.0,,Neutral
planning,0.0,,,,,,,,,,,,,,,,,,,,,,,,,,,,,,,,,,,,,,,,,,,,,,,,982,243,0,0.0,0.0,,Neutral
platform,0.0,,,,,,,,,,,,,,,,,,,,,,,,,,,,,,,,,,,,,,,,,,,,,,,,173,259,0,0.0,0.0,,Neutral
platforms,0.0,,,,,,,,,,,,,,,,,,,,,,,,,,,,,,,,,,,,,,,,,,,,,,,,234,162,0,0.0,0.0,,Neutral
plot,0.0,,,,,,,,,,,,,,,,,,,,,,,,,,,,,,,,,,,,,,,,,,,,,,,,176,236,0,0.0,0.0,,Neutral
point,0.0,,,,,,,,,,,,,,,,,,,,,,,,,,,,,,,,,,,,,,,,,,,,,,,,529,930,0,0.0,0.0,,Neutral
police,0.0,,,,,,,,,,,,,,,,,,,,,,,,,,,,,,,,,,,,,,,,,,,,,,,,137,3124,0,0.0,0.0,,Neutral
policies,0.0,,,,,,,,,,,,,,,,,,,,,,,,,,,,,,,,,,,,,,,,,,,,,,,,451,655,0,0.0,0.0,,Neutral
policy,0.0,,,,,,,,,,,,,,,,,,,,,,,,,,,,,,,,,,,,,,,,,,,,,,,,167,940,0,0.0,0.0,,Neutral
political,0.0,,,,,,,,,,,,,,,,,,,,,,,,,,,,,,,,,,,,,,,,,,,,,,,,146,3143,0,0.0,0.0,,Neutral
politics,0.0,,,,,,,,,,,,,,,,,,,,,,,,,,,,,,,,,,,,,,,,,,,,,,,,393,872,0,0.0,0.0,,Neutral
population,0.0,,,,,,,,,,,,,,,,,,,,,,,,,,,,,,,,,,,,,,,,,,,,,,,,301,1352,0,0.0,0.0,,Neutral
post,0.0,,,,,,,,,,,,,,,,,,,,,,,,,,,,,,,,,,,,,,,,,,,,,,,,296,662,0,0.0,0.0,,Neutral
posted,0.0,,,,,,,,,,,,,,,,,,,,,,,,,,,,,,,,,,,,,,,,,,,,,,,,357,538,0,0.0,0.0,,Neutral
power,0.0,,,,,,,,,,,,,,,,,,,,,,,,,,,,,,,,,,,,,,,,,,,,,,,,343,1324,0,0.0,0.0,,Neutral
pray,0.0,,,,,,,,,,,,,,,,,,,,,,,,,,,,,,,,,,,,,,,,,,,,,,,,142,739,0,0.0,0.0,,Neutral
pray and,0.0,,,,,,,,,,,,,,,,,,,,,,,,,,,,,,,,,,,,,,,,,,,,,,,,865,61,0,0.0,0.0,,Neutral
prayer,1576.0,193.0,4.0,4.0,4.0,8.0,8.0,16.0,112.0,34.0,8.0,3.0,109.0,6.0,91.0,2.0,25.0,6.0,109.0,33.0,2.0,52.0,115.0,15.0,30.0,40.0,15.0,6.0,2.0,2.0,37.0,75.0,21.0,38.0,1.0,95.0,21.0,14.0,5.0,26.0,19.0,10.0,2.0,32.0,4.0,28.0,79.0,10.0,20,1576,1,1.0,1.0,-88.0,Left
prayers,0.0,,,,,,,,,,,,,,,,,,,,,,,,,,,,,,,,,,,,,,,,,,,,,,,,125,1581,0,0.0,0.0,,Neutral
prayers at,0.0,,,,,,,,,,,,,,,,,,,,,,,,,,,,,,,,,,,,,,,,,,,,,,,,647,183,0,0.0,0.0,,Neutral
prayers at Hagia,0.0,,,,,,,,,,,,,,,,,,,,,,,,,,,,,,,,,,,,,,,,,,,,,,,,821,18,0,0.0,0.0,,Neutral
prays,0.0,,,,,,,,,,,,,,,,,,,,,,,,,,,,,,,,,,,,,,,,,,,,,,,,235,89,0,0.0,0.0,,Neutral
president,0.0,,,,,,,,,,,,,,,,,,,,,,,,,,,,,,,,,,,,,,,,,,,,,,,,299,1410,0,0.0,0.0,,Neutral
prime minister,0.0,,,,,,,,,,,,,,,,,,,,,,,,,,,,,,,,,,,,,,,,,,,,,,,,458,516,0,0.0,0.0,,Neutral
prison,0.0,,,,,,,,,,,,,,,,,,,,,,,,,,,,,,,,,,,,,,,,,,,,,,,,389,596,0,0.0,0.0,,Neutral
problem,0.0,,,,,,,,,,,,,,,,,,,,,,,,,,,,,,,,,,,,,,,,,,,,,,,,519,744,0,0.0,0.0,,Neutral
products,0.0,,,,,,,,,,,,,,,,,,,,,,,,,,,,,,,,,,,,,,,,,,,,,,,,282,184,0,0.0,0.0,,Neutral
prophet,0.0,,,,,,,,,,,,,,,,,,,,,,,,,,,,,,,,,,,,,,,,,,,,,,,,256,309,0,0.0,0.0,,Neutral
protected by,0.0,,,,,,,,,,,,,,,,,,,,,,,,,,,,,,,,,,,,,,,,,,,,,,,,638,126,0,0.0,0.0,,Neutral
protest,0.0,,,,,,,,,,,,,,,,,,,,,,,,,,,,,,,,,,,,,,,,,,,,,,,,335,569,0,0.0,0.0,,Neutral
protesters,0.0,,,,,,,,,,,,,,,,,,,,,,,,,,,,,,,,,,,,,,,,,,,,,,,,466,411,0,0.0,0.0,,Neutral
protests,0.0,,,,,,,,,,,,,,,,,,,,,,,,,,,,,,,,,,,,,,,,,,,,,,,,305,908,0,0.0,0.0,,Neutral
provide,0.0,,,,,,,,,,,,,,,,,,,,,,,,,,,,,,,,,,,,,,,,,,,,,,,,232,467,0,0.0,0.0,,Neutral
provide a,0.0,,,,,,,,,,,,,,,,,,,,,,,,,,,,,,,,,,,,,,,,,,,,,,,,653,117,0,0.0,0.0,,Neutral
public,0.0,,,,,,,,,,,,,,,,,,,,,,,,,,,,,,,,,,,,,,,,,,,,,,,,203,2436,0,0.0,0.0,,Neutral
racism,0.0,,,,,,,,,,,,,,,,,,,,,,,,,,,,,,,,,,,,,,,,,,,,,,,,198,652,0,0.0,0.0,,Neutral
racist,0.0,,,,,,,,,,,,,,,,,,,,,,,,,,,,,,,,,,,,,,,,,,,,,,,,179,642,0,0.0,0.0,,Neutral
radical,0.0,,,,,,,,,,,,,,,,,,,,,,,,,,,,,,,,,,,,,,,,,,,,,,,,262,900,0,0.0,0.0,,Neutral
read,0.0,,,,,,,,,,,,,,,,,,,,,,,,,,,,,,,,,,,,,,,,,,,,,,,,526,542,0,0.0,0.0,,Neutral
really,0.0,,,,,,,,,,,,,,,,,,,,,,,,,,,,,,,,,,,,,,,,,,,,,,,,189,1169,0,0.0,0.0,,Neutral
record,0.0,,,,,,,,,,,,,,,,,,,,,,,,,,,,,,,,,,,,,,,,,,,,,,,,419,393,0,0.0,0.0,,Neutral
refugees,533.0,40.0,0.0,1.0,24.0,10.0,9.0,3.0,7.0,7.0,1.0,5.0,10.0,22.0,37.0,5.0,4.0,1.0,1.0,13.0,4.0,10.0,61.0,7.0,0.0,14.0,7.0,6.0,0.0,17.0,6.0,32.0,3.0,14.0,1.0,35.0,7.0,1.0,0.0,14.0,4.0,7.0,1.0,4.0,0.0,5.0,68.0,1.0,21,533,1,1.0,1.0,-110.0,Left
regime,0.0,,,,,,,,,,,,,,,,,,,,,,,,,,,,,,,,,,,,,,,,,,,,,,,,375,563,0,0.0,0.0,,Neutral
region,0.0,,,,,,,,,,,,,,,,,,,,,,,,,,,,,,,,,,,,,,,,,,,,,,,,193,1298,0,0.0,0.0,,Neutral
registered,0.0,,,,,,,,,,,,,,,,,,,,,,,,,,,,,,,,,,,,,,,,,,,,,,,,287,96,0,0.0,0.0,,Neutral
religion,0.0,,,,,,,,,,,,,,,,,,,,,,,,,,,,,,,,,,,,,,,,,,,,,,,,39,2730,1,1.0,0.0,,Neutral
religions,0.0,,,,,,,,,,,,,,,,,,,,,,,,,,,,,,,,,,,,,,,,,,,,,,,,105,510,1,0.0,0.0,,Neutral
religious,0.0,,,,,,,,,,,,,,,,,,,,,,,,,,,,,,,,,,,,,,,,,,,,,,,,100,6214,1,0.0,0.0,,Neutral
religious freedom,423.0,28.0,2.0,15.0,4.0,2.0,15.0,0.0,12.0,0.0,0.0,2.0,24.0,11.0,3.0,4.0,17.0,13.0,2.0,9.0,8.0,28.0,20.0,2.0,1.0,0.0,7.0,1.0,0.0,8.0,3.0,22.0,15.0,4.0,0.0,22.0,16.0,4.0,0.0,7.0,1.0,36.0,1.0,7.0,5.0,7.0,35.0,0.0,22,423,1,1.0,1.0,5.0,Right
religious minorities,385.0,32.0,1.0,19.0,3.0,2.0,16.0,2.0,14.0,1.0,1.0,2.0,25.0,4.0,17.0,3.0,6.0,0.0,1.0,2.0,3.0,17.0,21.0,4.0,0.0,1.0,0.0,1.0,1.0,26.0,8.0,10.0,6.0,6.0,1.0,11.0,4.0,0.0,1.0,19.0,1.0,36.0,4.0,3.0,3.0,7.0,34.0,4.0,23,385,1,1.0,1.0,9.0,Right
religious violence,52.0,7.0,0.0,1.0,0.0,0.0,0.0,0.0,1.0,0.0,0.0,0.0,3.0,1.0,2.0,0.0,0.0,0.0,0.0,2.0,0.0,0.0,7.0,0.0,0.0,0.0,0.0,0.0,0.0,0.0,0.0,1.0,0.0,2.0,8.0,1.0,0.0,1.0,0.0,0.0,0.0,2.0,3.0,1.0,0.0,0.0,9.0,0.0,24,52,1,1.0,1.0,-20.0,Left
report,0.0,,,,,,,,,,,,,,,,,,,,,,,,,,,,,,,,,,,,,,,,,,,,,,,,220,1431,0,0.0,0.0,,Neutral
reporting,0.0,,,,,,,,,,,,,,,,,,,,,,,,,,,,,,,,,,,,,,,,,,,,,,,,380,242,0,0.0,0.0,,Neutral
reporting on,0.0,,,,,,,,,,,,,,,,,,,,,,,,,,,,,,,,,,,,,,,,,,,,,,,,802,60,0,0.0,0.0,,Neutral
reporting on the,0.0,,,,,,,,,,,,,,,,,,,,,,,,,,,,,,,,,,,,,,,,,,,,,,,,826,23,0,0.0,0.0,,Neutral
research,0.0,,,,,,,,,,,,,,,,,,,,,,,,,,,,,,,,,,,,,,,,,,,,,,,,238,435,0,0.0,0.0,,Neutral
response,0.0,,,,,,,,,,,,,,,,,,,,,,,,,,,,,,,,,,,,,,,,,,,,,,,,480,873,0,0.0,0.0,,Neutral
returnees,0.0,,,,,,,,,,,,,,,,,,,,,,,,,,,,,,,,,,,,,,,,,,,,,,,,351,49,0,0.0,0.0,,Neutral
revealed,0.0,,,,,,,,,,,,,,,,,,,,,,,,,,,,,,,,,,,,,,,,,,,,,,,,200,305,0,0.0,0.0,,Neutral
revered,0.0,,,,,,,,,,,,,,,,,,,,,,,,,,,,,,,,,,,,,,,,,,,,,,,,259,108,0,0.0,0.0,,Neutral
revised in,0.0,,,,,,,,,,,,,,,,,,,,,,,,,,,,,,,,,,,,,,,,,,,,,,,,929,51,0,0.0,0.0,,Neutral
right,0.0,,,,,,,,,,,,,,,,,,,,,,,,,,,,,,,,,,,,,,,,,,,,,,,,127,3457,0,0.0,0.0,,Neutral
right wing,0.0,,,,,,,,,,,,,,,,,,,,,,,,,,,,,,,,,,,,,,,,,,,,,,,,552,490,0,0.0,0.0,,Neutral
rights,0.0,,,,,,,,,,,,,,,,,,,,,,,,,,,,,,,,,,,,,,,,,,,,,,,,194,2029,0,0.0,0.0,,Neutral
riots,0.0,,,,,,,,,,,,,,,,,,,,,,,,,,,,,,,,,,,,,,,,,,,,,,,,185,420,0,0.0,0.0,,Neutral
rise,0.0,,,,,,,,,,,,,,,,,,,,,,,,,,,,,,,,,,,,,,,,,,,,,,,,495,710,0,0.0,0.0,,Neutral
ruling,0.0,,,,,,,,,,,,,,,,,,,,,,,,,,,,,,,,,,,,,,,,,,,,,,,,332,729,0,0.0,0.0,,Neutral
safeguarding,0.0,,,,,,,,,,,,,,,,,,,,,,,,,,,,,,,,,,,,,,,,,,,,,,,,507,26,0,0.0,0.0,,Neutral
sale,0.0,,,,,,,,,,,,,,,,,,,,,,,,,,,,,,,,,,,,,,,,,,,,,,,,399,85,0,0.0,0.0,,Neutral
satirical,0.0,,,,,,,,,,,,,,,,,,,,,,,,,,,,,,,,,,,,,,,,,,,,,,,,590,46,0,0.0,0.0,,Neutral
saying,0.0,,,,,,,,,,,,,,,,,,,,,,,,,,,,,,,,,,,,,,,,,,,,,,,,386,1460,0,0.0,0.0,,Neutral
scholars,0.0,,,,,,,,,,,,,,,,,,,,,,,,,,,,,,,,,,,,,,,,,,,,,,,,585,386,0,0.0,0.0,,Neutral
school,0.0,,,,,,,,,,,,,,,,,,,,,,,,,,,,,,,,,,,,,,,,,,,,,,,,209,1162,0,0.0,0.0,,Neutral
schools,0.0,,,,,,,,,,,,,,,,,,,,,,,,,,,,,,,,,,,,,,,,,,,,,,,,368,766,0,0.0,0.0,,Neutral
secretary,0.0,,,,,,,,,,,,,,,,,,,,,,,,,,,,,,,,,,,,,,,,,,,,,,,,394,306,0,0.0,0.0,,Neutral
section,0.0,,,,,,,,,,,,,,,,,,,,,,,,,,,,,,,,,,,,,,,,,,,,,,,,512,146,0,0.0,0.0,,Neutral
secular,0.0,,,,,,,,,,,,,,,,,,,,,,,,,,,,,,,,,,,,,,,,,,,,,,,,68,864,1,1.0,0.0,,Neutral
security,0.0,,,,,,,,,,,,,,,,,,,,,,,,,,,,,,,,,,,,,,,,,,,,,,,,165,1882,0,0.0,0.0,,Neutral
security officials,0.0,,,,,,,,,,,,,,,,,,,,,,,,,,,,,,,,,,,,,,,,,,,,,,,,533,44,0,0.0,0.0,,Neutral
see,0.0,,,,,,,,,,,,,,,,,,,,,,,,,,,,,,,,,,,,,,,,,,,,,,,,267,1965,0,0.0,0.0,,Neutral
seems,0.0,,,,,,,,,,,,,,,,,,,,,,,,,,,,,,,,,,,,,,,,,,,,,,,,492,485,0,0.0,0.0,,Neutral
seen,0.0,,,,,,,,,,,,,,,,,,,,,,,,,,,,,,,,,,,,,,,,,,,,,,,,589,1319,0,0.0,0.0,,Neutral
separatism,0.0,,,,,,,,,,,,,,,,,,,,,,,,,,,,,,,,,,,,,,,,,,,,,,,,408,89,0,0.0,0.0,,Neutral
services,0.0,,,,,,,,,,,,,,,,,,,,,,,,,,,,,,,,,,,,,,,,,,,,,,,,548,539,0,0.0,0.0,,Neutral
several,0.0,,,,,,,,,,,,,,,,,,,,,,,,,,,,,,,,,,,,,,,,,,,,,,,,502,1190,0,0.0,0.0,,Neutral
she says,0.0,,,,,,,,,,,,,,,,,,,,,,,,,,,,,,,,,,,,,,,,,,,,,,,,719,207,0,0.0,0.0,,Neutral
she was,0.0,,,,,,,,,,,,,,,,,,,,,,,,,,,,,,,,,,,,,,,,,,,,,,,,855,622,0,0.0,0.0,,Neutral
show,0.0,,,,,,,,,,,,,,,,,,,,,,,,,,,,,,,,,,,,,,,,,,,,,,,,149,1176,0,0.0,0.0,,Neutral
shows,0.0,,,,,,,,,,,,,,,,,,,,,,,,,,,,,,,,,,,,,,,,,,,,,,,,537,574,0,0.0,0.0,,Neutral
sign,0.0,,,,,,,,,,,,,,,,,,,,,,,,,,,,,,,,,,,,,,,,,,,,,,,,244,409,0,0.0,0.0,,Neutral
sign up,0.0,,,,,,,,,,,,,,,,,,,,,,,,,,,,,,,,,,,,,,,,,,,,,,,,687,53,0,0.0,0.0,,Neutral
silenced,0.0,,,,,,,,,,,,,,,,,,,,,,,,,,,,,,,,,,,,,,,,,,,,,,,,460,69,0,0.0,0.0,,Neutral
since,0.0,,,,,,,,,,,,,,,,,,,,,,,,,,,,,,,,,,,,,,,,,,,,,,,,417,2212,0,0.0,0.0,,Neutral
site is,0.0,,,,,,,,,,,,,,,,,,,,,,,,,,,,,,,,,,,,,,,,,,,,,,,,635,120,0,0.0,0.0,,Neutral
sites,0.0,,,,,,,,,,,,,,,,,,,,,,,,,,,,,,,,,,,,,,,,,,,,,,,,549,471,0,0.0,0.0,,Neutral
slave,0.0,,,,,,,,,,,,,,,,,,,,,,,,,,,,,,,,,,,,,,,,,,,,,,,,217,200,0,0.0,0.0,,Neutral
slaves,0.0,,,,,,,,,,,,,,,,,,,,,,,,,,,,,,,,,,,,,,,,,,,,,,,,321,211,0,0.0,0.0,,Neutral
social,0.0,,,,,,,,,,,,,,,,,,,,,,,,,,,,,,,,,,,,,,,,,,,,,,,,280,2100,0,0.0,0.0,,Neutral
social distancing,0.0,,,,,,,,,,,,,,,,,,,,,,,,,,,,,,,,,,,,,,,,,,,,,,,,558,214,0,0.0,0.0,,Neutral
social media,0.0,,,,,,,,,,,,,,,,,,,,,,,,,,,,,,,,,,,,,,,,,,,,,,,,347,987,0,0.0,0.0,,Neutral
society,0.0,,,,,,,,,,,,,,,,,,,,,,,,,,,,,,,,,,,,,,,,,,,,,,,,491,1185,0,0.0,0.0,,Neutral
something,0.0,,,,,,,,,,,,,,,,,,,,,,,,,,,,,,,,,,,,,,,,,,,,,,,,338,1108,0,0.0,0.0,,Neutral
speaks,0.0,,,,,,,,,,,,,,,,,,,,,,,,,,,,,,,,,,,,,,,,,,,,,,,,553,135,0,0.0,0.0,,Neutral
special,0.0,,,,,,,,,,,,,,,,,,,,,,,,,,,,,,,,,,,,,,,,,,,,,,,,330,528,0,0.0,0.0,,Neutral
speech,0.0,,,,,,,,,,,,,,,,,,,,,,,,,,,,,,,,,,,,,,,,,,,,,,,,195,1030,0,0.0,0.0,,Neutral
spend,0.0,,,,,,,,,,,,,,,,,,,,,,,,,,,,,,,,,,,,,,,,,,,,,,,,543,126,0,0.0,0.0,,Neutral
spokesperson,0.0,,,,,,,,,,,,,,,,,,,,,,,,,,,,,,,,,,,,,,,,,,,,,,,,524,230,0,0.0,0.0,,Neutral
spread,0.0,,,,,,,,,,,,,,,,,,,,,,,,,,,,,,,,,,,,,,,,,,,,,,,,237,1052,0,0.0,0.0,,Neutral
spread of the,0.0,,,,,,,,,,,,,,,,,,,,,,,,,,,,,,,,,,,,,,,,,,,,,,,,753,201,0,0.0,0.0,,Neutral
stand,0.0,,,,,,,,,,,,,,,,,,,,,,,,,,,,,,,,,,,,,,,,,,,,,,,,477,543,0,0.0,0.0,,Neutral
start,0.0,,,,,,,,,,,,,,,,,,,,,,,,,,,,,,,,,,,,,,,,,,,,,,,,272,585,0,0.0,0.0,,Neutral
state,0.0,,,,,,,,,,,,,,,,,,,,,,,,,,,,,,,,,,,,,,,,,,,,,,,,166,3331,0,0.0,0.0,,Neutral
statement,0.0,,,,,,,,,,,,,,,,,,,,,,,,,,,,,,,,,,,,,,,,,,,,,,,,168,1381,0,0.0,0.0,,Neutral
status,0.0,,,,,,,,,,,,,,,,,,,,,,,,,,,,,,,,,,,,,,,,,,,,,,,,365,602,0,0.0,0.0,,Neutral
status of,0.0,,,,,,,,,,,,,,,,,,,,,,,,,,,,,,,,,,,,,,,,,,,,,,,,878,142,0,0.0,0.0,,Neutral
still,0.0,,,,,,,,,,,,,,,,,,,,,,,,,,,,,,,,,,,,,,,,,,,,,,,,415,1790,0,0.0,0.0,,Neutral
stock,0.0,,,,,,,,,,,,,,,,,,,,,,,,,,,,,,,,,,,,,,,,,,,,,,,,366,59,0,0.0,0.0,,Neutral
stoning,0.0,,,,,,,,,,,,,,,,,,,,,,,,,,,,,,,,,,,,,,,,,,,,,,,,561,112,0,0.0,0.0,,Neutral
stoning of the,0.0,,,,,,,,,,,,,,,,,,,,,,,,,,,,,,,,,,,,,,,,,,,,,,,,931,29,0,0.0,0.0,,Neutral
stories that,0.0,,,,,,,,,,,,,,,,,,,,,,,,,,,,,,,,,,,,,,,,,,,,,,,,615,159,0,0.0,0.0,,Neutral
strategy,0.0,,,,,,,,,,,,,,,,,,,,,,,,,,,,,,,,,,,,,,,,,,,,,,,,536,295,0,0.0,0.0,,Neutral
street,0.0,,,,,,,,,,,,,,,,,,,,,,,,,,,,,,,,,,,,,,,,,,,,,,,,443,357,0,0.0,0.0,,Neutral
students,0.0,,,,,,,,,,,,,,,,,,,,,,,,,,,,,,,,,,,,,,,,,,,,,,,,418,797,0,0.0,0.0,,Neutral
subscribe to,0.0,,,,,,,,,,,,,,,,,,,,,,,,,,,,,,,,,,,,,,,,,,,,,,,,772,38,0,0.0,0.0,,Neutral
such as,0.0,,,,,,,,,,,,,,,,,,,,,,,,,,,,,,,,,,,,,,,,,,,,,,,,706,1480,0,0.0,0.0,,Neutral
suicide,0.0,,,,,,,,,,,,,,,,,,,,,,,,,,,,,,,,,,,,,,,,,,,,,,,,377,437,0,0.0,0.0,,Neutral
support,0.0,,,,,,,,,,,,,,,,,,,,,,,,,,,,,,,,,,,,,,,,,,,,,,,,358,1958,0,0.0,0.0,,Neutral
supporters,0.0,,,,,,,,,,,,,,,,,,,,,,,,,,,,,,,,,,,,,,,,,,,,,,,,391,590,0,0.0,0.0,,Neutral
suspicion,0.0,,,,,,,,,,,,,,,,,,,,,,,,,,,,,,,,,,,,,,,,,,,,,,,,538,169,0,0.0,0.0,,Neutral
symbolic,0.0,,,,,,,,,,,,,,,,,,,,,,,,,,,,,,,,,,,,,,,,,,,,,,,,240,151,0,0.0,0.0,,Neutral
take,0.0,,,,,,,,,,,,,,,,,,,,,,,,,,,,,,,,,,,,,,,,,,,,,,,,567,1799,0,0.0,0.0,,Neutral
taken,0.0,,,,,,,,,,,,,,,,,,,,,,,,,,,,,,,,,,,,,,,,,,,,,,,,364,1141,0,0.0,0.0,,Neutral
talk,0.0,,,,,,,,,,,,,,,,,,,,,,,,,,,,,,,,,,,,,,,,,,,,,,,,437,539,0,0.0,0.0,,Neutral
teacher,0.0,,,,,,,,,,,,,,,,,,,,,,,,,,,,,,,,,,,,,,,,,,,,,,,,154,215,0,0.0,0.0,,Neutral
tech,0.0,,,,,,,,,,,,,,,,,,,,,,,,,,,,,,,,,,,,,,,,,,,,,,,,479,79,0,0.0,0.0,,Neutral
temple,0.0,,,,,,,,,,,,,,,,,,,,,,,,,,,,,,,,,,,,,,,,,,,,,,,,373,410,0,0.0,0.0,,Neutral
terror,0.0,,,,,,,,,,,,,,,,,,,,,,,,,,,,,,,,,,,,,,,,,,,,,,,,532,1315,0,0.0,0.0,,Neutral
terror attacks,299.0,8.0,2.0,2.0,1.0,0.0,0.0,1.0,6.0,2.0,1.0,0.0,167.0,0.0,8.0,0.0,4.0,0.0,1.0,0.0,1.0,9.0,12.0,2.0,0.0,8.0,5.0,3.0,0.0,0.0,3.0,3.0,5.0,0.0,0.0,22.0,4.0,1.0,0.0,0.0,2.0,5.0,0.0,3.0,3.0,0.0,5.0,0.0,25,299,1,1.0,1.0,-141.0,Left
terrorism,1823.0,110.0,5.0,6.0,17.0,12.0,36.0,7.0,76.0,6.0,17.0,5.0,123.0,56.0,81.0,26.0,33.0,13.0,34.0,45.0,17.0,107.0,168.0,14.0,16.0,15.0,57.0,26.0,6.0,21.0,56.0,23.0,21.0,31.0,6.0,153.0,33.0,5.0,0.0,41.0,6.0,53.0,20.0,22.0,5.0,8.0,171.0,4.0,26,1823,1,1.0,1.0,-220.0,Left
terrorist,1854.0,90.0,6.0,10.0,20.0,6.0,14.0,4.0,90.0,11.0,10.0,15.0,96.0,27.0,79.0,23.0,74.0,16.0,26.0,38.0,22.0,100.0,192.0,12.0,15.0,34.0,42.0,21.0,5.0,32.0,62.0,26.0,37.0,36.0,3.0,138.0,29.0,16.0,0.0,37.0,12.0,54.0,9.0,34.0,5.0,16.0,198.0,3.0,27,1854,1,1.0,1.0,-90.0,Left
terrorists,0.0,,,,,,,,,,,,,,,,,,,,,,,,,,,,,,,,,,,,,,,,,,,,,,,,115,920,1,0.0,0.0,,Neutral
that can,0.0,,,,,,,,,,,,,,,,,,,,,,,,,,,,,,,,,,,,,,,,,,,,,,,,669,236,0,0.0,0.0,,Neutral
that he,0.0,,,,,,,,,,,,,,,,,,,,,,,,,,,,,,,,,,,,,,,,,,,,,,,,905,1268,0,0.0,0.0,,Neutral
that is,0.0,,,,,,,,,,,,,,,,,,,,,,,,,,,,,,,,,,,,,,,,,,,,,,,,904,1152,0,0.0,0.0,,Neutral
that matter,0.0,,,,,,,,,,,,,,,,,,,,,,,,,,,,,,,,,,,,,,,,,,,,,,,,700,106,0,0.0,0.0,,Neutral
that matters,0.0,,,,,,,,,,,,,,,,,,,,,,,,,,,,,,,,,,,,,,,,,,,,,,,,686,78,0,0.0,0.0,,Neutral
that she,0.0,,,,,,,,,,,,,,,,,,,,,,,,,,,,,,,,,,,,,,,,,,,,,,,,732,486,0,0.0,0.0,,Neutral
that the,0.0,,,,,,,,,,,,,,,,,,,,,,,,,,,,,,,,,,,,,,,,,,,,,,,,630,4747,0,0.0,0.0,,Neutral
that we,0.0,,,,,,,,,,,,,,,,,,,,,,,,,,,,,,,,,,,,,,,,,,,,,,,,930,731,0,0.0,0.0,,Neutral
the BBC,0.0,,,,,,,,,,,,,,,,,,,,,,,,,,,,,,,,,,,,,,,,,,,,,,,,693,132,0,0.0,0.0,,Neutral
the BJP,0.0,,,,,,,,,,,,,,,,,,,,,,,,,,,,,,,,,,,,,,,,,,,,,,,,49,379,1,1.0,0.0,,Neutral
the Chinese,0.0,,,,,,,,,,,,,,,,,,,,,,,,,,,,,,,,,,,,,,,,,,,,,,,,900,265,0,0.0,0.0,,Neutral
the Conservative,0.0,,,,,,,,,,,,,,,,,,,,,,,,,,,,,,,,,,,,,,,,,,,,,,,,757,183,0,0.0,0.0,,Neutral
the Crusades,0.0,,,,,,,,,,,,,,,,,,,,,,,,,,,,,,,,,,,,,,,,,,,,,,,,963,130,0,0.0,0.0,,Neutral
the David Horowitz,0.0,,,,,,,,,,,,,,,,,,,,,,,,,,,,,,,,,,,,,,,,,,,,,,,,729,125,0,0.0,0.0,,Neutral
the French,0.0,,,,,,,,,,,,,,,,,,,,,,,,,,,,,,,,,,,,,,,,,,,,,,,,604,262,0,0.0,0.0,,Neutral
the Grand Mosque,0.0,,,,,,,,,,,,,,,,,,,,,,,,,,,,,,,,,,,,,,,,,,,,,,,,596,129,0,0.0,0.0,,Neutral
the Hagia Sophia,0.0,,,,,,,,,,,,,,,,,,,,,,,,,,,,,,,,,,,,,,,,,,,,,,,,650,331,0,0.0,0.0,,Neutral
the Hajj,0.0,,,,,,,,,,,,,,,,,,,,,,,,,,,,,,,,,,,,,,,,,,,,,,,,597,100,0,0.0,0.0,,Neutral
the Indian,0.0,,,,,,,,,,,,,,,,,,,,,,,,,,,,,,,,,,,,,,,,,,,,,,,,993,448,0,0.0,0.0,,Neutral
the Islamic,0.0,,,,,,,,,,,,,,,,,,,,,,,,,,,,,,,,,,,,,,,,,,,,,,,,606,2838,0,0.0,0.0,,Neutral
the Islamic State,0.0,,,,,,,,,,,,,,,,,,,,,,,,,,,,,,,,,,,,,,,,,,,,,,,,599,1147,0,0.0,0.0,,Neutral
the Islamic States,0.0,,,,,,,,,,,,,,,,,,,,,,,,,,,,,,,,,,,,,,,,,,,,,,,,705,152,0,0.0,0.0,,Neutral
the Kaaba,0.0,,,,,,,,,,,,,,,,,,,,,,,,,,,,,,,,,,,,,,,,,,,,,,,,737,167,0,0.0,0.0,,Neutral
the Middle East,0.0,,,,,,,,,,,,,,,,,,,,,,,,,,,,,,,,,,,,,,,,,,,,,,,,601,929,0,0.0,0.0,,Neutral
the Mount,0.0,,,,,,,,,,,,,,,,,,,,,,,,,,,,,,,,,,,,,,,,,,,,,,,,840,19,0,0.0,0.0,,Neutral
the Muslim,0.0,,,,,,,,,,,,,,,,,,,,,,,,,,,,,,,,,,,,,,,,,,,,,,,,689,2925,0,0.0,0.0,,Neutral
the Muslim Brotherhood,0.0,,,,,,,,,,,,,,,,,,,,,,,,,,,,,,,,,,,,,,,,,,,,,,,,602,508,0,0.0,0.0,,Neutral
the New,0.0,,,,,,,,,,,,,,,,,,,,,,,,,,,,,,,,,,,,,,,,,,,,,,,,839,558,0,0.0,0.0,,Neutral
the Prophet,0.0,,,,,,,,,,,,,,,,,,,,,,,,,,,,,,,,,,,,,,,,,,,,,,,,52,407,1,1.0,0.0,,Neutral
the Quran,0.0,,,,,,,,,,,,,,,,,,,,,,,,,,,,,,,,,,,,,,,,,,,,,,,,53,618,1,1.0,0.0,,Neutral
the SPLC,0.0,,,,,,,,,,,,,,,,,,,,,,,,,,,,,,,,,,,,,,,,,,,,,,,,637,201,0,0.0,0.0,,Neutral
the Taliban,0.0,,,,,,,,,,,,,,,,,,,,,,,,,,,,,,,,,,,,,,,,,,,,,,,,54,205,1,1.0,0.0,,Neutral
the Temple Mount,0.0,,,,,,,,,,,,,,,,,,,,,,,,,,,,,,,,,,,,,,,,,,,,,,,,914,68,0,0.0,0.0,,Neutral
the Trump,0.0,,,,,,,,,,,,,,,,,,,,,,,,,,,,,,,,,,,,,,,,,,,,,,,,945,297,0,0.0,0.0,,Neutral
the UK,0.0,,,,,,,,,,,,,,,,,,,,,,,,,,,,,,,,,,,,,,,,,,,,,,,,676,556,0,0.0,0.0,,Neutral
the US,0.0,,,,,,,,,,,,,,,,,,,,,,,,,,,,,,,,,,,,,,,,,,,,,,,,684,743,0,0.0,0.0,,Neutral
the Uighurs,0.0,,,,,,,,,,,,,,,,,,,,,,,,,,,,,,,,,,,,,,,,,,,,,,,,960,133,0,0.0,0.0,,Neutral
the United States,0.0,,,,,,,,,,,,,,,,,,,,,,,,,,,,,,,,,,,,,,,,,,,,,,,,609,3139,0,0.0,0.0,,Neutral
the West,0.0,,,,,,,,,,,,,,,,,,,,,,,,,,,,,,,,,,,,,,,,,,,,,,,,666,950,0,0.0,0.0,,Neutral
the annual,0.0,,,,,,,,,,,,,,,,,,,,,,,,,,,,,,,,,,,,,,,,,,,,,,,,775,116,0,0.0,0.0,,Neutral
the attack,0.0,,,,,,,,,,,,,,,,,,,,,,,,,,,,,,,,,,,,,,,,,,,,,,,,812,801,0,0.0,0.0,,Neutral
the ban,0.0,,,,,,,,,,,,,,,,,,,,,,,,,,,,,,,,,,,,,,,,,,,,,,,,664,276,0,0.0,0.0,,Neutral
the bill,0.0,,,,,,,,,,,,,,,,,,,,,,,,,,,,,,,,,,,,,,,,,,,,,,,,892,172,0,0.0,0.0,,Neutral
the bottom,0.0,,,,,,,,,,,,,,,,,,,,,,,,,,,,,,,,,,,,,,,,,,,,,,,,776,61,0,0.0,0.0,,Neutral
the bottom of,0.0,,,,,,,,,,,,,,,,,,,,,,,,,,,,,,,,,,,,,,,,,,,,,,,,781,38,0,0.0,0.0,,Neutral
the caliphate,0.0,,,,,,,,,,,,,,,,,,,,,,,,,,,,,,,,,,,,,,,,,,,,,,,,50,209,1,1.0,0.0,,Neutral
the cartoons,0.0,,,,,,,,,,,,,,,,,,,,,,,,,,,,,,,,,,,,,,,,,,,,,,,,761,26,0,0.0,0.0,,Neutral
the center,0.0,,,,,,,,,,,,,,,,,,,,,,,,,,,,,,,,,,,,,,,,,,,,,,,,850,247,0,0.0,0.0,,Neutral
the center of,0.0,,,,,,,,,,,,,,,,,,,,,,,,,,,,,,,,,,,,,,,,,,,,,,,,790,140,0,0.0,0.0,,Neutral
the city,0.0,,,,,,,,,,,,,,,,,,,,,,,,,,,,,,,,,,,,,,,,,,,,,,,,961,652,0,0.0,0.0,,Neutral
the coronavirus,0.0,,,,,,,,,,,,,,,,,,,,,,,,,,,,,,,,,,,,,,,,,,,,,,,,629,643,0,0.0,0.0,,Neutral
the coronavirus crisis,0.0,,,,,,,,,,,,,,,,,,,,,,,,,,,,,,,,,,,,,,,,,,,,,,,,797,30,0,0.0,0.0,,Neutral
the country,0.0,,,,,,,,,,,,,,,,,,,,,,,,,,,,,,,,,,,,,,,,,,,,,,,,754,2061,0,0.0,0.0,,Neutral
the countrys,0.0,,,,,,,,,,,,,,,,,,,,,,,,,,,,,,,,,,,,,,,,,,,,,,,,846,954,0,0.0,0.0,,Neutral
the devil,0.0,,,,,,,,,,,,,,,,,,,,,,,,,,,,,,,,,,,,,,,,,,,,,,,,979,51,0,0.0,0.0,,Neutral
the dome,0.0,,,,,,,,,,,,,,,,,,,,,,,,,,,,,,,,,,,,,,,,,,,,,,,,956,22,0,0.0,0.0,,Neutral
the far right,0.0,,,,,,,,,,,,,,,,,,,,,,,,,,,,,,,,,,,,,,,,,,,,,,,,713,272,0,0.0,0.0,,Neutral
the fast,0.0,,,,,,,,,,,,,,,,,,,,,,,,,,,,,,,,,,,,,,,,,,,,,,,,847,95,0,0.0,0.0,,Neutral
the first,0.0,,,,,,,,,,,,,,,,,,,,,,,,,,,,,,,,,,,,,,,,,,,,,,,,614,1759,0,0.0,0.0,,Neutral
the first day,0.0,,,,,,,,,,,,,,,,,,,,,,,,,,,,,,,,,,,,,,,,,,,,,,,,608,124,0,0.0,0.0,,Neutral
the first prayers,0.0,,,,,,,,,,,,,,,,,,,,,,,,,,,,,,,,,,,,,,,,,,,,,,,,778,19,0,0.0,0.0,,Neutral
the full,0.0,,,,,,,,,,,,,,,,,,,,,,,,,,,,,,,,,,,,,,,,,,,,,,,,924,113,0,0.0,0.0,,Neutral
the government,0.0,,,,,,,,,,,,,,,,,,,,,,,,,,,,,,,,,,,,,,,,,,,,,,,,750,1371,0,0.0,0.0,,Neutral
the group,0.0,,,,,,,,,,,,,,,,,,,,,,,,,,,,,,,,,,,,,,,,,,,,,,,,908,721,0,0.0,0.0,,Neutral
the hajj,0.0,,,,,,,,,,,,,,,,,,,,,,,,,,,,,,,,,,,,,,,,,,,,,,,,598,281,0,0.0,0.0,,Neutral
the headlines,0.0,,,,,,,,,,,,,,,,,,,,,,,,,,,,,,,,,,,,,,,,,,,,,,,,881,34,0,0.0,0.0,,Neutral
the holy,0.0,,,,,,,,,,,,,,,,,,,,,,,,,,,,,,,,,,,,,,,,,,,,,,,,652,499,0,0.0,0.0,,Neutral
the holy month,0.0,,,,,,,,,,,,,,,,,,,,,,,,,,,,,,,,,,,,,,,,,,,,,,,,986,213,0,0.0,0.0,,Neutral
the kingdom,0.0,,,,,,,,,,,,,,,,,,,,,,,,,,,,,,,,,,,,,,,,,,,,,,,,942,217,0,0.0,0.0,,Neutral
the law,0.0,,,,,,,,,,,,,,,,,,,,,,,,,,,,,,,,,,,,,,,,,,,,,,,,910,559,0,0.0,0.0,,Neutral
the media,0.0,,,,,,,,,,,,,,,,,,,,,,,,,,,,,,,,,,,,,,,,,,,,,,,,991,369,0,0.0,0.0,,Neutral
the ministry,0.0,,,,,,,,,,,,,,,,,,,,,,,,,,,,,,,,,,,,,,,,,,,,,,,,876,39,0,0.0,0.0,,Neutral
the month,0.0,,,,,,,,,,,,,,,,,,,,,,,,,,,,,,,,,,,,,,,,,,,,,,,,735,166,0,0.0,0.0,,Neutral
the mosque,0.0,,,,,,,,,,,,,,,,,,,,,,,,,,,,,,,,,,,,,,,,,,,,,,,,118,1316,1,0.0,0.0,,Neutral
the new,0.0,,,,,,,,,,,,,,,,,,,,,,,,,,,,,,,,,,,,,,,,,,,,,,,,751,610,0,0.0,0.0,,Neutral
the new coronavirus,0.0,,,,,,,,,,,,,,,,,,,,,,,,,,,,,,,,,,,,,,,,,,,,,,,,911,28,0,0.0,0.0,,Neutral
the niqab,0.0,,,,,,,,,,,,,,,,,,,,,,,,,,,,,,,,,,,,,,,,,,,,,,,,603,88,0,0.0,0.0,,Neutral
the pandemic,0.0,,,,,,,,,,,,,,,,,,,,,,,,,,,,,,,,,,,,,,,,,,,,,,,,787,245,0,0.0,0.0,,Neutral
the party,0.0,,,,,,,,,,,,,,,,,,,,,,,,,,,,,,,,,,,,,,,,,,,,,,,,668,367,0,0.0,0.0,,Neutral
the pilgrimage,0.0,,,,,,,,,,,,,,,,,,,,,,,,,,,,,,,,,,,,,,,,,,,,,,,,51,150,1,1.0,0.0,,Neutral
the platform,0.0,,,,,,,,,,,,,,,,,,,,,,,,,,,,,,,,,,,,,,,,,,,,,,,,816,63,0,0.0,0.0,,Neutral
the police,0.0,,,,,,,,,,,,,,,,,,,,,,,,,,,,,,,,,,,,,,,,,,,,,,,,859,540,0,0.0,0.0,,Neutral
the policy,0.0,,,,,,,,,,,,,,,,,,,,,,,,,,,,,,,,,,,,,,,,,,,,,,,,994,75,0,0.0,0.0,,Neutral
the region,0.0,,,,,,,,,,,,,,,,,,,,,,,,,,,,,,,,,,,,,,,,,,,,,,,,774,679,0,0.0,0.0,,Neutral
the same,0.0,,,,,,,,,,,,,,,,,,,,,,,,,,,,,,,,,,,,,,,,,,,,,,,,789,1631,0,0.0,0.0,,Neutral
the show,0.0,,,,,,,,,,,,,,,,,,,,,,,,,,,,,,,,,,,,,,,,,,,,,,,,913,129,0,0.0,0.0,,Neutral
the site,0.0,,,,,,,,,,,,,,,,,,,,,,,,,,,,,,,,,,,,,,,,,,,,,,,,764,401,0,0.0,0.0,,Neutral
the spread of,0.0,,,,,,,,,,,,,,,,,,,,,,,,,,,,,,,,,,,,,,,,,,,,,,,,646,353,0,0.0,0.0,,Neutral
the state,0.0,,,,,,,,,,,,,,,,,,,,,,,,,,,,,,,,,,,,,,,,,,,,,,,,984,805,0,0.0,0.0,,Neutral
the symbolic,0.0,,,,,,,,,,,,,,,,,,,,,,,,,,,,,,,,,,,,,,,,,,,,,,,,699,42,0,0.0,0.0,,Neutral
the violence,0.0,,,,,,,,,,,,,,,,,,,,,,,,,,,,,,,,,,,,,,,,,,,,,,,,872,318,0,0.0,0.0,,Neutral
the virus,0.0,,,,,,,,,,,,,,,,,,,,,,,,,,,,,,,,,,,,,,,,,,,,,,,,786,434,0,0.0,0.0,,Neutral
the world,0.0,,,,,,,,,,,,,,,,,,,,,,,,,,,,,,,,,,,,,,,,,,,,,,,,771,2186,0,0.0,0.0,,Neutral
the worlds,0.0,,,,,,,,,,,,,,,,,,,,,,,,,,,,,,,,,,,,,,,,,,,,,,,,742,526,0,0.0,0.0,,Neutral
there is,0.0,,,,,,,,,,,,,,,,,,,,,,,,,,,,,,,,,,,,,,,,,,,,,,,,958,1076,0,0.0,0.0,,Neutral
they are,0.0,,,,,,,,,,,,,,,,,,,,,,,,,,,,,,,,,,,,,,,,,,,,,,,,898,1463,0,0.0,0.0,,Neutral
things,0.0,,,,,,,,,,,,,,,,,,,,,,,,,,,,,,,,,,,,,,,,,,,,,,,,367,874,0,0.0,0.0,,Neutral
think,0.0,,,,,,,,,,,,,,,,,,,,,,,,,,,,,,,,,,,,,,,,,,,,,,,,140,1901,0,0.0,0.0,,Neutral
this image,0.0,,,,,,,,,,,,,,,,,,,,,,,,,,,,,,,,,,,,,,,,,,,,,,,,621,146,0,0.0,0.0,,Neutral
this is,0.0,,,,,,,,,,,,,,,,,,,,,,,,,,,,,,,,,,,,,,,,,,,,,,,,921,851,0,0.0,0.0,,Neutral
this story,0.0,,,,,,,,,,,,,,,,,,,,,,,,,,,,,,,,,,,,,,,,,,,,,,,,611,203,0,0.0,0.0,,Neutral
this year,0.0,,,,,,,,,,,,,,,,,,,,,,,,,,,,,,,,,,,,,,,,,,,,,,,,820,713,0,0.0,0.0,,Neutral
though,0.0,,,,,,,,,,,,,,,,,,,,,,,,,,,,,,,,,,,,,,,,,,,,,,,,315,921,0,0.0,0.0,,Neutral
threats,0.0,,,,,,,,,,,,,,,,,,,,,,,,,,,,,,,,,,,,,,,,,,,,,,,,570,581,0,0.0,0.0,,Neutral
three,0.0,,,,,,,,,,,,,,,,,,,,,,,,,,,,,,,,,,,,,,,,,,,,,,,,427,1933,0,0.0,0.0,,Neutral
ties,0.0,,,,,,,,,,,,,,,,,,,,,,,,,,,,,,,,,,,,,,,,,,,,,,,,580,421,0,0.0,0.0,,Neutral
time,0.0,,,,,,,,,,,,,,,,,,,,,,,,,,,,,,,,,,,,,,,,,,,,,,,,233,3647,0,0.0,0.0,,Neutral
to Islam,0.0,,,,,,,,,,,,,,,,,,,,,,,,,,,,,,,,,,,,,,,,,,,,,,,,813,623,0,0.0,0.0,,Neutral
to New Zealand,0.0,,,,,,,,,,,,,,,,,,,,,,,,,,,,,,,,,,,,,,,,,,,,,,,,674,221,0,0.0,0.0,,Neutral
to a,0.0,,,,,,,,,,,,,,,,,,,,,,,,,,,,,,,,,,,,,,,,,,,,,,,,934,2451,0,0.0,0.0,,Neutral
to any,0.0,,,,,,,,,,,,,,,,,,,,,,,,,,,,,,,,,,,,,,,,,,,,,,,,661,203,0,0.0,0.0,,Neutral
to be,0.0,,,,,,,,,,,,,,,,,,,,,,,,,,,,,,,,,,,,,,,,,,,,,,,,690,4996,0,0.0,0.0,,Neutral
to contain,0.0,,,,,,,,,,,,,,,,,,,,,,,,,,,,,,,,,,,,,,,,,,,,,,,,824,84,0,0.0,0.0,,Neutral
to curb,0.0,,,,,,,,,,,,,,,,,,,,,,,,,,,,,,,,,,,,,,,,,,,,,,,,992,78,0,0.0,0.0,,Neutral
to do,0.0,,,,,,,,,,,,,,,,,,,,,,,,,,,,,,,,,,,,,,,,,,,,,,,,857,1106,0,0.0,0.0,,Neutral
to pray,0.0,,,,,,,,,,,,,,,,,,,,,,,,,,,,,,,,,,,,,,,,,,,,,,,,688,348,0,0.0,0.0,,Neutral
to pray and,0.0,,,,,,,,,,,,,,,,,,,,,,,,,,,,,,,,,,,,,,,,,,,,,,,,856,41,0,0.0,0.0,,Neutral
to remove,0.0,,,,,,,,,,,,,,,,,,,,,,,,,,,,,,,,,,,,,,,,,,,,,,,,720,211,0,0.0,0.0,,Neutral
to restore,0.0,,,,,,,,,,,,,,,,,,,,,,,,,,,,,,,,,,,,,,,,,,,,,,,,730,62,0,0.0,0.0,,Neutral
to the,0.0,,,,,,,,,,,,,,,,,,,,,,,,,,,,,,,,,,,,,,,,,,,,,,,,670,9802,0,0.0,0.0,,Neutral
to your,0.0,,,,,,,,,,,,,,,,,,,,,,,,,,,,,,,,,,,,,,,,,,,,,,,,932,109,0,0.0,0.0,,Neutral
to your inbox,0.0,,,,,,,,,,,,,,,,,,,,,,,,,,,,,,,,,,,,,,,,,,,,,,,,927,40,0,0.0,0.0,,Neutral
today,0.0,,,,,,,,,,,,,,,,,,,,,,,,,,,,,,,,,,,,,,,,,,,,,,,,291,999,0,0.0,0.0,,Neutral
towards,0.0,,,,,,,,,,,,,,,,,,,,,,,,,,,,,,,,,,,,,,,,,,,,,,,,440,555,0,0.0,0.0,,Neutral
town,0.0,,,,,,,,,,,,,,,,,,,,,,,,,,,,,,,,,,,,,,,,,,,,,,,,360,588,0,0.0,0.0,,Neutral
transcripts,0.0,,,,,,,,,,,,,,,,,,,,,,,,,,,,,,,,,,,,,,,,,,,,,,,,485,52,0,0.0,0.0,,Neutral
travel,0.0,,,,,,,,,,,,,,,,,,,,,,,,,,,,,,,,,,,,,,,,,,,,,,,,242,731,0,0.0,0.0,,Neutral
travel ban,262.0,8.0,0.0,0.0,6.0,10.0,6.0,0.0,2.0,3.0,0.0,2.0,14.0,2.0,11.0,1.0,9.0,18.0,2.0,0.0,0.0,16.0,26.0,8.0,0.0,3.0,1.0,2.0,8.0,4.0,6.0,5.0,3.0,2.0,0.0,11.0,3.0,1.0,0.0,0.0,8.0,0.0,2.0,25.0,0.0,3.0,31.0,0.0,28,262,1,1.0,1.0,-69.0,Left
tweet,0.0,,,,,,,,,,,,,,,,,,,,,,,,,,,,,,,,,,,,,,,,,,,,,,,,381,427,0,0.0,0.0,,Neutral
two,0.0,,,,,,,,,,,,,,,,,,,,,,,,,,,,,,,,,,,,,,,,,,,,,,,,252,3655,0,0.0,0.0,,Neutral
undercover,0.0,,,,,,,,,,,,,,,,,,,,,,,,,,,,,,,,,,,,,,,,,,,,,,,,965,76,0,0.0,0.0,,Neutral
unlike,0.0,,,,,,,,,,,,,,,,,,,,,,,,,,,,,,,,,,,,,,,,,,,,,,,,400,241,0,0.0,0.0,,Neutral
unlike any,0.0,,,,,,,,,,,,,,,,,,,,,,,,,,,,,,,,,,,,,,,,,,,,,,,,682,127,0,0.0,0.0,,Neutral
up as,0.0,,,,,,,,,,,,,,,,,,,,,,,,,,,,,,,,,,,,,,,,,,,,,,,,697,54,0,0.0,0.0,,Neutral
urged,0.0,,,,,,,,,,,,,,,,,,,,,,,,,,,,,,,,,,,,,,,,,,,,,,,,973,350,0,0.0,0.0,,Neutral
urged people to,0.0,,,,,,,,,,,,,,,,,,,,,,,,,,,,,,,,,,,,,,,,,,,,,,,,997,30,0,0.0,0.0,,Neutral
use,0.0,,,,,,,,,,,,,,,,,,,,,,,,,,,,,,,,,,,,,,,,,,,,,,,,471,1118,0,0.0,0.0,,Neutral
use and,0.0,,,,,,,,,,,,,,,,,,,,,,,,,,,,,,,,,,,,,,,,,,,,,,,,983,55,0,0.0,0.0,,Neutral
values,0.0,,,,,,,,,,,,,,,,,,,,,,,,,,,,,,,,,,,,,,,,,,,,,,,,486,676,0,0.0,0.0,,Neutral
video,0.0,,,,,,,,,,,,,,,,,,,,,,,,,,,,,,,,,,,,,,,,,,,,,,,,230,1163,0,0.0,0.0,,Neutral
videos,0.0,,,,,,,,,,,,,,,,,,,,,,,,,,,,,,,,,,,,,,,,,,,,,,,,420,407,0,0.0,0.0,,Neutral
view,0.0,,,,,,,,,,,,,,,,,,,,,,,,,,,,,,,,,,,,,,,,,,,,,,,,341,569,0,0.0,0.0,,Neutral
views,0.0,,,,,,,,,,,,,,,,,,,,,,,,,,,,,,,,,,,,,,,,,,,,,,,,390,778,0,0.0,0.0,,Neutral
village,0.0,,,,,,,,,,,,,,,,,,,,,,,,,,,,,,,,,,,,,,,,,,,,,,,,564,295,0,0.0,0.0,,Neutral
violence,0.0,,,,,,,,,,,,,,,,,,,,,,,,,,,,,,,,,,,,,,,,,,,,,,,,60,2871,1,1.0,0.0,,Neutral
violence and,0.0,,,,,,,,,,,,,,,,,,,,,,,,,,,,,,,,,,,,,,,,,,,,,,,,957,321,0,0.0,0.0,,Neutral
violent,0.0,,,,,,,,,,,,,,,,,,,,,,,,,,,,,,,,,,,,,,,,,,,,,,,,521,1021,0,0.0,0.0,,Neutral
virtual,0.0,,,,,,,,,,,,,,,,,,,,,,,,,,,,,,,,,,,,,,,,,,,,,,,,379,122,0,0.0,0.0,,Neutral
voice,0.0,,,,,,,,,,,,,,,,,,,,,,,,,,,,,,,,,,,,,,,,,,,,,,,,255,350,0,0.0,0.0,,Neutral
want,0.0,,,,,,,,,,,,,,,,,,,,,,,,,,,,,,,,,,,,,,,,,,,,,,,,271,1806,0,0.0,0.0,,Neutral
want to,0.0,,,,,,,,,,,,,,,,,,,,,,,,,,,,,,,,,,,,,,,,,,,,,,,,866,1216,0,0.0,0.0,,Neutral
wanted,0.0,,,,,,,,,,,,,,,,,,,,,,,,,,,,,,,,,,,,,,,,,,,,,,,,581,685,0,0.0,0.0,,Neutral
war,0.0,,,,,,,,,,,,,,,,,,,,,,,,,,,,,,,,,,,,,,,,,,,,,,,,61,1891,1,1.0,0.0,,Neutral
way,0.0,,,,,,,,,,,,,,,,,,,,,,,,,,,,,,,,,,,,,,,,,,,,,,,,329,2351,0,0.0,0.0,,Neutral
we have,0.0,,,,,,,,,,,,,,,,,,,,,,,,,,,,,,,,,,,,,,,,,,,,,,,,832,718,0,0.0,0.0,,Neutral
wear,0.0,,,,,,,,,,,,,,,,,,,,,,,,,,,,,,,,,,,,,,,,,,,,,,,,424,632,0,0.0,0.0,,Neutral
wearing,0.0,,,,,,,,,,,,,,,,,,,,,,,,,,,,,,,,,,,,,,,,,,,,,,,,247,843,0,0.0,0.0,,Neutral
week,0.0,,,,,,,,,,,,,,,,,,,,,,,,,,,,,,,,,,,,,,,,,,,,,,,,298,1459,0,0.0,0.0,,Neutral
weeks,0.0,,,,,,,,,,,,,,,,,,,,,,,,,,,,,,,,,,,,,,,,,,,,,,,,354,717,0,0.0,0.0,,Neutral
well,0.0,,,,,,,,,,,,,,,,,,,,,,,,,,,,,,,,,,,,,,,,,,,,,,,,404,2117,0,0.0,0.0,,Neutral
were killed,0.0,,,,,,,,,,,,,,,,,,,,,,,,,,,,,,,,,,,,,,,,,,,,,,,,848,420,0,0.0,0.0,,Neutral
white,0.0,,,,,,,,,,,,,,,,,,,,,,,,,,,,,,,,,,,,,,,,,,,,,,,,133,1814,0,0.0,0.0,,Neutral
white supremacist,0.0,,,,,,,,,,,,,,,,,,,,,,,,,,,,,,,,,,,,,,,,,,,,,,,,73,296,1,1.0,0.0,,Neutral
will be,0.0,,,,,,,,,,,,,,,,,,,,,,,,,,,,,,,,,,,,,,,,,,,,,,,,837,1531,0,0.0,0.0,,Neutral
with a,0.0,,,,,,,,,,,,,,,,,,,,,,,,,,,,,,,,,,,,,,,,,,,,,,,,917,1715,0,0.0,0.0,,Neutral
with the,0.0,,,,,,,,,,,,,,,,,,,,,,,,,,,,,,,,,,,,,,,,,,,,,,,,928,3920,0,0.0,0.0,,Neutral
without,0.0,,,,,,,,,,,,,,,,,,,,,,,,,,,,,,,,,,,,,,,,,,,,,,,,269,1251,0,0.0,0.0,,Neutral
woman,0.0,,,,,,,,,,,,,,,,,,,,,,,,,,,,,,,,,,,,,,,,,,,,,,,,362,1253,0,0.0,0.0,,Neutral
women,0.0,,,,,,,,,,,,,,,,,,,,,,,,,,,,,,,,,,,,,,,,,,,,,,,,138,4007,0,0.0,0.0,,Neutral
work,0.0,,,,,,,,,,,,,,,,,,,,,,,,,,,,,,,,,,,,,,,,,,,,,,,,431,1447,0,0.0,0.0,,Neutral
worker,0.0,,,,,,,,,,,,,,,,,,,,,,,,,,,,,,,,,,,,,,,,,,,,,,,,946,110,0,0.0,0.0,,Neutral
working,0.0,,,,,,,,,,,,,,,,,,,,,,,,,,,,,,,,,,,,,,,,,,,,,,,,444,726,0,0.0,0.0,,Neutral
world,0.0,,,,,,,,,,,,,,,,,,,,,,,,,,,,,,,,,,,,,,,,,,,,,,,,155,3760,0,0.0,0.0,,Neutral
worship,952.0,84.0,7.0,12.0,2.0,3.0,9.0,9.0,88.0,5.0,4.0,9.0,45.0,8.0,52.0,14.0,20.0,4.0,28.0,40.0,2.0,32.0,87.0,9.0,7.0,4.0,5.0,5.0,1.0,26.0,29.0,40.0,17.0,14.0,1.0,29.0,24.0,3.0,11.0,11.0,4.0,20.0,7.0,24.0,5.0,20.0,67.0,3.0,35,952,1,1.0,1.0,-69.0,Left
worship at,0.0,,,,,,,,,,,,,,,,,,,,,,,,,,,,,,,,,,,,,,,,,,,,,,,,743,38,0,0.0,0.0,,Neutral
worshippers,647.0,138.0,2.0,3.0,0.0,27.0,2.0,4.0,44.0,5.0,9.0,4.0,12.0,3.0,7.0,3.0,0.0,3.0,70.0,27.0,2.0,27.0,77.0,7.0,4.0,9.0,0.0,4.0,3.0,1.0,29.0,30.0,11.0,0.0,2.0,17.0,19.0,1.0,7.0,14.0,4.0,3.0,1.0,3.0,0.0,2.0,1.0,0.0,29,647,1,1.0,1.0,-10.0,Left
would be,0.0,,,,,,,,,,,,,,,,,,,,,,,,,,,,,,,,,,,,,,,,,,,,,,,,770,1353,0,0.0,0.0,,Neutral
year,0.0,,,,,,,,,,,,,,,,,,,,,,,,,,,,,,,,,,,,,,,,,,,,,,,,143,4489,0,0.0,0.0,,Neutral
years,0.0,,,,,,,,,,,,,,,,,,,,,,,,,,,,,,,,,,,,,,,,,,,,,,,,207,4037,0,0.0,0.0,,Neutral
you dont,0.0,,,,,,,,,,,,,,,,,,,,,,,,,,,,,,,,,,,,,,,,,,,,,,,,874,123,0,0.0,0.0,,Neutral
you dont want,0.0,,,,,,,,,,,,,,,,,,,,,,,,,,,,,,,,,,,,,,,,,,,,,,,,980,15,0,0.0,0.0,,Neutral
you know,0.0,,,,,,,,,,,,,,,,,,,,,,,,,,,,,,,,,,,,,,,,,,,,,,,,677,328,0,0.0,0.0,,Neutral
young,0.0,,,,,,,,,,,,,,,,,,,,,,,,,,,,,,,,,,,,,,,,,,,,,,,,514,1221,0,0.0,0.0,,Neutral
your inbox,0.0,,,,,,,,,,,,,,,,,,,,,,,,,,,,,,,,,,,,,,,,,,,,,,,,701,123,0,0.0,0.0,,Neutral
