PHRASE,TOTAL,aljazeera,alternet,americanconservative,antiwar,ap,atlantic,axios,bbc,breitbart,businessinsider,buzzfeed,canary,cbs,cnbc,cnn,commondreams,consortium,conversation,counterpunch,dailycaller,dailykos,dailymail,economist,fox,globalresearch,guardian,huffingtonpost,infowars,intercept,lewrockwell,mintpress,motherjones,nationalreview,nbc,neweasternoutlook,npr,nypost,nytimes,pbs,pjmedia,rawstory,redstate,reuters,rt,slate,spectator,strategicculture,truthdig,usatoday,vice,vox,wapo,wsj,Unnamed: 0,COUNT,ON_TOPIC,UNIQUE,SPECIFIC,bias_score,calculated_bias
ADVERTISEMENT The,0.0,,,,,,,,,,,,,,,,,,,,,,,,,,,,,,,,,,,,,,,,,,,,,,,,,,,,,,680,146,0,0.0,0.0,,Neutral
According to,0.0,,,,,,,,,,,,,,,,,,,,,,,,,,,,,,,,,,,,,,,,,,,,,,,,,,,,,,933,761,0,0.0,0.0,,Neutral
Arabia and Russia,0.0,,,,,,,,,,,,,,,,,,,,,,,,,,,,,,,,,,,,,,,,,,,,,,,,,,,,,,33,783,1,1.0,0.0,,Neutral
Big Oil,436.0,0.0,4.0,0.0,0.0,1.0,0.0,2.0,0.0,0.0,1.0,1.0,0.0,0.0,4.0,20.0,138.0,1.0,1.0,48.0,3.0,79.0,0.0,0.0,1.0,20.0,1.0,0.0,0.0,4.0,0.0,2.0,4.0,0.0,0.0,0.0,2.0,4.0,2.0,1.0,0.0,8.0,0.0,0.0,18.0,1.0,2.0,0.0,3.0,6.0,3.0,31.0,18.0,2.0,4,436,1,1.0,1.0,-252.0,Left
Brent crude,0.0,,,,,,,,,,,,,,,,,,,,,,,,,,,,,,,,,,,,,,,,,,,,,,,,,,,,,,95,735,1,1.0,0.0,,Neutral
Bureau of,0.0,,,,,,,,,,,,,,,,,,,,,,,,,,,,,,,,,,,,,,,,,,,,,,,,,,,,,,876,281,0,0.0,0.0,,Neutral
Bureau of Land,0.0,,,,,,,,,,,,,,,,,,,,,,,,,,,,,,,,,,,,,,,,,,,,,,,,,,,,,,993,143,0,0.0,0.0,,Neutral
Consumer Watchdog,0.0,,,,,,,,,,,,,,,,,,,,,,,,,,,,,,,,,,,,,,,,,,,,,,,,,,,,,,445,81,0,0.0,0.0,,Neutral
Deepwater Horizon,0.0,,,,,,,,,,,,,,,,,,,,,,,,,,,,,,,,,,,,,,,,,,,,,,,,,,,,,,640,488,0,0.0,0.0,,Neutral
Editing by,0.0,,,,,,,,,,,,,,,,,,,,,,,,,,,,,,,,,,,,,,,,,,,,,,,,,,,,,,700,86,0,0.0,0.0,,Neutral
El Aissami,0.0,,,,,,,,,,,,,,,,,,,,,,,,,,,,,,,,,,,,,,,,,,,,,,,,,,,,,,449,40,0,0.0,0.0,,Neutral
Exxon Mobil,0.0,,,,,,,,,,,,,,,,,,,,,,,,,,,,,,,,,,,,,,,,,,,,,,,,,,,,,,96,460,1,1.0,0.0,,Neutral
FILE PHOTO A,0.0,,,,,,,,,,,,,,,,,,,,,,,,,,,,,,,,,,,,,,,,,,,,,,,,,,,,,,714,64,0,0.0,0.0,,Neutral
FILE PHOTO The,0.0,,,,,,,,,,,,,,,,,,,,,,,,,,,,,,,,,,,,,,,,,,,,,,,,,,,,,,990,59,0,0.0,0.0,,Neutral
First Nations,0.0,,,,,,,,,,,,,,,,,,,,,,,,,,,,,,,,,,,,,,,,,,,,,,,,,,,,,,641,117,0,0.0,0.0,,Neutral
For more,0.0,,,,,,,,,,,,,,,,,,,,,,,,,,,,,,,,,,,,,,,,,,,,,,,,,,,,,,749,309,0,0.0,0.0,,Neutral
For more stories,0.0,,,,,,,,,,,,,,,,,,,,,,,,,,,,,,,,,,,,,,,,,,,,,,,,,,,,,,702,209,0,0.0,0.0,,Neutral
Goldman Sachs,0.0,,,,,,,,,,,,,,,,,,,,,,,,,,,,,,,,,,,,,,,,,,,,,,,,,,,,,,543,271,0,0.0,0.0,,Neutral
Great Lakes,0.0,,,,,,,,,,,,,,,,,,,,,,,,,,,,,,,,,,,,,,,,,,,,,,,,,,,,,,295,43,0,0.0,0.0,,Neutral
Green New Deal,0.0,,,,,,,,,,,,,,,,,,,,,,,,,,,,,,,,,,,,,,,,,,,,,,,,,,,,,,452,290,0,0.0,0.0,,Neutral
Gulf of Mexico,0.0,,,,,,,,,,,,,,,,,,,,,,,,,,,,,,,,,,,,,,,,,,,,,,,,,,,,,,35,609,1,1.0,0.0,,Neutral
I have,0.0,,,,,,,,,,,,,,,,,,,,,,,,,,,,,,,,,,,,,,,,,,,,,,,,,,,,,,955,260,0,0.0,0.0,,Neutral
I mean,0.0,,,,,,,,,,,,,,,,,,,,,,,,,,,,,,,,,,,,,,,,,,,,,,,,,,,,,,935,133,0,0.0,0.0,,Neutral
I think,0.0,,,,,,,,,,,,,,,,,,,,,,,,,,,,,,,,,,,,,,,,,,,,,,,,,,,,,,750,497,0,0.0,0.0,,Neutral
In the,0.0,,,,,,,,,,,,,,,,,,,,,,,,,,,,,,,,,,,,,,,,,,,,,,,,,,,,,,826,1146,0,0.0,0.0,,Neutral
In this,0.0,,,,,,,,,,,,,,,,,,,,,,,,,,,,,,,,,,,,,,,,,,,,,,,,,,,,,,843,146,0,0.0,0.0,,Neutral
Indian Ocean island,0.0,,,,,,,,,,,,,,,,,,,,,,,,,,,,,,,,,,,,,,,,,,,,,,,,,,,,,,997,40,0,0.0,0.0,,Neutral
Interior Department,0.0,,,,,,,,,,,,,,,,,,,,,,,,,,,,,,,,,,,,,,,,,,,,,,,,,,,,,,353,255,0,0.0,0.0,,Neutral
Iran and,0.0,,,,,,,,,,,,,,,,,,,,,,,,,,,,,,,,,,,,,,,,,,,,,,,,,,,,,,845,705,0,0.0,0.0,,Neutral
Iran has,0.0,,,,,,,,,,,,,,,,,,,,,,,,,,,,,,,,,,,,,,,,,,,,,,,,,,,,,,929,408,0,0.0,0.0,,Neutral
Iranian oil,0.0,,,,,,,,,,,,,,,,,,,,,,,,,,,,,,,,,,,,,,,,,,,,,,,,,,,,,,30,964,1,1.0,0.0,,Neutral
Iranian tankers,0.0,,,,,,,,,,,,,,,,,,,,,,,,,,,,,,,,,,,,,,,,,,,,,,,,,,,,,,469,82,0,0.0,0.0,,Neutral
It is,0.0,,,,,,,,,,,,,,,,,,,,,,,,,,,,,,,,,,,,,,,,,,,,,,,,,,,,,,986,947,0,0.0,0.0,,Neutral
Keystone XL,0.0,,,,,,,,,,,,,,,,,,,,,,,,,,,,,,,,,,,,,,,,,,,,,,,,,,,,,,642,288,0,0.0,0.0,,Neutral
Let our,0.0,,,,,,,,,,,,,,,,,,,,,,,,,,,,,,,,,,,,,,,,,,,,,,,,,,,,,,712,98,0,0.0,0.0,,Neutral
MV Wakashio,0.0,,,,,,,,,,,,,,,,,,,,,,,,,,,,,,,,,,,,,,,,,,,,,,,,,,,,,,436,58,0,0.0,0.0,,Neutral
Mr Trump,0.0,,,,,,,,,,,,,,,,,,,,,,,,,,,,,,,,,,,,,,,,,,,,,,,,,,,,,,274,204,0,0.0,0.0,,Neutral
New Diamond,0.0,,,,,,,,,,,,,,,,,,,,,,,,,,,,,,,,,,,,,,,,,,,,,,,,,,,,,,462,32,0,0.0,0.0,,Neutral
New York,0.0,,,,,,,,,,,,,,,,,,,,,,,,,,,,,,,,,,,,,,,,,,,,,,,,,,,,,,200,1037,0,0.0,0.0,,Neutral
Nord Stream,0.0,,,,,,,,,,,,,,,,,,,,,,,,,,,,,,,,,,,,,,,,,,,,,,,,,,,,,,483,95,0,0.0,0.0,,Neutral
North Korea,0.0,,,,,,,,,,,,,,,,,,,,,,,,,,,,,,,,,,,,,,,,,,,,,,,,,,,,,,41,374,1,1.0,0.0,,Neutral
North Korean,0.0,,,,,,,,,,,,,,,,,,,,,,,,,,,,,,,,,,,,,,,,,,,,,,,,,,,,,,432,150,0,0.0,0.0,,Neutral
North Slope,0.0,,,,,,,,,,,,,,,,,,,,,,,,,,,,,,,,,,,,,,,,,,,,,,,,,,,,,,565,83,0,0.0,0.0,,Neutral
OPEC and,0.0,,,,,,,,,,,,,,,,,,,,,,,,,,,,,,,,,,,,,,,,,,,,,,,,,,,,,,711,771,0,0.0,0.0,,Neutral
Ocasio Cortez,0.0,,,,,,,,,,,,,,,,,,,,,,,,,,,,,,,,,,,,,,,,,,,,,,,,,,,,,,363,141,0,0.0,0.0,,Neutral
Oil Corp,0.0,,,,,,,,,,,,,,,,,,,,,,,,,,,,,,,,,,,,,,,,,,,,,,,,,,,,,,647,55,0,0.0,0.0,,Neutral
Oil and,0.0,,,,,,,,,,,,,,,,,,,,,,,,,,,,,,,,,,,,,,,,,,,,,,,,,,,,,,963,462,0,0.0,0.0,,Neutral
Oil prices,0.0,,,,,,,,,,,,,,,,,,,,,,,,,,,,,,,,,,,,,,,,,,,,,,,,,,,,,,404,799,0,0.0,0.0,,Neutral
Organization of the,0.0,,,,,,,,,,,,,,,,,,,,,,,,,,,,,,,,,,,,,,,,,,,,,,,,,,,,,,794,497,0,0.0,0.0,,Neutral
Petroleum Exporting Countries,0.0,,,,,,,,,,,,,,,,,,,,,,,,,,,,,,,,,,,,,,,,,,,,,,,,,,,,,,398,649,0,0.0,0.0,,Neutral
President Donald Trump,0.0,,,,,,,,,,,,,,,,,,,,,,,,,,,,,,,,,,,,,,,,,,,,,,,,,,,,,,315,930,0,0.0,0.0,,Neutral
READ MORE,0.0,,,,,,,,,,,,,,,,,,,,,,,,,,,,,,,,,,,,,,,,,,,,,,,,,,,,,,745,71,0,0.0,0.0,,Neutral
Read More,0.0,,,,,,,,,,,,,,,,,,,,,,,,,,,,,,,,,,,,,,,,,,,,,,,,,,,,,,841,123,0,0.0,0.0,,Neutral
Read more,0.0,,,,,,,,,,,,,,,,,,,,,,,,,,,,,,,,,,,,,,,,,,,,,,,,,,,,,,658,608,0,0.0,0.0,,Neutral
Reporting by,0.0,,,,,,,,,,,,,,,,,,,,,,,,,,,,,,,,,,,,,,,,,,,,,,,,,,,,,,697,92,0,0.0,0.0,,Neutral
Russia and,0.0,,,,,,,,,,,,,,,,,,,,,,,,,,,,,,,,,,,,,,,,,,,,,,,,,,,,,,753,1118,0,0.0,0.0,,Neutral
Russia and Saudi,0.0,,,,,,,,,,,,,,,,,,,,,,,,,,,,,,,,,,,,,,,,,,,,,,,,,,,,,,946,476,0,0.0,0.0,,Neutral
Saudi Arabia,0.0,,,,,,,,,,,,,,,,,,,,,,,,,,,,,,,,,,,,,,,,,,,,,,,,,,,,,,27,5383,1,1.0,0.0,,Neutral
Saudi Arabia and,0.0,,,,,,,,,,,,,,,,,,,,,,,,,,,,,,,,,,,,,,,,,,,,,,,,,,,,,,728,1294,0,0.0,0.0,,Neutral
Sri Lankan,0.0,,,,,,,,,,,,,,,,,,,,,,,,,,,,,,,,,,,,,,,,,,,,,,,,,,,,,,520,31,0,0.0,0.0,,Neutral
State Department,0.0,,,,,,,,,,,,,,,,,,,,,,,,,,,,,,,,,,,,,,,,,,,,,,,,,,,,,,512,305,0,0.0,0.0,,Neutral
States Petroleum Association,0.0,,,,,,,,,,,,,,,,,,,,,,,,,,,,,,,,,,,,,,,,,,,,,,,,,,,,,,421,111,0,0.0,0.0,,Neutral
States President Donald,0.0,,,,,,,,,,,,,,,,,,,,,,,,,,,,,,,,,,,,,,,,,,,,,,,,,,,,,,302,191,0,0.0,0.0,,Neutral
States oil production,0.0,,,,,,,,,,,,,,,,,,,,,,,,,,,,,,,,,,,,,,,,,,,,,,,,,,,,,,114,206,1,0.0,0.0,,Neutral
Strait of Hormuz,0.0,,,,,,,,,,,,,,,,,,,,,,,,,,,,,,,,,,,,,,,,,,,,,,,,,,,,,,31,743,1,1.0,0.0,,Neutral
Texas United States,0.0,,,,,,,,,,,,,,,,,,,,,,,,,,,,,,,,,,,,,,,,,,,,,,,,,,,,,,521,68,0,0.0,0.0,,Neutral
The American,0.0,,,,,,,,,,,,,,,,,,,,,,,,,,,,,,,,,,,,,,,,,,,,,,,,,,,,,,747,127,0,0.0,0.0,,Neutral
The Associated Press,0.0,,,,,,,,,,,,,,,,,,,,,,,,,,,,,,,,,,,,,,,,,,,,,,,,,,,,,,769,160,0,0.0,0.0,,Neutral
The Daily,0.0,,,,,,,,,,,,,,,,,,,,,,,,,,,,,,,,,,,,,,,,,,,,,,,,,,,,,,651,286,0,0.0,0.0,,Neutral
The Intercept,0.0,,,,,,,,,,,,,,,,,,,,,,,,,,,,,,,,,,,,,,,,,,,,,,,,,,,,,,804,32,0,0.0,0.0,,Neutral
The US,0.0,,,,,,,,,,,,,,,,,,,,,,,,,,,,,,,,,,,,,,,,,,,,,,,,,,,,,,727,574,0,0.0,0.0,,Neutral
The United States,0.0,,,,,,,,,,,,,,,,,,,,,,,,,,,,,,,,,,,,,,,,,,,,,,,,,,,,,,766,1169,0,0.0,0.0,,Neutral
The big,0.0,,,,,,,,,,,,,,,,,,,,,,,,,,,,,,,,,,,,,,,,,,,,,,,,,,,,,,667,94,0,0.0,0.0,,Neutral
The news,0.0,,,,,,,,,,,,,,,,,,,,,,,,,,,,,,,,,,,,,,,,,,,,,,,,,,,,,,662,202,0,0.0,0.0,,Neutral
This article,0.0,,,,,,,,,,,,,,,,,,,,,,,,,,,,,,,,,,,,,,,,,,,,,,,,,,,,,,706,465,0,0.0,0.0,,Neutral
This article is,0.0,,,,,,,,,,,,,,,,,,,,,,,,,,,,,,,,,,,,,,,,,,,,,,,,,,,,,,725,210,0,0.0,0.0,,Neutral
This article was,0.0,,,,,,,,,,,,,,,,,,,,,,,,,,,,,,,,,,,,,,,,,,,,,,,,,,,,,,770,232,0,0.0,0.0,,Neutral
This is,0.0,,,,,,,,,,,,,,,,,,,,,,,,,,,,,,,,,,,,,,,,,,,,,,,,,,,,,,828,1036,0,0.0,0.0,,Neutral
Trans Mountain,0.0,,,,,,,,,,,,,,,,,,,,,,,,,,,,,,,,,,,,,,,,,,,,,,,,,,,,,,472,264,0,0.0,0.0,,Neutral
US is,0.0,,,,,,,,,,,,,,,,,,,,,,,,,,,,,,,,,,,,,,,,,,,,,,,,,,,,,,807,179,0,0.0,0.0,,Neutral
US oil,0.0,,,,,,,,,,,,,,,,,,,,,,,,,,,,,,,,,,,,,,,,,,,,,,,,,,,,,,29,734,1,1.0,0.0,,Neutral
US sanctions,0.0,,,,,,,,,,,,,,,,,,,,,,,,,,,,,,,,,,,,,,,,,,,,,,,,,,,,,,62,534,1,1.0,0.0,,Neutral
US shale,0.0,,,,,,,,,,,,,,,,,,,,,,,,,,,,,,,,,,,,,,,,,,,,,,,,,,,,,,111,494,1,0.0,0.0,,Neutral
US shale oil,0.0,,,,,,,,,,,,,,,,,,,,,,,,,,,,,,,,,,,,,,,,,,,,,,,,,,,,,,116,118,1,0.0,0.0,,Neutral
United States,0.0,,,,,,,,,,,,,,,,,,,,,,,,,,,,,,,,,,,,,,,,,,,,,,,,,,,,,,119,14319,0,0.0,0.0,,Neutral
United States President,0.0,,,,,,,,,,,,,,,,,,,,,,,,,,,,,,,,,,,,,,,,,,,,,,,,,,,,,,397,207,0,0.0,0.0,,Neutral
United States crude,0.0,,,,,,,,,,,,,,,,,,,,,,,,,,,,,,,,,,,,,,,,,,,,,,,,,,,,,,415,367,0,0.0,0.0,,Neutral
United States gas,0.0,,,,,,,,,,,,,,,,,,,,,,,,,,,,,,,,,,,,,,,,,,,,,,,,,,,,,,253,107,0,0.0,0.0,,Neutral
United States oil,0.0,,,,,,,,,,,,,,,,,,,,,,,,,,,,,,,,,,,,,,,,,,,,,,,,,,,,,,28,908,1,1.0,0.0,,Neutral
United States sanctions,0.0,,,,,,,,,,,,,,,,,,,,,,,,,,,,,,,,,,,,,,,,,,,,,,,,,,,,,,76,487,1,1.0,0.0,,Neutral
Venezuela and,0.0,,,,,,,,,,,,,,,,,,,,,,,,,,,,,,,,,,,,,,,,,,,,,,,,,,,,,,892,238,0,0.0,0.0,,Neutral
Venezuelas oil,0.0,,,,,,,,,,,,,,,,,,,,,,,,,,,,,,,,,,,,,,,,,,,,,,,,,,,,,,574,193,0,0.0,0.0,,Neutral
West Texas Intermediate,0.0,,,,,,,,,,,,,,,,,,,,,,,,,,,,,,,,,,,,,,,,,,,,,,,,,,,,,,97,544,1,1.0,0.0,,Neutral
Western States Petroleum,0.0,,,,,,,,,,,,,,,,,,,,,,,,,,,,,,,,,,,,,,,,,,,,,,,,,,,,,,420,111,0,0.0,0.0,,Neutral
a barrel,0.0,,,,,,,,,,,,,,,,,,,,,,,,,,,,,,,,,,,,,,,,,,,,,,,,,,,,,,652,2454,0,0.0,0.0,,Neutral
a barrel of,0.0,,,,,,,,,,,,,,,,,,,,,,,,,,,,,,,,,,,,,,,,,,,,,,,,,,,,,,746,272,0,0.0,0.0,,Neutral
a catastrophic,0.0,,,,,,,,,,,,,,,,,,,,,,,,,,,,,,,,,,,,,,,,,,,,,,,,,,,,,,972,39,0,0.0,0.0,,Neutral
a climate,0.0,,,,,,,,,,,,,,,,,,,,,,,,,,,,,,,,,,,,,,,,,,,,,,,,,,,,,,754,209,0,0.0,0.0,,Neutral
a deal,0.0,,,,,,,,,,,,,,,,,,,,,,,,,,,,,,,,,,,,,,,,,,,,,,,,,,,,,,822,571,0,0.0,0.0,,Neutral
a gallon,0.0,,,,,,,,,,,,,,,,,,,,,,,,,,,,,,,,,,,,,,,,,,,,,,,,,,,,,,765,370,0,0.0,0.0,,Neutral
a large,0.0,,,,,,,,,,,,,,,,,,,,,,,,,,,,,,,,,,,,,,,,,,,,,,,,,,,,,,692,494,0,0.0,0.0,,Neutral
a liter,0.0,,,,,,,,,,,,,,,,,,,,,,,,,,,,,,,,,,,,,,,,,,,,,,,,,,,,,,650,301,0,0.0,0.0,,Neutral
a lot,0.0,,,,,,,,,,,,,,,,,,,,,,,,,,,,,,,,,,,,,,,,,,,,,,,,,,,,,,858,806,0,0.0,0.0,,Neutral
a new,0.0,,,,,,,,,,,,,,,,,,,,,,,,,,,,,,,,,,,,,,,,,,,,,,,,,,,,,,880,982,0,0.0,0.0,,Neutral
a rush,0.0,,,,,,,,,,,,,,,,,,,,,,,,,,,,,,,,,,,,,,,,,,,,,,,,,,,,,,901,73,0,0.0,0.0,,Neutral
about percent,0.0,,,,,,,,,,,,,,,,,,,,,,,,,,,,,,,,,,,,,,,,,,,,,,,,,,,,,,980,250,0,0.0,0.0,,Neutral
about the,0.0,,,,,,,,,,,,,,,,,,,,,,,,,,,,,,,,,,,,,,,,,,,,,,,,,,,,,,873,1437,0,0.0,0.0,,Neutral
according to,0.0,,,,,,,,,,,,,,,,,,,,,,,,,,,,,,,,,,,,,,,,,,,,,,,,,,,,,,660,3693,0,0.0,0.0,,Neutral
according to the,0.0,,,,,,,,,,,,,,,,,,,,,,,,,,,,,,,,,,,,,,,,,,,,,,,,,,,,,,977,993,0,0.0,0.0,,Neutral
acres,0.0,,,,,,,,,,,,,,,,,,,,,,,,,,,,,,,,,,,,,,,,,,,,,,,,,,,,,,354,332,0,0.0,0.0,,Neutral
across,0.0,,,,,,,,,,,,,,,,,,,,,,,,,,,,,,,,,,,,,,,,,,,,,,,,,,,,,,567,1385,0,0.0,0.0,,Neutral
action,0.0,,,,,,,,,,,,,,,,,,,,,,,,,,,,,,,,,,,,,,,,,,,,,,,,,,,,,,352,1268,0,0.0,0.0,,Neutral
activists,0.0,,,,,,,,,,,,,,,,,,,,,,,,,,,,,,,,,,,,,,,,,,,,,,,,,,,,,,271,515,0,0.0,0.0,,Neutral
added,0.0,,,,,,,,,,,,,,,,,,,,,,,,,,,,,,,,,,,,,,,,,,,,,,,,,,,,,,327,1324,0,0.0,0.0,,Neutral
administration,0.0,,,,,,,,,,,,,,,,,,,,,,,,,,,,,,,,,,,,,,,,,,,,,,,,,,,,,,150,3187,0,0.0,0.0,,Neutral
administrations,0.0,,,,,,,,,,,,,,,,,,,,,,,,,,,,,,,,,,,,,,,,,,,,,,,,,,,,,,319,675,0,0.0,0.0,,Neutral
agencies,0.0,,,,,,,,,,,,,,,,,,,,,,,,,,,,,,,,,,,,,,,,,,,,,,,,,,,,,,624,308,0,0.0,0.0,,Neutral
agency,0.0,,,,,,,,,,,,,,,,,,,,,,,,,,,,,,,,,,,,,,,,,,,,,,,,,,,,,,293,1024,0,0.0,0.0,,Neutral
agreed,0.0,,,,,,,,,,,,,,,,,,,,,,,,,,,,,,,,,,,,,,,,,,,,,,,,,,,,,,351,1048,0,0.0,0.0,,Neutral
agreement,0.0,,,,,,,,,,,,,,,,,,,,,,,,,,,,,,,,,,,,,,,,,,,,,,,,,,,,,,401,1281,0,0.0,0.0,,Neutral
air,0.0,,,,,,,,,,,,,,,,,,,,,,,,,,,,,,,,,,,,,,,,,,,,,,,,,,,,,,370,801,0,0.0,0.0,,Neutral
air pollution,0.0,,,,,,,,,,,,,,,,,,,,,,,,,,,,,,,,,,,,,,,,,,,,,,,,,,,,,,625,112,0,0.0,0.0,,Neutral
airport,0.0,,,,,,,,,,,,,,,,,,,,,,,,,,,,,,,,,,,,,,,,,,,,,,,,,,,,,,505,65,0,0.0,0.0,,Neutral
algae,0.0,,,,,,,,,,,,,,,,,,,,,,,,,,,,,,,,,,,,,,,,,,,,,,,,,,,,,,185,96,0,0.0,0.0,,Neutral
allies,0.0,,,,,,,,,,,,,,,,,,,,,,,,,,,,,,,,,,,,,,,,,,,,,,,,,,,,,,429,1142,0,0.0,0.0,,Neutral
already,0.0,,,,,,,,,,,,,,,,,,,,,,,,,,,,,,,,,,,,,,,,,,,,,,,,,,,,,,396,2485,0,0.0,0.0,,Neutral
amid,0.0,,,,,,,,,,,,,,,,,,,,,,,,,,,,,,,,,,,,,,,,,,,,,,,,,,,,,,407,957,0,0.0,0.0,,Neutral
amount,0.0,,,,,,,,,,,,,,,,,,,,,,,,,,,,,,,,,,,,,,,,,,,,,,,,,,,,,,636,756,0,0.0,0.0,,Neutral
analysis,0.0,,,,,,,,,,,,,,,,,,,,,,,,,,,,,,,,,,,,,,,,,,,,,,,,,,,,,,233,698,0,0.0,0.0,,Neutral
analyst,0.0,,,,,,,,,,,,,,,,,,,,,,,,,,,,,,,,,,,,,,,,,,,,,,,,,,,,,,958,833,0,0.0,0.0,,Neutral
analysts,0.0,,,,,,,,,,,,,,,,,,,,,,,,,,,,,,,,,,,,,,,,,,,,,,,,,,,,,,220,1102,0,0.0,0.0,,Neutral
and Russia,0.0,,,,,,,,,,,,,,,,,,,,,,,,,,,,,,,,,,,,,,,,,,,,,,,,,,,,,,717,1185,0,0.0,0.0,,Neutral
and Twitter,0.0,,,,,,,,,,,,,,,,,,,,,,,,,,,,,,,,,,,,,,,,,,,,,,,,,,,,,,854,70,0,0.0,0.0,,Neutral
and free,0.0,,,,,,,,,,,,,,,,,,,,,,,,,,,,,,,,,,,,,,,,,,,,,,,,,,,,,,669,94,0,0.0,0.0,,Neutral
and gas companies,0.0,,,,,,,,,,,,,,,,,,,,,,,,,,,,,,,,,,,,,,,,,,,,,,,,,,,,,,819,520,0,0.0,0.0,,Neutral
and gas drilling,0.0,,,,,,,,,,,,,,,,,,,,,,,,,,,,,,,,,,,,,,,,,,,,,,,,,,,,,,846,326,0,0.0,0.0,,Neutral
and gas industry,0.0,,,,,,,,,,,,,,,,,,,,,,,,,,,,,,,,,,,,,,,,,,,,,,,,,,,,,,923,651,0,0.0,0.0,,Neutral
and it,0.0,,,,,,,,,,,,,,,,,,,,,,,,,,,,,,,,,,,,,,,,,,,,,,,,,,,,,,903,544,0,0.0,0.0,,Neutral
and may be,0.0,,,,,,,,,,,,,,,,,,,,,,,,,,,,,,,,,,,,,,,,,,,,,,,,,,,,,,911,77,0,0.0,0.0,,Neutral
and more,0.0,,,,,,,,,,,,,,,,,,,,,,,,,,,,,,,,,,,,,,,,,,,,,,,,,,,,,,865,437,0,0.0,0.0,,Neutral
and other,0.0,,,,,,,,,,,,,,,,,,,,,,,,,,,,,,,,,,,,,,,,,,,,,,,,,,,,,,759,1977,0,0.0,0.0,,Neutral
and special,0.0,,,,,,,,,,,,,,,,,,,,,,,,,,,,,,,,,,,,,,,,,,,,,,,,,,,,,,827,65,0,0.0,0.0,,Neutral
and the,0.0,,,,,,,,,,,,,,,,,,,,,,,,,,,,,,,,,,,,,,,,,,,,,,,,,,,,,,707,6261,0,0.0,0.0,,Neutral
and trade,0.0,,,,,,,,,,,,,,,,,,,,,,,,,,,,,,,,,,,,,,,,,,,,,,,,,,,,,,849,114,0,0.0,0.0,,Neutral
anti,0.0,,,,,,,,,,,,,,,,,,,,,,,,,,,,,,,,,,,,,,,,,,,,,,,,,,,,,,590,385,0,0.0,0.0,,Neutral
approved,0.0,,,,,,,,,,,,,,,,,,,,,,,,,,,,,,,,,,,,,,,,,,,,,,,,,,,,,,536,416,0,0.0,0.0,,Neutral
area,0.0,,,,,,,,,,,,,,,,,,,,,,,,,,,,,,,,,,,,,,,,,,,,,,,,,,,,,,350,938,0,0.0,0.0,,Neutral
areas,0.0,,,,,,,,,,,,,,,,,,,,,,,,,,,,,,,,,,,,,,,,,,,,,,,,,,,,,,485,841,0,0.0,0.0,,Neutral
around,0.0,,,,,,,,,,,,,,,,,,,,,,,,,,,,,,,,,,,,,,,,,,,,,,,,,,,,,,290,2793,0,0.0,0.0,,Neutral
article,0.0,,,,,,,,,,,,,,,,,,,,,,,,,,,,,,,,,,,,,,,,,,,,,,,,,,,,,,196,767,0,0.0,0.0,,Neutral
article was originally,0.0,,,,,,,,,,,,,,,,,,,,,,,,,,,,,,,,,,,,,,,,,,,,,,,,,,,,,,735,197,0,0.0,0.0,,Neutral
as a,0.0,,,,,,,,,,,,,,,,,,,,,,,,,,,,,,,,,,,,,,,,,,,,,,,,,,,,,,932,2474,0,0.0,0.0,,Neutral
as of,0.0,,,,,,,,,,,,,,,,,,,,,,,,,,,,,,,,,,,,,,,,,,,,,,,,,,,,,,703,309,0,0.0,0.0,,Neutral
as the,0.0,,,,,,,,,,,,,,,,,,,,,,,,,,,,,,,,,,,,,,,,,,,,,,,,,,,,,,868,2888,0,0.0,0.0,,Neutral
assets,0.0,,,,,,,,,,,,,,,,,,,,,,,,,,,,,,,,,,,,,,,,,,,,,,,,,,,,,,632,828,0,0.0,0.0,,Neutral
at a,0.0,,,,,,,,,,,,,,,,,,,,,,,,,,,,,,,,,,,,,,,,,,,,,,,,,,,,,,918,1857,0,0.0,0.0,,Neutral
at the,0.0,,,,,,,,,,,,,,,,,,,,,,,,,,,,,,,,,,,,,,,,,,,,,,,,,,,,,,781,4443,0,0.0,0.0,,Neutral
attack,0.0,,,,,,,,,,,,,,,,,,,,,,,,,,,,,,,,,,,,,,,,,,,,,,,,,,,,,,165,1311,0,0.0,0.0,,Neutral
attack on,0.0,,,,,,,,,,,,,,,,,,,,,,,,,,,,,,,,,,,,,,,,,,,,,,,,,,,,,,960,388,0,0.0,0.0,,Neutral
attacks,0.0,,,,,,,,,,,,,,,,,,,,,,,,,,,,,,,,,,,,,,,,,,,,,,,,,,,,,,197,1168,0,0.0,0.0,,Neutral
attorney,0.0,,,,,,,,,,,,,,,,,,,,,,,,,,,,,,,,,,,,,,,,,,,,,,,,,,,,,,388,280,0,0.0,0.0,,Neutral
audience,0.0,,,,,,,,,,,,,,,,,,,,,,,,,,,,,,,,,,,,,,,,,,,,,,,,,,,,,,140,229,0,0.0,0.0,,Neutral
audio,0.0,,,,,,,,,,,,,,,,,,,,,,,,,,,,,,,,,,,,,,,,,,,,,,,,,,,,,,608,80,0,0.0,0.0,,Neutral
auto,0.0,,,,,,,,,,,,,,,,,,,,,,,,,,,,,,,,,,,,,,,,,,,,,,,,,,,,,,438,87,0,0.0,0.0,,Neutral
available,0.0,,,,,,,,,,,,,,,,,,,,,,,,,,,,,,,,,,,,,,,,,,,,,,,,,,,,,,208,714,0,0.0,0.0,,Neutral
average,0.0,,,,,,,,,,,,,,,,,,,,,,,,,,,,,,,,,,,,,,,,,,,,,,,,,,,,,,172,1222,0,0.0,0.0,,Neutral
away,0.0,,,,,,,,,,,,,,,,,,,,,,,,,,,,,,,,,,,,,,,,,,,,,,,,,,,,,,599,1134,0,0.0,0.0,,Neutral
back,0.0,,,,,,,,,,,,,,,,,,,,,,,,,,,,,,,,,,,,,,,,,,,,,,,,,,,,,,282,2886,0,0.0,0.0,,Neutral
back in,0.0,,,,,,,,,,,,,,,,,,,,,,,,,,,,,,,,,,,,,,,,,,,,,,,,,,,,,,813,224,0,0.0,0.0,,Neutral
backed,0.0,,,,,,,,,,,,,,,,,,,,,,,,,,,,,,,,,,,,,,,,,,,,,,,,,,,,,,628,554,0,0.0,0.0,,Neutral
ballot,0.0,,,,,,,,,,,,,,,,,,,,,,,,,,,,,,,,,,,,,,,,,,,,,,,,,,,,,,580,128,0,0.0,0.0,,Neutral
ban,0.0,,,,,,,,,,,,,,,,,,,,,,,,,,,,,,,,,,,,,,,,,,,,,,,,,,,,,,284,591,0,0.0,0.0,,Neutral
banks,0.0,,,,,,,,,,,,,,,,,,,,,,,,,,,,,,,,,,,,,,,,,,,,,,,,,,,,,,508,592,0,0.0,0.0,,Neutral
barrel,0.0,,,,,,,,,,,,,,,,,,,,,,,,,,,,,,,,,,,,,,,,,,,,,,,,,,,,,,109,3838,1,0.0,0.0,,Neutral
barrel of,0.0,,,,,,,,,,,,,,,,,,,,,,,,,,,,,,,,,,,,,,,,,,,,,,,,,,,,,,763,393,0,0.0,0.0,,Neutral
barrel of oil,0.0,,,,,,,,,,,,,,,,,,,,,,,,,,,,,,,,,,,,,,,,,,,,,,,,,,,,,,755,229,0,0.0,0.0,,Neutral
barrels,0.0,,,,,,,,,,,,,,,,,,,,,,,,,,,,,,,,,,,,,,,,,,,,,,,,,,,,,,44,6294,1,1.0,0.0,,Neutral
barrels a day,0.0,,,,,,,,,,,,,,,,,,,,,,,,,,,,,,,,,,,,,,,,,,,,,,,,,,,,,,674,1509,0,0.0,0.0,,Neutral
barrels of,0.0,,,,,,,,,,,,,,,,,,,,,,,,,,,,,,,,,,,,,,,,,,,,,,,,,,,,,,799,1598,0,0.0,0.0,,Neutral
barrels of oil,0.0,,,,,,,,,,,,,,,,,,,,,,,,,,,,,,,,,,,,,,,,,,,,,,,,,,,,,,970,849,0,0.0,0.0,,Neutral
barrels per day,0.0,,,,,,,,,,,,,,,,,,,,,,,,,,,,,,,,,,,,,,,,,,,,,,,,,,,,,,145,1624,0,0.0,0.0,,Neutral
bears,0.0,,,,,,,,,,,,,,,,,,,,,,,,,,,,,,,,,,,,,,,,,,,,,,,,,,,,,,471,155,0,0.0,0.0,,Neutral
began,0.0,,,,,,,,,,,,,,,,,,,,,,,,,,,,,,,,,,,,,,,,,,,,,,,,,,,,,,554,840,0,0.0,0.0,,Neutral
behind,0.0,,,,,,,,,,,,,,,,,,,,,,,,,,,,,,,,,,,,,,,,,,,,,,,,,,,,,,614,709,0,0.0,0.0,,Neutral
benchmark,0.0,,,,,,,,,,,,,,,,,,,,,,,,,,,,,,,,,,,,,,,,,,,,,,,,,,,,,,71,812,1,1.0,0.0,,Neutral
best,0.0,,,,,,,,,,,,,,,,,,,,,,,,,,,,,,,,,,,,,,,,,,,,,,,,,,,,,,391,750,0,0.0,0.0,,Neutral
big,0.0,,,,,,,,,,,,,,,,,,,,,,,,,,,,,,,,,,,,,,,,,,,,,,,,,,,,,,142,1510,0,0.0,0.0,,Neutral
big picture,0.0,,,,,,,,,,,,,,,,,,,,,,,,,,,,,,,,,,,,,,,,,,,,,,,,,,,,,,169,43,0,0.0,0.0,,Neutral
biggest,0.0,,,,,,,,,,,,,,,,,,,,,,,,,,,,,,,,,,,,,,,,,,,,,,,,,,,,,,287,1607,0,0.0,0.0,,Neutral
bill,0.0,,,,,,,,,,,,,,,,,,,,,,,,,,,,,,,,,,,,,,,,,,,,,,,,,,,,,,160,693,0,0.0,0.0,,Neutral
billion,0.0,,,,,,,,,,,,,,,,,,,,,,,,,,,,,,,,,,,,,,,,,,,,,,,,,,,,,,139,3470,0,0.0,0.0,,Neutral
billion barrels,0.0,,,,,,,,,,,,,,,,,,,,,,,,,,,,,,,,,,,,,,,,,,,,,,,,,,,,,,237,360,0,0.0,0.0,,Neutral
birds,0.0,,,,,,,,,,,,,,,,,,,,,,,,,,,,,,,,,,,,,,,,,,,,,,,,,,,,,,262,211,0,0.0,0.0,,Neutral
blocking,0.0,,,,,,,,,,,,,,,,,,,,,,,,,,,,,,,,,,,,,,,,,,,,,,,,,,,,,,531,127,0,0.0,0.0,,Neutral
bn in,0.0,,,,,,,,,,,,,,,,,,,,,,,,,,,,,,,,,,,,,,,,,,,,,,,,,,,,,,944,117,0,0.0,0.0,,Neutral
bpd in,0.0,,,,,,,,,,,,,,,,,,,,,,,,,,,,,,,,,,,,,,,,,,,,,,,,,,,,,,810,243,0,0.0,0.0,,Neutral
breakdown,0.0,,,,,,,,,,,,,,,,,,,,,,,,,,,,,,,,,,,,,,,,,,,,,,,,,,,,,,463,63,0,0.0,0.0,,Neutral
bring you,0.0,,,,,,,,,,,,,,,,,,,,,,,,,,,,,,,,,,,,,,,,,,,,,,,,,,,,,,777,142,0,0.0,0.0,,Neutral
bureau,0.0,,,,,,,,,,,,,,,,,,,,,,,,,,,,,,,,,,,,,,,,,,,,,,,,,,,,,,619,47,0,0.0,0.0,,Neutral
business,0.0,,,,,,,,,,,,,,,,,,,,,,,,,,,,,,,,,,,,,,,,,,,,,,,,,,,,,,347,1814,0,0.0,0.0,,Neutral
buy,0.0,,,,,,,,,,,,,,,,,,,,,,,,,,,,,,,,,,,,,,,,,,,,,,,,,,,,,,606,711,0,0.0,0.0,,Neutral
by The,0.0,,,,,,,,,,,,,,,,,,,,,,,,,,,,,,,,,,,,,,,,,,,,,,,,,,,,,,663,314,0,0.0,0.0,,Neutral
by million barrels,0.0,,,,,,,,,,,,,,,,,,,,,,,,,,,,,,,,,,,,,,,,,,,,,,,,,,,,,,964,402,0,0.0,0.0,,Neutral
by the,0.0,,,,,,,,,,,,,,,,,,,,,,,,,,,,,,,,,,,,,,,,,,,,,,,,,,,,,,744,4631,0,0.0,0.0,,Neutral
called,0.0,,,,,,,,,,,,,,,,,,,,,,,,,,,,,,,,,,,,,,,,,,,,,,,,,,,,,,493,1714,0,0.0,0.0,,Neutral
campaign,0.0,,,,,,,,,,,,,,,,,,,,,,,,,,,,,,,,,,,,,,,,,,,,,,,,,,,,,,283,984,0,0.0,0.0,,Neutral
can provide,0.0,,,,,,,,,,,,,,,,,,,,,,,,,,,,,,,,,,,,,,,,,,,,,,,,,,,,,,654,216,0,0.0,0.0,,Neutral
cant,0.0,,,,,,,,,,,,,,,,,,,,,,,,,,,,,,,,,,,,,,,,,,,,,,,,,,,,,,437,835,0,0.0,0.0,,Neutral
cant do,0.0,,,,,,,,,,,,,,,,,,,,,,,,,,,,,,,,,,,,,,,,,,,,,,,,,,,,,,814,153,0,0.0,0.0,,Neutral
cap,0.0,,,,,,,,,,,,,,,,,,,,,,,,,,,,,,,,,,,,,,,,,,,,,,,,,,,,,,340,262,0,0.0,0.0,,Neutral
cap and trade,0.0,,,,,,,,,,,,,,,,,,,,,,,,,,,,,,,,,,,,,,,,,,,,,,,,,,,,,,864,63,0,0.0,0.0,,Neutral
capacity,0.0,,,,,,,,,,,,,,,,,,,,,,,,,,,,,,,,,,,,,,,,,,,,,,,,,,,,,,592,1123,0,0.0,0.0,,Neutral
capita,0.0,,,,,,,,,,,,,,,,,,,,,,,,,,,,,,,,,,,,,,,,,,,,,,,,,,,,,,212,126,0,0.0,0.0,,Neutral
capital,0.0,,,,,,,,,,,,,,,,,,,,,,,,,,,,,,,,,,,,,,,,,,,,,,,,,,,,,,491,830,0,0.0,0.0,,Neutral
carbon,0.0,,,,,,,,,,,,,,,,,,,,,,,,,,,,,,,,,,,,,,,,,,,,,,,,,,,,,,52,1725,1,1.0,0.0,,Neutral
carrier,0.0,,,,,,,,,,,,,,,,,,,,,,,,,,,,,,,,,,,,,,,,,,,,,,,,,,,,,,540,150,0,0.0,0.0,,Neutral
carrying,0.0,,,,,,,,,,,,,,,,,,,,,,,,,,,,,,,,,,,,,,,,,,,,,,,,,,,,,,635,438,0,0.0,0.0,,Neutral
case,0.0,,,,,,,,,,,,,,,,,,,,,,,,,,,,,,,,,,,,,,,,,,,,,,,,,,,,,,393,1004,0,0.0,0.0,,Neutral
cases,0.0,,,,,,,,,,,,,,,,,,,,,,,,,,,,,,,,,,,,,,,,,,,,,,,,,,,,,,362,465,0,0.0,0.0,,Neutral
caused,0.0,,,,,,,,,,,,,,,,,,,,,,,,,,,,,,,,,,,,,,,,,,,,,,,,,,,,,,552,1036,0,0.0,0.0,,Neutral
cent,0.0,,,,,,,,,,,,,,,,,,,,,,,,,,,,,,,,,,,,,,,,,,,,,,,,,,,,,,134,348,0,0.0,0.0,,Neutral
cents,0.0,,,,,,,,,,,,,,,,,,,,,,,,,,,,,,,,,,,,,,,,,,,,,,,,,,,,,,158,644,0,0.0,0.0,,Neutral
cents a,0.0,,,,,,,,,,,,,,,,,,,,,,,,,,,,,,,,,,,,,,,,,,,,,,,,,,,,,,732,191,0,0.0,0.0,,Neutral
chance,0.0,,,,,,,,,,,,,,,,,,,,,,,,,,,,,,,,,,,,,,,,,,,,,,,,,,,,,,559,251,0,0.0,0.0,,Neutral
change,0.0,,,,,,,,,,,,,,,,,,,,,,,,,,,,,,,,,,,,,,,,,,,,,,,,,,,,,,135,3031,0,0.0,0.0,,Neutral
changes,0.0,,,,,,,,,,,,,,,,,,,,,,,,,,,,,,,,,,,,,,,,,,,,,,,,,,,,,,316,478,0,0.0,0.0,,Neutral
chaos,0.0,,,,,,,,,,,,,,,,,,,,,,,,,,,,,,,,,,,,,,,,,,,,,,,,,,,,,,528,163,0,0.0,0.0,,Neutral
charge,0.0,,,,,,,,,,,,,,,,,,,,,,,,,,,,,,,,,,,,,,,,,,,,,,,,,,,,,,170,437,0,0.0,0.0,,Neutral
charge to,0.0,,,,,,,,,,,,,,,,,,,,,,,,,,,,,,,,,,,,,,,,,,,,,,,,,,,,,,653,217,0,0.0,0.0,,Neutral
chartered,0.0,,,,,,,,,,,,,,,,,,,,,,,,,,,,,,,,,,,,,,,,,,,,,,,,,,,,,,490,58,0,0.0,0.0,,Neutral
chartered by,0.0,,,,,,,,,,,,,,,,,,,,,,,,,,,,,,,,,,,,,,,,,,,,,,,,,,,,,,896,36,0,0.0,0.0,,Neutral
chief,0.0,,,,,,,,,,,,,,,,,,,,,,,,,,,,,,,,,,,,,,,,,,,,,,,,,,,,,,615,919,0,0.0,0.0,,Neutral
claims,0.0,,,,,,,,,,,,,,,,,,,,,,,,,,,,,,,,,,,,,,,,,,,,,,,,,,,,,,198,485,0,0.0,0.0,,Neutral
clean,0.0,,,,,,,,,,,,,,,,,,,,,,,,,,,,,,,,,,,,,,,,,,,,,,,,,,,,,,240,850,0,0.0,0.0,,Neutral
cliff,0.0,,,,,,,,,,,,,,,,,,,,,,,,,,,,,,,,,,,,,,,,,,,,,,,,,,,,,,121,540,0,0.0,0.0,,Neutral
climate,0.0,,,,,,,,,,,,,,,,,,,,,,,,,,,,,,,,,,,,,,,,,,,,,,,,,,,,,,100,5185,1,0.0,0.0,,Neutral
climate breakdown,0.0,,,,,,,,,,,,,,,,,,,,,,,,,,,,,,,,,,,,,,,,,,,,,,,,,,,,,,480,25,0,0.0,0.0,,Neutral
climate change,0.0,,,,,,,,,,,,,,,,,,,,,,,,,,,,,,,,,,,,,,,,,,,,,,,,,,,,,,90,1948,1,1.0,0.0,,Neutral
climate emergency,0.0,,,,,,,,,,,,,,,,,,,,,,,,,,,,,,,,,,,,,,,,,,,,,,,,,,,,,,92,124,1,1.0,0.0,,Neutral
climate policies,0.0,,,,,,,,,,,,,,,,,,,,,,,,,,,,,,,,,,,,,,,,,,,,,,,,,,,,,,998,51,0,0.0,0.0,,Neutral
cloud,0.0,,,,,,,,,,,,,,,,,,,,,,,,,,,,,,,,,,,,,,,,,,,,,,,,,,,,,,553,71,0,0.0,0.0,,Neutral
coal,0.0,,,,,,,,,,,,,,,,,,,,,,,,,,,,,,,,,,,,,,,,,,,,,,,,,,,,,,86,948,1,1.0,0.0,,Neutral
coast,0.0,,,,,,,,,,,,,,,,,,,,,,,,,,,,,,,,,,,,,,,,,,,,,,,,,,,,,,177,1101,0,0.0,0.0,,Neutral
coastal,0.0,,,,,,,,,,,,,,,,,,,,,,,,,,,,,,,,,,,,,,,,,,,,,,,,,,,,,,176,618,0,0.0,0.0,,Neutral
coastal plain,0.0,,,,,,,,,,,,,,,,,,,,,,,,,,,,,,,,,,,,,,,,,,,,,,,,,,,,,,73,159,1,1.0,0.0,,Neutral
collapse,0.0,,,,,,,,,,,,,,,,,,,,,,,,,,,,,,,,,,,,,,,,,,,,,,,,,,,,,,467,955,0,0.0,0.0,,Neutral
comment,0.0,,,,,,,,,,,,,,,,,,,,,,,,,,,,,,,,,,,,,,,,,,,,,,,,,,,,,,312,683,0,0.0,0.0,,Neutral
committee,0.0,,,,,,,,,,,,,,,,,,,,,,,,,,,,,,,,,,,,,,,,,,,,,,,,,,,,,,618,217,0,0.0,0.0,,Neutral
commodity,0.0,,,,,,,,,,,,,,,,,,,,,,,,,,,,,,,,,,,,,,,,,,,,,,,,,,,,,,399,468,0,0.0,0.0,,Neutral
communities,0.0,,,,,,,,,,,,,,,,,,,,,,,,,,,,,,,,,,,,,,,,,,,,,,,,,,,,,,147,1111,0,0.0,0.0,,Neutral
companies,0.0,,,,,,,,,,,,,,,,,,,,,,,,,,,,,,,,,,,,,,,,,,,,,,,,,,,,,,47,6423,1,1.0,0.0,,Neutral
company,0.0,,,,,,,,,,,,,,,,,,,,,,,,,,,,,,,,,,,,,,,,,,,,,,,,,,,,,,132,4115,0,0.0,0.0,,Neutral
conflict,0.0,,,,,,,,,,,,,,,,,,,,,,,,,,,,,,,,,,,,,,,,,,,,,,,,,,,,,,516,642,0,0.0,0.0,,Neutral
conservation,0.0,,,,,,,,,,,,,,,,,,,,,,,,,,,,,,,,,,,,,,,,,,,,,,,,,,,,,,74,215,1,1.0,0.0,,Neutral
construction,0.0,,,,,,,,,,,,,,,,,,,,,,,,,,,,,,,,,,,,,,,,,,,,,,,,,,,,,,577,555,0,0.0,0.0,,Neutral
consumption,0.0,,,,,,,,,,,,,,,,,,,,,,,,,,,,,,,,,,,,,,,,,,,,,,,,,,,,,,65,725,1,1.0,0.0,,Neutral
contaminated,0.0,,,,,,,,,,,,,,,,,,,,,,,,,,,,,,,,,,,,,,,,,,,,,,,,,,,,,,511,89,0,0.0,0.0,,Neutral
contract,0.0,,,,,,,,,,,,,,,,,,,,,,,,,,,,,,,,,,,,,,,,,,,,,,,,,,,,,,459,554,0,0.0,0.0,,Neutral
contractor,0.0,,,,,,,,,,,,,,,,,,,,,,,,,,,,,,,,,,,,,,,,,,,,,,,,,,,,,,639,96,0,0.0,0.0,,Neutral
contractor and,0.0,,,,,,,,,,,,,,,,,,,,,,,,,,,,,,,,,,,,,,,,,,,,,,,,,,,,,,894,66,0,0.0,0.0,,Neutral
contracts,0.0,,,,,,,,,,,,,,,,,,,,,,,,,,,,,,,,,,,,,,,,,,,,,,,,,,,,,,584,515,0,0.0,0.0,,Neutral
contributed to,0.0,,,,,,,,,,,,,,,,,,,,,,,,,,,,,,,,,,,,,,,,,,,,,,,,,,,,,,806,323,0,0.0,0.0,,Neutral
contributed to this,0.0,,,,,,,,,,,,,,,,,,,,,,,,,,,,,,,,,,,,,,,,,,,,,,,,,,,,,,751,182,0,0.0,0.0,,Neutral
control,0.0,,,,,,,,,,,,,,,,,,,,,,,,,,,,,,,,,,,,,,,,,,,,,,,,,,,,,,611,929,0,0.0,0.0,,Neutral
conversations,0.0,,,,,,,,,,,,,,,,,,,,,,,,,,,,,,,,,,,,,,,,,,,,,,,,,,,,,,357,77,0,0.0,0.0,,Neutral
coral,0.0,,,,,,,,,,,,,,,,,,,,,,,,,,,,,,,,,,,,,,,,,,,,,,,,,,,,,,411,84,0,0.0,0.0,,Neutral
corn,0.0,,,,,,,,,,,,,,,,,,,,,,,,,,,,,,,,,,,,,,,,,,,,,,,,,,,,,,627,118,0,0.0,0.0,,Neutral
coronavirus crisis and,0.0,,,,,,,,,,,,,,,,,,,,,,,,,,,,,,,,,,,,,,,,,,,,,,,,,,,,,,871,51,0,0.0,0.0,,Neutral
corporate,0.0,,,,,,,,,,,,,,,,,,,,,,,,,,,,,,,,,,,,,,,,,,,,,,,,,,,,,,504,461,0,0.0,0.0,,Neutral
corporations,0.0,,,,,,,,,,,,,,,,,,,,,,,,,,,,,,,,,,,,,,,,,,,,,,,,,,,,,,488,350,0,0.0,0.0,,Neutral
cost,0.0,,,,,,,,,,,,,,,,,,,,,,,,,,,,,,,,,,,,,,,,,,,,,,,,,,,,,,387,1455,0,0.0,0.0,,Neutral
costs,0.0,,,,,,,,,,,,,,,,,,,,,,,,,,,,,,,,,,,,,,,,,,,,,,,,,,,,,,386,1219,0,0.0,0.0,,Neutral
could,0.0,,,,,,,,,,,,,,,,,,,,,,,,,,,,,,,,,,,,,,,,,,,,,,,,,,,,,,204,6534,0,0.0,0.0,,Neutral
countries,0.0,,,,,,,,,,,,,,,,,,,,,,,,,,,,,,,,,,,,,,,,,,,,,,,,,,,,,,217,3003,0,0.0,0.0,,Neutral
country,0.0,,,,,,,,,,,,,,,,,,,,,,,,,,,,,,,,,,,,,,,,,,,,,,,,,,,,,,232,2828,0,0.0,0.0,,Neutral
coup,0.0,,,,,,,,,,,,,,,,,,,,,,,,,,,,,,,,,,,,,,,,,,,,,,,,,,,,,,561,123,0,0.0,0.0,,Neutral
court,0.0,,,,,,,,,,,,,,,,,,,,,,,,,,,,,,,,,,,,,,,,,,,,,,,,,,,,,,361,831,0,0.0,0.0,,Neutral
courts,0.0,,,,,,,,,,,,,,,,,,,,,,,,,,,,,,,,,,,,,,,,,,,,,,,,,,,,,,545,255,0,0.0,0.0,,Neutral
created,0.0,,,,,,,,,,,,,,,,,,,,,,,,,,,,,,,,,,,,,,,,,,,,,,,,,,,,,,215,659,0,0.0,0.0,,Neutral
created by,0.0,,,,,,,,,,,,,,,,,,,,,,,,,,,,,,,,,,,,,,,,,,,,,,,,,,,,,,661,256,0,0.0,0.0,,Neutral
crisis,0.0,,,,,,,,,,,,,,,,,,,,,,,,,,,,,,,,,,,,,,,,,,,,,,,,,,,,,,244,2474,0,0.0,0.0,,Neutral
crisis and,0.0,,,,,,,,,,,,,,,,,,,,,,,,,,,,,,,,,,,,,,,,,,,,,,,,,,,,,,994,194,0,0.0,0.0,,Neutral
critical,0.0,,,,,,,,,,,,,,,,,,,,,,,,,,,,,,,,,,,,,,,,,,,,,,,,,,,,,,367,531,0,0.0,0.0,,Neutral
crude,0.0,,,,,,,,,,,,,,,,,,,,,,,,,,,,,,,,,,,,,,,,,,,,,,,,,,,,,,103,7372,1,0.0,0.0,,Neutral
crude oil,0.0,,,,,,,,,,,,,,,,,,,,,,,,,,,,,,,,,,,,,,,,,,,,,,,,,,,,,,93,2385,1,1.0,0.0,,Neutral
crude prices,0.0,,,,,,,,,,,,,,,,,,,,,,,,,,,,,,,,,,,,,,,,,,,,,,,,,,,,,,646,443,0,0.0,0.0,,Neutral
currency,0.0,,,,,,,,,,,,,,,,,,,,,,,,,,,,,,,,,,,,,,,,,,,,,,,,,,,,,,171,354,0,0.0,0.0,,Neutral
current,0.0,,,,,,,,,,,,,,,,,,,,,,,,,,,,,,,,,,,,,,,,,,,,,,,,,,,,,,530,1259,0,0.0,0.0,,Neutral
cut,0.0,,,,,,,,,,,,,,,,,,,,,,,,,,,,,,,,,,,,,,,,,,,,,,,,,,,,,,128,3246,0,0.0,0.0,,Neutral
cuts,0.0,,,,,,,,,,,,,,,,,,,,,,,,,,,,,,,,,,,,,,,,,,,,,,,,,,,,,,45,2489,1,1.0,0.0,,Neutral
damage,0.0,,,,,,,,,,,,,,,,,,,,,,,,,,,,,,,,,,,,,,,,,,,,,,,,,,,,,,433,1010,0,0.0,0.0,,Neutral
data,0.0,,,,,,,,,,,,,,,,,,,,,,,,,,,,,,,,,,,,,,,,,,,,,,,,,,,,,,292,1268,0,0.0,0.0,,Neutral
day,0.0,,,,,,,,,,,,,,,,,,,,,,,,,,,,,,,,,,,,,,,,,,,,,,,,,,,,,,137,5554,0,0.0,0.0,,Neutral
days,0.0,,,,,,,,,,,,,,,,,,,,,,,,,,,,,,,,,,,,,,,,,,,,,,,,,,,,,,264,1382,0,0.0,0.0,,Neutral
deal,0.0,,,,,,,,,,,,,,,,,,,,,,,,,,,,,,,,,,,,,,,,,,,,,,,,,,,,,,148,3075,0,0.0,0.0,,Neutral
debt,0.0,,,,,,,,,,,,,,,,,,,,,,,,,,,,,,,,,,,,,,,,,,,,,,,,,,,,,,604,775,0,0.0,0.0,,Neutral
decades,0.0,,,,,,,,,,,,,,,,,,,,,,,,,,,,,,,,,,,,,,,,,,,,,,,,,,,,,,506,1034,0,0.0,0.0,,Neutral
decision,0.0,,,,,,,,,,,,,,,,,,,,,,,,,,,,,,,,,,,,,,,,,,,,,,,,,,,,,,281,1464,0,0.0,0.0,,Neutral
delivered to your,0.0,,,,,,,,,,,,,,,,,,,,,,,,,,,,,,,,,,,,,,,,,,,,,,,,,,,,,,801,140,0,0.0,0.0,,Neutral
delivery,0.0,,,,,,,,,,,,,,,,,,,,,,,,,,,,,,,,,,,,,,,,,,,,,,,,,,,,,,622,394,0,0.0,0.0,,Neutral
demand,0.0,,,,,,,,,,,,,,,,,,,,,,,,,,,,,,,,,,,,,,,,,,,,,,,,,,,,,,42,5343,1,1.0,0.0,,Neutral
demand for,0.0,,,,,,,,,,,,,,,,,,,,,,,,,,,,,,,,,,,,,,,,,,,,,,,,,,,,,,869,969,0,0.0,0.0,,Neutral
democracy,0.0,,,,,,,,,,,,,,,,,,,,,,,,,,,,,,,,,,,,,,,,,,,,,,,,,,,,,,585,274,0,0.0,0.0,,Neutral
developed with,0.0,,,,,,,,,,,,,,,,,,,,,,,,,,,,,,,,,,,,,,,,,,,,,,,,,,,,,,975,69,0,0.0,0.0,,Neutral
development,0.0,,,,,,,,,,,,,,,,,,,,,,,,,,,,,,,,,,,,,,,,,,,,,,,,,,,,,,243,1173,0,0.0,0.0,,Neutral
did not,0.0,,,,,,,,,,,,,,,,,,,,,,,,,,,,,,,,,,,,,,,,,,,,,,,,,,,,,,803,1092,0,0.0,0.0,,Neutral
diesel,0.0,,,,,,,,,,,,,,,,,,,,,,,,,,,,,,,,,,,,,,,,,,,,,,,,,,,,,,87,571,1,1.0,0.0,,Neutral
different,0.0,,,,,,,,,,,,,,,,,,,,,,,,,,,,,,,,,,,,,,,,,,,,,,,,,,,,,,390,609,0,0.0,0.0,,Neutral
director,0.0,,,,,,,,,,,,,,,,,,,,,,,,,,,,,,,,,,,,,,,,,,,,,,,,,,,,,,435,947,0,0.0,0.0,,Neutral
disaster,0.0,,,,,,,,,,,,,,,,,,,,,,,,,,,,,,,,,,,,,,,,,,,,,,,,,,,,,,588,765,0,0.0,0.0,,Neutral
dividend,0.0,,,,,,,,,,,,,,,,,,,,,,,,,,,,,,,,,,,,,,,,,,,,,,,,,,,,,,294,351,0,0.0,0.0,,Neutral
doesnt,0.0,,,,,,,,,,,,,,,,,,,,,,,,,,,,,,,,,,,,,,,,,,,,,,,,,,,,,,560,755,0,0.0,0.0,,Neutral
dollar,0.0,,,,,,,,,,,,,,,,,,,,,,,,,,,,,,,,,,,,,,,,,,,,,,,,,,,,,,144,630,0,0.0,0.0,,Neutral
dollars,0.0,,,,,,,,,,,,,,,,,,,,,,,,,,,,,,,,,,,,,,,,,,,,,,,,,,,,,,346,909,0,0.0,0.0,,Neutral
dolphins,0.0,,,,,,,,,,,,,,,,,,,,,,,,,,,,,,,,,,,,,,,,,,,,,,,,,,,,,,476,94,0,0.0,0.0,,Neutral
domestic,0.0,,,,,,,,,,,,,,,,,,,,,,,,,,,,,,,,,,,,,,,,,,,,,,,,,,,,,,376,721,0,0.0,0.0,,Neutral
dont,0.0,,,,,,,,,,,,,,,,,,,,,,,,,,,,,,,,,,,,,,,,,,,,,,,,,,,,,,300,1408,0,0.0,0.0,,Neutral
drilling,0.0,,,,,,,,,,,,,,,,,,,,,,,,,,,,,,,,,,,,,,,,,,,,,,,,,,,,,,98,3591,1,0.0,0.0,,Neutral
drivers,0.0,,,,,,,,,,,,,,,,,,,,,,,,,,,,,,,,,,,,,,,,,,,,,,,,,,,,,,309,390,0,0.0,0.0,,Neutral
drone,0.0,,,,,,,,,,,,,,,,,,,,,,,,,,,,,,,,,,,,,,,,,,,,,,,,,,,,,,477,417,0,0.0,0.0,,Neutral
drop,0.0,,,,,,,,,,,,,,,,,,,,,,,,,,,,,,,,,,,,,,,,,,,,,,,,,,,,,,333,1227,0,0.0,0.0,,Neutral
dropped,0.0,,,,,,,,,,,,,,,,,,,,,,,,,,,,,,,,,,,,,,,,,,,,,,,,,,,,,,586,576,0,0.0,0.0,,Neutral
due to,0.0,,,,,,,,,,,,,,,,,,,,,,,,,,,,,,,,,,,,,,,,,,,,,,,,,,,,,,743,1424,0,0.0,0.0,,Neutral
due to the,0.0,,,,,,,,,,,,,,,,,,,,,,,,,,,,,,,,,,,,,,,,,,,,,,,,,,,,,,976,527,0,0.0,0.0,,Neutral
during the,0.0,,,,,,,,,,,,,,,,,,,,,,,,,,,,,,,,,,,,,,,,,,,,,,,,,,,,,,862,1139,0,0.0,0.0,,Neutral
during the forecast,0.0,,,,,,,,,,,,,,,,,,,,,,,,,,,,,,,,,,,,,,,,,,,,,,,,,,,,,,921,55,0,0.0,0.0,,Neutral
earlier,0.0,,,,,,,,,,,,,,,,,,,,,,,,,,,,,,,,,,,,,,,,,,,,,,,,,,,,,,982,1060,0,0.0,0.0,,Neutral
economic,0.0,,,,,,,,,,,,,,,,,,,,,,,,,,,,,,,,,,,,,,,,,,,,,,,,,,,,,,61,3009,1,1.0,0.0,,Neutral
economy,0.0,,,,,,,,,,,,,,,,,,,,,,,,,,,,,,,,,,,,,,,,,,,,,,,,,,,,,,209,3339,0,0.0,0.0,,Neutral
editor,0.0,,,,,,,,,,,,,,,,,,,,,,,,,,,,,,,,,,,,,,,,,,,,,,,,,,,,,,188,157,0,0.0,0.0,,Neutral
effects,0.0,,,,,,,,,,,,,,,,,,,,,,,,,,,,,,,,,,,,,,,,,,,,,,,,,,,,,,637,525,0,0.0,0.0,,Neutral
eligible,0.0,,,,,,,,,,,,,,,,,,,,,,,,,,,,,,,,,,,,,,,,,,,,,,,,,,,,,,138,231,0,0.0,0.0,,Neutral
emergency,0.0,,,,,,,,,,,,,,,,,,,,,,,,,,,,,,,,,,,,,,,,,,,,,,,,,,,,,,297,633,0,0.0,0.0,,Neutral
emissions,0.0,,,,,,,,,,,,,,,,,,,,,,,,,,,,,,,,,,,,,,,,,,,,,,,,,,,,,,55,1658,1,1.0,0.0,,Neutral
energy,0.0,,,,,,,,,,,,,,,,,,,,,,,,,,,,,,,,,,,,,,,,,,,,,,,,,,,,,,49,8120,1,1.0,0.0,,Neutral
environment,0.0,,,,,,,,,,,,,,,,,,,,,,,,,,,,,,,,,,,,,,,,,,,,,,,,,,,,,,77,921,1,1.0,0.0,,Neutral
environmental,0.0,,,,,,,,,,,,,,,,,,,,,,,,,,,,,,,,,,,,,,,,,,,,,,,,,,,,,,54,2548,1,1.0,0.0,,Neutral
essential to the,0.0,,,,,,,,,,,,,,,,,,,,,,,,,,,,,,,,,,,,,,,,,,,,,,,,,,,,,,778,146,0,0.0,0.0,,Neutral
ethanol,0.0,,,,,,,,,,,,,,,,,,,,,,,,,,,,,,,,,,,,,,,,,,,,,,,,,,,,,,82,250,1,1.0,0.0,,Neutral
even,0.0,,,,,,,,,,,,,,,,,,,,,,,,,,,,,,,,,,,,,,,,,,,,,,,,,,,,,,175,3503,0,0.0,0.0,,Neutral
every,0.0,,,,,,,,,,,,,,,,,,,,,,,,,,,,,,,,,,,,,,,,,,,,,,,,,,,,,,600,1047,0,0.0,0.0,,Neutral
executive,0.0,,,,,,,,,,,,,,,,,,,,,,,,,,,,,,,,,,,,,,,,,,,,,,,,,,,,,,514,922,0,0.0,0.0,,Neutral
expansion,0.0,,,,,,,,,,,,,,,,,,,,,,,,,,,,,,,,,,,,,,,,,,,,,,,,,,,,,,425,641,0,0.0,0.0,,Neutral
expected,0.0,,,,,,,,,,,,,,,,,,,,,,,,,,,,,,,,,,,,,,,,,,,,,,,,,,,,,,199,1731,0,0.0,0.0,,Neutral
expected to,0.0,,,,,,,,,,,,,,,,,,,,,,,,,,,,,,,,,,,,,,,,,,,,,,,,,,,,,,787,1146,0,0.0,0.0,,Neutral
expects,0.0,,,,,,,,,,,,,,,,,,,,,,,,,,,,,,,,,,,,,,,,,,,,,,,,,,,,,,417,419,0,0.0,0.0,,Neutral
exploration,0.0,,,,,,,,,,,,,,,,,,,,,,,,,,,,,,,,,,,,,,,,,,,,,,,,,,,,,,441,661,0,0.0,0.0,,Neutral
explosion,0.0,,,,,,,,,,,,,,,,,,,,,,,,,,,,,,,,,,,,,,,,,,,,,,,,,,,,,,314,375,0,0.0,0.0,,Neutral
export,0.0,,,,,,,,,,,,,,,,,,,,,,,,,,,,,,,,,,,,,,,,,,,,,,,,,,,,,,593,728,0,0.0,0.0,,Neutral
exports,0.0,,,,,,,,,,,,,,,,,,,,,,,,,,,,,,,,,,,,,,,,,,,,,,,,,,,,,,72,1735,1,1.0,0.0,,Neutral
extraction,0.0,,,,,,,,,,,,,,,,,,,,,,,,,,,,,,,,,,,,,,,,,,,,,,,,,,,,,,626,512,0,0.0,0.0,,Neutral
facing,0.0,,,,,,,,,,,,,,,,,,,,,,,,,,,,,,,,,,,,,,,,,,,,,,,,,,,,,,596,463,0,0.0,0.0,,Neutral
fact,0.0,,,,,,,,,,,,,,,,,,,,,,,,,,,,,,,,,,,,,,,,,,,,,,,,,,,,,,279,920,0,0.0,0.0,,Neutral
fall,0.0,,,,,,,,,,,,,,,,,,,,,,,,,,,,,,,,,,,,,,,,,,,,,,,,,,,,,,250,1089,0,0.0,0.0,,Neutral
fallen,0.0,,,,,,,,,,,,,,,,,,,,,,,,,,,,,,,,,,,,,,,,,,,,,,,,,,,,,,564,459,0,0.0,0.0,,Neutral
far,0.0,,,,,,,,,,,,,,,,,,,,,,,,,,,,,,,,,,,,,,,,,,,,,,,,,,,,,,478,1688,0,0.0,0.0,,Neutral
federal,0.0,,,,,,,,,,,,,,,,,,,,,,,,,,,,,,,,,,,,,,,,,,,,,,,,,,,,,,53,2162,1,1.0,0.0,,Neutral
fee,0.0,,,,,,,,,,,,,,,,,,,,,,,,,,,,,,,,,,,,,,,,,,,,,,,,,,,,,,610,135,0,0.0,0.0,,Neutral
feet,0.0,,,,,,,,,,,,,,,,,,,,,,,,,,,,,,,,,,,,,,,,,,,,,,,,,,,,,,325,376,0,0.0,0.0,,Neutral
fell,0.0,,,,,,,,,,,,,,,,,,,,,,,,,,,,,,,,,,,,,,,,,,,,,,,,,,,,,,235,989,0,0.0,0.0,,Neutral
fields,0.0,,,,,,,,,,,,,,,,,,,,,,,,,,,,,,,,,,,,,,,,,,,,,,,,,,,,,,382,855,0,0.0,0.0,,Neutral
fight,0.0,,,,,,,,,,,,,,,,,,,,,,,,,,,,,,,,,,,,,,,,,,,,,,,,,,,,,,457,618,0,0.0,0.0,,Neutral
filed,0.0,,,,,,,,,,,,,,,,,,,,,,,,,,,,,,,,,,,,,,,,,,,,,,,,,,,,,,494,460,0,0.0,0.0,,Neutral
filling,0.0,,,,,,,,,,,,,,,,,,,,,,,,,,,,,,,,,,,,,,,,,,,,,,,,,,,,,,482,248,0,0.0,0.0,,Neutral
final,0.0,,,,,,,,,,,,,,,,,,,,,,,,,,,,,,,,,,,,,,,,,,,,,,,,,,,,,,406,423,0,0.0,0.0,,Neutral
finance,0.0,,,,,,,,,,,,,,,,,,,,,,,,,,,,,,,,,,,,,,,,,,,,,,,,,,,,,,475,527,0,0.0,0.0,,Neutral
financial,0.0,,,,,,,,,,,,,,,,,,,,,,,,,,,,,,,,,,,,,,,,,,,,,,,,,,,,,,572,1461,0,0.0,0.0,,Neutral
fire,0.0,,,,,,,,,,,,,,,,,,,,,,,,,,,,,,,,,,,,,,,,,,,,,,,,,,,,,,266,543,0,0.0,0.0,,Neutral
firm,0.0,,,,,,,,,,,,,,,,,,,,,,,,,,,,,,,,,,,,,,,,,,,,,,,,,,,,,,286,1022,0,0.0,0.0,,Neutral
firms,0.0,,,,,,,,,,,,,,,,,,,,,,,,,,,,,,,,,,,,,,,,,,,,,,,,,,,,,,66,786,1,1.0,0.0,,Neutral
first,0.0,,,,,,,,,,,,,,,,,,,,,,,,,,,,,,,,,,,,,,,,,,,,,,,,,,,,,,378,3220,0,0.0,0.0,,Neutral
flow,0.0,,,,,,,,,,,,,,,,,,,,,,,,,,,,,,,,,,,,,,,,,,,,,,,,,,,,,,597,571,0,0.0,0.0,,Neutral
for further,0.0,,,,,,,,,,,,,,,,,,,,,,,,,,,,,,,,,,,,,,,,,,,,,,,,,,,,,,968,97,0,0.0,0.0,,Neutral
for oil,0.0,,,,,,,,,,,,,,,,,,,,,,,,,,,,,,,,,,,,,,,,,,,,,,,,,,,,,,847,1450,0,0.0,0.0,,Neutral
for the,0.0,,,,,,,,,,,,,,,,,,,,,,,,,,,,,,,,,,,,,,,,,,,,,,,,,,,,,,723,6566,0,0.0,0.0,,Neutral
for the first,0.0,,,,,,,,,,,,,,,,,,,,,,,,,,,,,,,,,,,,,,,,,,,,,,,,,,,,,,895,605,0,0.0,0.0,,Neutral
force,0.0,,,,,,,,,,,,,,,,,,,,,,,,,,,,,,,,,,,,,,,,,,,,,,,,,,,,,,573,797,0,0.0,0.0,,Neutral
forces,0.0,,,,,,,,,,,,,,,,,,,,,,,,,,,,,,,,,,,,,,,,,,,,,,,,,,,,,,444,819,0,0.0,0.0,,Neutral
forecast,0.0,,,,,,,,,,,,,,,,,,,,,,,,,,,,,,,,,,,,,,,,,,,,,,,,,,,,,,143,580,0,0.0,0.0,,Neutral
foreign,0.0,,,,,,,,,,,,,,,,,,,,,,,,,,,,,,,,,,,,,,,,,,,,,,,,,,,,,,64,1653,1,1.0,0.0,,Neutral
foreign policy,0.0,,,,,,,,,,,,,,,,,,,,,,,,,,,,,,,,,,,,,,,,,,,,,,,,,,,,,,638,257,0,0.0,0.0,,Neutral
form and,0.0,,,,,,,,,,,,,,,,,,,,,,,,,,,,,,,,,,,,,,,,,,,,,,,,,,,,,,888,69,0,0.0,0.0,,Neutral
former,0.0,,,,,,,,,,,,,,,,,,,,,,,,,,,,,,,,,,,,,,,,,,,,,,,,,,,,,,181,1176,0,0.0,0.0,,Neutral
fossil,0.0,,,,,,,,,,,,,,,,,,,,,,,,,,,,,,,,,,,,,,,,,,,,,,,,,,,,,,104,3622,1,0.0,0.0,,Neutral
fossil fuel,0.0,,,,,,,,,,,,,,,,,,,,,,,,,,,,,,,,,,,,,,,,,,,,,,,,,,,,,,106,2351,1,0.0,0.0,,Neutral
fossil fuel companies,324.0,3.0,3.0,0.0,0.0,0.0,0.0,0.0,0.0,1.0,1.0,3.0,0.0,0.0,0.0,8.0,93.0,0.0,9.0,3.0,23.0,14.0,2.0,0.0,3.0,0.0,49.0,2.0,0.0,13.0,0.0,0.0,7.0,2.0,0.0,0.0,2.0,2.0,11.0,1.0,6.0,14.0,0.0,0.0,1.0,3.0,0.0,0.0,5.0,3.0,5.0,20.0,10.0,1.0,19,324,1,1.0,1.0,-207.0,Left
fossil fuel industry,485.0,1.0,11.0,0.0,0.0,0.0,1.0,0.0,0.0,2.0,0.0,3.0,0.0,0.0,1.0,2.0,240.0,2.0,6.0,10.0,21.0,20.0,1.0,2.0,8.0,1.0,35.0,3.0,0.0,23.0,0.0,0.0,7.0,2.0,0.0,0.0,7.0,2.0,1.0,0.0,3.0,23.0,1.0,0.0,0.0,4.0,0.0,2.0,7.0,7.0,4.0,10.0,12.0,0.0,6,485,1,1.0,1.0,-346.0,Left
fossil fuels,0.0,,,,,,,,,,,,,,,,,,,,,,,,,,,,,,,,,,,,,,,,,,,,,,,,,,,,,,84,1213,1,1.0,0.0,,Neutral
found,0.0,,,,,,,,,,,,,,,,,,,,,,,,,,,,,,,,,,,,,,,,,,,,,,,,,,,,,,529,1016,0,0.0,0.0,,Neutral
fracking permits,82.0,0.0,0.0,0.0,0.0,0.0,0.0,0.0,0.0,0.0,0.0,0.0,0.0,0.0,1.0,0.0,4.0,0.0,0.0,24.0,0.0,42.0,0.0,0.0,1.0,0.0,0.0,0.0,0.0,0.0,0.0,0.0,0.0,0.0,0.0,0.0,1.0,0.0,0.0,0.0,0.0,0.0,0.0,0.0,0.0,0.0,0.0,0.0,0.0,9.0,0.0,0.0,0.0,0.0,18,82,1,1.0,1.0,-27.0,Left
free,0.0,,,,,,,,,,,,,,,,,,,,,,,,,,,,,,,,,,,,,,,,,,,,,,,,,,,,,,186,864,0,0.0,0.0,,Neutral
from the,0.0,,,,,,,,,,,,,,,,,,,,,,,,,,,,,,,,,,,,,,,,,,,,,,,,,,,,,,824,5329,0,0.0,0.0,,Neutral
fuel,0.0,,,,,,,,,,,,,,,,,,,,,,,,,,,,,,,,,,,,,,,,,,,,,,,,,,,,,,107,5702,1,0.0,0.0,,Neutral
fuel market,0.0,,,,,,,,,,,,,,,,,,,,,,,,,,,,,,,,,,,,,,,,,,,,,,,,,,,,,,950,55,0,0.0,0.0,,Neutral
fuel prices,163.0,2.0,2.0,2.0,0.0,1.0,1.0,0.0,2.0,2.0,1.0,0.0,0.0,1.0,1.0,8.0,4.0,0.0,12.0,1.0,8.0,1.0,50.0,2.0,2.0,0.0,4.0,0.0,2.0,0.0,1.0,0.0,0.0,1.0,0.0,1.0,1.0,1.0,0.0,0.0,0.0,6.0,2.0,7.0,7.0,0.0,0.0,0.0,1.0,9.0,0.0,1.0,12.0,4.0,20,163,1,1.0,1.0,-9.0,Left
fuel theft,51.0,2.0,0.0,0.0,0.0,0.0,0.0,0.0,0.0,0.0,0.0,10.0,0.0,3.0,0.0,1.0,1.0,0.0,1.0,0.0,0.0,0.0,0.0,0.0,0.0,0.0,0.0,0.0,0.0,0.0,0.0,0.0,0.0,0.0,9.0,0.0,2.0,6.0,0.0,0.0,0.0,2.0,0.0,0.0,1.0,0.0,0.0,0.0,0.0,6.0,0.0,0.0,6.0,1.0,7,51,1,1.0,1.0,-12.0,Left
further information,0.0,,,,,,,,,,,,,,,,,,,,,,,,,,,,,,,,,,,,,,,,,,,,,,,,,,,,,,887,71,0,0.0,0.0,,Neutral
future,0.0,,,,,,,,,,,,,,,,,,,,,,,,,,,,,,,,,,,,,,,,,,,,,,,,,,,,,,296,1697,0,0.0,0.0,,Neutral
futures,0.0,,,,,,,,,,,,,,,,,,,,,,,,,,,,,,,,,,,,,,,,,,,,,,,,,,,,,,231,993,0,0.0,0.0,,Neutral
gallon,0.0,,,,,,,,,,,,,,,,,,,,,,,,,,,,,,,,,,,,,,,,,,,,,,,,,,,,,,146,798,0,0.0,0.0,,Neutral
gallons,0.0,,,,,,,,,,,,,,,,,,,,,,,,,,,,,,,,,,,,,,,,,,,,,,,,,,,,,,203,542,0,0.0,0.0,,Neutral
gallons million liters,0.0,,,,,,,,,,,,,,,,,,,,,,,,,,,,,,,,,,,,,,,,,,,,,,,,,,,,,,465,16,0,0.0,0.0,,Neutral
gallons of,0.0,,,,,,,,,,,,,,,,,,,,,,,,,,,,,,,,,,,,,,,,,,,,,,,,,,,,,,985,307,0,0.0,0.0,,Neutral
gangs,0.0,,,,,,,,,,,,,,,,,,,,,,,,,,,,,,,,,,,,,,,,,,,,,,,,,,,,,,501,31,0,0.0,0.0,,Neutral
gas,0.0,,,,,,,,,,,,,,,,,,,,,,,,,,,,,,,,,,,,,,,,,,,,,,,,,,,,,,102,10658,1,0.0,0.0,,Neutral
gas out,0.0,,,,,,,,,,,,,,,,,,,,,,,,,,,,,,,,,,,,,,,,,,,,,,,,,,,,,,913,19,0,0.0,0.0,,Neutral
gas prices,602.0,5.0,4.0,0.0,0.0,0.0,0.0,3.0,1.0,8.0,8.0,2.0,0.0,29.0,5.0,48.0,3.0,0.0,3.0,6.0,57.0,7.0,2.0,6.0,8.0,4.0,23.0,1.0,5.0,1.0,8.0,0.0,5.0,7.0,37.0,3.0,34.0,14.0,3.0,0.0,10.0,7.0,13.0,3.0,15.0,1.0,8.0,2.0,1.0,81.0,0.0,26.0,53.0,30.0,8,602,1,1.0,1.0,-5.0,Left
gas production,0.0,,,,,,,,,,,,,,,,,,,,,,,,,,,,,,,,,,,,,,,,,,,,,,,,,,,,,,534,438,0,0.0,0.0,,Neutral
get,0.0,,,,,,,,,,,,,,,,,,,,,,,,,,,,,,,,,,,,,,,,,,,,,,,,,,,,,,310,2090,0,0.0,0.0,,Neutral
giant,0.0,,,,,,,,,,,,,,,,,,,,,,,,,,,,,,,,,,,,,,,,,,,,,,,,,,,,,,587,758,0,0.0,0.0,,Neutral
global,0.0,,,,,,,,,,,,,,,,,,,,,,,,,,,,,,,,,,,,,,,,,,,,,,,,,,,,,,141,5761,0,0.0,0.0,,Neutral
global oil,1095.0,47.0,3.0,8.0,1.0,1.0,2.0,4.0,9.0,33.0,31.0,0.0,0.0,5.0,14.0,69.0,17.0,4.0,25.0,7.0,24.0,3.0,22.0,23.0,9.0,12.0,76.0,0.0,16.0,1.0,4.0,7.0,0.0,4.0,23.0,8.0,25.0,19.0,19.0,0.0,2.0,31.0,1.0,91.0,146.0,1.0,3.0,6.0,6.0,19.0,1.0,10.0,100.0,101.0,17,1095,1,1.0,1.0,18.0,Right
go,0.0,,,,,,,,,,,,,,,,,,,,,,,,,,,,,,,,,,,,,,,,,,,,,,,,,,,,,,242,1643,0,0.0,0.0,,Neutral
going to,0.0,,,,,,,,,,,,,,,,,,,,,,,,,,,,,,,,,,,,,,,,,,,,,,,,,,,,,,731,1619,0,0.0,0.0,,Neutral
good,0.0,,,,,,,,,,,,,,,,,,,,,,,,,,,,,,,,,,,,,,,,,,,,,,,,,,,,,,537,1034,0,0.0,0.0,,Neutral
government,0.0,,,,,,,,,,,,,,,,,,,,,,,,,,,,,,,,,,,,,,,,,,,,,,,,,,,,,,46,4727,1,1.0,0.0,,Neutral
governments,0.0,,,,,,,,,,,,,,,,,,,,,,,,,,,,,,,,,,,,,,,,,,,,,,,,,,,,,,195,1017,0,0.0,0.0,,Neutral
granted,0.0,,,,,,,,,,,,,,,,,,,,,,,,,,,,,,,,,,,,,,,,,,,,,,,,,,,,,,349,295,0,0.0,0.0,,Neutral
group,0.0,,,,,,,,,,,,,,,,,,,,,,,,,,,,,,,,,,,,,,,,,,,,,,,,,,,,,,245,1798,0,0.0,0.0,,Neutral
groups,0.0,,,,,,,,,,,,,,,,,,,,,,,,,,,,,,,,,,,,,,,,,,,,,,,,,,,,,,191,1355,0,0.0,0.0,,Neutral
growth,0.0,,,,,,,,,,,,,,,,,,,,,,,,,,,,,,,,,,,,,,,,,,,,,,,,,,,,,,205,1457,0,0.0,0.0,,Neutral
happening,0.0,,,,,,,,,,,,,,,,,,,,,,,,,,,,,,,,,,,,,,,,,,,,,,,,,,,,,,414,327,0,0.0,0.0,,Neutral
happening now,0.0,,,,,,,,,,,,,,,,,,,,,,,,,,,,,,,,,,,,,,,,,,,,,,,,,,,,,,808,32,0,0.0,0.0,,Neutral
harder than,0.0,,,,,,,,,,,,,,,,,,,,,,,,,,,,,,,,,,,,,,,,,,,,,,,,,,,,,,816,155,0,0.0,0.0,,Neutral
has been,0.0,,,,,,,,,,,,,,,,,,,,,,,,,,,,,,,,,,,,,,,,,,,,,,,,,,,,,,802,2967,0,0.0,0.0,,Neutral
have been,0.0,,,,,,,,,,,,,,,,,,,,,,,,,,,,,,,,,,,,,,,,,,,,,,,,,,,,,,924,2407,0,0.0,0.0,,Neutral
have to,0.0,,,,,,,,,,,,,,,,,,,,,,,,,,,,,,,,,,,,,,,,,,,,,,,,,,,,,,951,1117,0,0.0,0.0,,Neutral
health,0.0,,,,,,,,,,,,,,,,,,,,,,,,,,,,,,,,,,,,,,,,,,,,,,,,,,,,,,167,952,0,0.0,0.0,,Neutral
health and,0.0,,,,,,,,,,,,,,,,,,,,,,,,,,,,,,,,,,,,,,,,,,,,,,,,,,,,,,821,243,0,0.0,0.0,,Neutral
health and safety,0.0,,,,,,,,,,,,,,,,,,,,,,,,,,,,,,,,,,,,,,,,,,,,,,,,,,,,,,937,113,0,0.0,0.0,,Neutral
heavy,0.0,,,,,,,,,,,,,,,,,,,,,,,,,,,,,,,,,,,,,,,,,,,,,,,,,,,,,,558,560,0,0.0,0.0,,Neutral
help,0.0,,,,,,,,,,,,,,,,,,,,,,,,,,,,,,,,,,,,,,,,,,,,,,,,,,,,,,317,1941,0,0.0,0.0,,Neutral
higher,0.0,,,,,,,,,,,,,,,,,,,,,,,,,,,,,,,,,,,,,,,,,,,,,,,,,,,,,,338,1464,0,0.0,0.0,,Neutral
hit,0.0,,,,,,,,,,,,,,,,,,,,,,,,,,,,,,,,,,,,,,,,,,,,,,,,,,,,,,423,1347,0,0.0,0.0,,Neutral
hottest,0.0,,,,,,,,,,,,,,,,,,,,,,,,,,,,,,,,,,,,,,,,,,,,,,,,,,,,,,278,75,0,0.0,0.0,,Neutral
huge,0.0,,,,,,,,,,,,,,,,,,,,,,,,,,,,,,,,,,,,,,,,,,,,,,,,,,,,,,581,736,0,0.0,0.0,,Neutral
humans,0.0,,,,,,,,,,,,,,,,,,,,,,,,,,,,,,,,,,,,,,,,,,,,,,,,,,,,,,443,68,0,0.0,0.0,,Neutral
i i i,0.0,,,,,,,,,,,,,,,,,,,,,,,,,,,,,,,,,,,,,,,,,,,,,,,,,,,,,,788,66,0,0.0,0.0,,Neutral
illegal,0.0,,,,,,,,,,,,,,,,,,,,,,,,,,,,,,,,,,,,,,,,,,,,,,,,,,,,,,259,353,0,0.0,0.0,,Neutral
impacts,0.0,,,,,,,,,,,,,,,,,,,,,,,,,,,,,,,,,,,,,,,,,,,,,,,,,,,,,,332,592,0,0.0,0.0,,Neutral
imperialism,0.0,,,,,,,,,,,,,,,,,,,,,,,,,,,,,,,,,,,,,,,,,,,,,,,,,,,,,,79,27,1,1.0,0.0,,Neutral
imports,0.0,,,,,,,,,,,,,,,,,,,,,,,,,,,,,,,,,,,,,,,,,,,,,,,,,,,,,,374,1065,0,0.0,0.0,,Neutral
in April,0.0,,,,,,,,,,,,,,,,,,,,,,,,,,,,,,,,,,,,,,,,,,,,,,,,,,,,,,961,526,0,0.0,0.0,,Neutral
in California,0.0,,,,,,,,,,,,,,,,,,,,,,,,,,,,,,,,,,,,,,,,,,,,,,,,,,,,,,657,454,0,0.0,0.0,,Neutral
in Syria,0.0,,,,,,,,,,,,,,,,,,,,,,,,,,,,,,,,,,,,,,,,,,,,,,,,,,,,,,736,277,0,0.0,0.0,,Neutral
in Venezuela,0.0,,,,,,,,,,,,,,,,,,,,,,,,,,,,,,,,,,,,,,,,,,,,,,,,,,,,,,664,541,0,0.0,0.0,,Neutral
in a,0.0,,,,,,,,,,,,,,,,,,,,,,,,,,,,,,,,,,,,,,,,,,,,,,,,,,,,,,739,4634,0,0.0,0.0,,Neutral
in a statement,0.0,,,,,,,,,,,,,,,,,,,,,,,,,,,,,,,,,,,,,,,,,,,,,,,,,,,,,,805,718,0,0.0,0.0,,Neutral
in demand,0.0,,,,,,,,,,,,,,,,,,,,,,,,,,,,,,,,,,,,,,,,,,,,,,,,,,,,,,905,479,0,0.0,0.0,,Neutral
in oil,0.0,,,,,,,,,,,,,,,,,,,,,,,,,,,,,,,,,,,,,,,,,,,,,,,,,,,,,,988,1432,0,0.0,0.0,,Neutral
in stock,0.0,,,,,,,,,,,,,,,,,,,,,,,,,,,,,,,,,,,,,,,,,,,,,,,,,,,,,,762,58,0,0.0,0.0,,Neutral
in the,0.0,,,,,,,,,,,,,,,,,,,,,,,,,,,,,,,,,,,,,,,,,,,,,,,,,,,,,,687,19388,0,0.0,0.0,,Neutral
in the Gulf,0.0,,,,,,,,,,,,,,,,,,,,,,,,,,,,,,,,,,,,,,,,,,,,,,,,,,,,,,800,704,0,0.0,0.0,,Neutral
in the Permian,0.0,,,,,,,,,,,,,,,,,,,,,,,,,,,,,,,,,,,,,,,,,,,,,,,,,,,,,,978,267,0,0.0,0.0,,Neutral
in the US,0.0,,,,,,,,,,,,,,,,,,,,,,,,,,,,,,,,,,,,,,,,,,,,,,,,,,,,,,957,407,0,0.0,0.0,,Neutral
in the United,0.0,,,,,,,,,,,,,,,,,,,,,,,,,,,,,,,,,,,,,,,,,,,,,,,,,,,,,,934,1015,0,0.0,0.0,,Neutral
including,0.0,,,,,,,,,,,,,,,,,,,,,,,,,,,,,,,,,,,,,,,,,,,,,,,,,,,,,,464,2853,0,0.0,0.0,,Neutral
increase,0.0,,,,,,,,,,,,,,,,,,,,,,,,,,,,,,,,,,,,,,,,,,,,,,,,,,,,,,344,1737,0,0.0,0.0,,Neutral
independent,0.0,,,,,,,,,,,,,,,,,,,,,,,,,,,,,,,,,,,,,,,,,,,,,,,,,,,,,,633,650,0,0.0,0.0,,Neutral
independent journalism of,0.0,,,,,,,,,,,,,,,,,,,,,,,,,,,,,,,,,,,,,,,,,,,,,,,,,,,,,,738,190,0,0.0,0.0,,Neutral
indispensable,0.0,,,,,,,,,,,,,,,,,,,,,,,,,,,,,,,,,,,,,,,,,,,,,,,,,,,,,,486,33,0,0.0,0.0,,Neutral
industry,0.0,,,,,,,,,,,,,,,,,,,,,,,,,,,,,,,,,,,,,,,,,,,,,,,,,,,,,,127,6340,0,0.0,0.0,,Neutral
inflation,0.0,,,,,,,,,,,,,,,,,,,,,,,,,,,,,,,,,,,,,,,,,,,,,,,,,,,,,,58,364,1,1.0,0.0,,Neutral
infrastructure,0.0,,,,,,,,,,,,,,,,,,,,,,,,,,,,,,,,,,,,,,,,,,,,,,,,,,,,,,80,1068,1,1.0,0.0,,Neutral
initiative,0.0,,,,,,,,,,,,,,,,,,,,,,,,,,,,,,,,,,,,,,,,,,,,,,,,,,,,,,532,196,0,0.0,0.0,,Neutral
interests,0.0,,,,,,,,,,,,,,,,,,,,,,,,,,,,,,,,,,,,,,,,,,,,,,,,,,,,,,394,673,0,0.0,0.0,,Neutral
international,0.0,,,,,,,,,,,,,,,,,,,,,,,,,,,,,,,,,,,,,,,,,,,,,,,,,,,,,,68,1668,1,1.0,0.0,,Neutral
into the,0.0,,,,,,,,,,,,,,,,,,,,,,,,,,,,,,,,,,,,,,,,,,,,,,,,,,,,,,818,1531,0,0.0,0.0,,Neutral
invasion,0.0,,,,,,,,,,,,,,,,,,,,,,,,,,,,,,,,,,,,,,,,,,,,,,,,,,,,,,392,152,0,0.0,0.0,,Neutral
investigation,0.0,,,,,,,,,,,,,,,,,,,,,,,,,,,,,,,,,,,,,,,,,,,,,,,,,,,,,,474,365,0,0.0,0.0,,Neutral
investment,0.0,,,,,,,,,,,,,,,,,,,,,,,,,,,,,,,,,,,,,,,,,,,,,,,,,,,,,,453,1217,0,0.0,0.0,,Neutral
investors,0.0,,,,,,,,,,,,,,,,,,,,,,,,,,,,,,,,,,,,,,,,,,,,,,,,,,,,,,180,1418,0,0.0,0.0,,Neutral
is a,0.0,,,,,,,,,,,,,,,,,,,,,,,,,,,,,,,,,,,,,,,,,,,,,,,,,,,,,,752,2836,0,0.0,0.0,,Neutral
is available,0.0,,,,,,,,,,,,,,,,,,,,,,,,,,,,,,,,,,,,,,,,,,,,,,,,,,,,,,659,245,0,0.0,0.0,,Neutral
is back in,0.0,,,,,,,,,,,,,,,,,,,,,,,,,,,,,,,,,,,,,,,,,,,,,,,,,,,,,,793,51,0,0.0,0.0,,Neutral
is essential to,0.0,,,,,,,,,,,,,,,,,,,,,,,,,,,,,,,,,,,,,,,,,,,,,,,,,,,,,,771,154,0,0.0,0.0,,Neutral
is more,0.0,,,,,,,,,,,,,,,,,,,,,,,,,,,,,,,,,,,,,,,,,,,,,,,,,,,,,,837,437,0,0.0,0.0,,Neutral
is more than,0.0,,,,,,,,,,,,,,,,,,,,,,,,,,,,,,,,,,,,,,,,,,,,,,,,,,,,,,716,235,0,0.0,0.0,,Neutral
is not,0.0,,,,,,,,,,,,,,,,,,,,,,,,,,,,,,,,,,,,,,,,,,,,,,,,,,,,,,991,1505,0,0.0,0.0,,Neutral
is protected,0.0,,,,,,,,,,,,,,,,,,,,,,,,,,,,,,,,,,,,,,,,,,,,,,,,,,,,,,690,108,0,0.0,0.0,,Neutral
is seen,0.0,,,,,,,,,,,,,,,,,,,,,,,,,,,,,,,,,,,,,,,,,,,,,,,,,,,,,,877,120,0,0.0,0.0,,Neutral
is that,0.0,,,,,,,,,,,,,,,,,,,,,,,,,,,,,,,,,,,,,,,,,,,,,,,,,,,,,,916,960,0,0.0,0.0,,Neutral
is the,0.0,,,,,,,,,,,,,,,,,,,,,,,,,,,,,,,,,,,,,,,,,,,,,,,,,,,,,,724,2280,0,0.0,0.0,,Neutral
island,0.0,,,,,,,,,,,,,,,,,,,,,,,,,,,,,,,,,,,,,,,,,,,,,,,,,,,,,,206,232,0,0.0,0.0,,Neutral
issued,0.0,,,,,,,,,,,,,,,,,,,,,,,,,,,,,,,,,,,,,,,,,,,,,,,,,,,,,,446,602,0,0.0,0.0,,Neutral
it from,0.0,,,,,,,,,,,,,,,,,,,,,,,,,,,,,,,,,,,,,,,,,,,,,,,,,,,,,,829,95,0,0.0,0.0,,Neutral
it is,0.0,,,,,,,,,,,,,,,,,,,,,,,,,,,,,,,,,,,,,,,,,,,,,,,,,,,,,,832,1842,0,0.0,0.0,,Neutral
it stands,0.0,,,,,,,,,,,,,,,,,,,,,,,,,,,,,,,,,,,,,,,,,,,,,,,,,,,,,,928,44,0,0.0,0.0,,Neutral
it without,0.0,,,,,,,,,,,,,,,,,,,,,,,,,,,,,,,,,,,,,,,,,,,,,,,,,,,,,,776,151,0,0.0,0.0,,Neutral
jobs,0.0,,,,,,,,,,,,,,,,,,,,,,,,,,,,,,,,,,,,,,,,,,,,,,,,,,,,,,289,1030,0,0.0,0.0,,Neutral
journalists,0.0,,,,,,,,,,,,,,,,,,,,,,,,,,,,,,,,,,,,,,,,,,,,,,,,,,,,,,566,228,0,0.0,0.0,,Neutral
know,0.0,,,,,,,,,,,,,,,,,,,,,,,,,,,,,,,,,,,,,,,,,,,,,,,,,,,,,,503,1039,0,0.0,0.0,,Neutral
land,0.0,,,,,,,,,,,,,,,,,,,,,,,,,,,,,,,,,,,,,,,,,,,,,,,,,,,,,,173,1006,0,0.0,0.0,,Neutral
lands,0.0,,,,,,,,,,,,,,,,,,,,,,,,,,,,,,,,,,,,,,,,,,,,,,,,,,,,,,226,701,0,0.0,0.0,,Neutral
large,0.0,,,,,,,,,,,,,,,,,,,,,,,,,,,,,,,,,,,,,,,,,,,,,,,,,,,,,,236,1374,0,0.0,0.0,,Neutral
largest,0.0,,,,,,,,,,,,,,,,,,,,,,,,,,,,,,,,,,,,,,,,,,,,,,,,,,,,,,447,2443,0,0.0,0.0,,Neutral
last,0.0,,,,,,,,,,,,,,,,,,,,,,,,,,,,,,,,,,,,,,,,,,,,,,,,,,,,,,190,4696,0,0.0,0.0,,Neutral
law,0.0,,,,,,,,,,,,,,,,,,,,,,,,,,,,,,,,,,,,,,,,,,,,,,,,,,,,,,256,1055,0,0.0,0.0,,Neutral
lawsuit,0.0,,,,,,,,,,,,,,,,,,,,,,,,,,,,,,,,,,,,,,,,,,,,,,,,,,,,,,311,459,0,0.0,0.0,,Neutral
lawsuits,0.0,,,,,,,,,,,,,,,,,,,,,,,,,,,,,,,,,,,,,,,,,,,,,,,,,,,,,,454,267,0,0.0,0.0,,Neutral
leaders,0.0,,,,,,,,,,,,,,,,,,,,,,,,,,,,,,,,,,,,,,,,,,,,,,,,,,,,,,371,673,0,0.0,0.0,,Neutral
lease,0.0,,,,,,,,,,,,,,,,,,,,,,,,,,,,,,,,,,,,,,,,,,,,,,,,,,,,,,241,347,0,0.0,0.0,,Neutral
leases,0.0,,,,,,,,,,,,,,,,,,,,,,,,,,,,,,,,,,,,,,,,,,,,,,,,,,,,,,523,386,0,0.0,0.0,,Neutral
leasing,0.0,,,,,,,,,,,,,,,,,,,,,,,,,,,,,,,,,,,,,,,,,,,,,,,,,,,,,,427,297,0,0.0,0.0,,Neutral
led,0.0,,,,,,,,,,,,,,,,,,,,,,,,,,,,,,,,,,,,,,,,,,,,,,,,,,,,,,498,1498,0,0.0,0.0,,Neutral
left,0.0,,,,,,,,,,,,,,,,,,,,,,,,,,,,,,,,,,,,,,,,,,,,,,,,,,,,,,620,906,0,0.0,0.0,,Neutral
legal,0.0,,,,,,,,,,,,,,,,,,,,,,,,,,,,,,,,,,,,,,,,,,,,,,,,,,,,,,497,781,0,0.0,0.0,,Neutral
legislation,0.0,,,,,,,,,,,,,,,,,,,,,,,,,,,,,,,,,,,,,,,,,,,,,,,,,,,,,,339,408,0,0.0,0.0,,Neutral
less,0.0,,,,,,,,,,,,,,,,,,,,,,,,,,,,,,,,,,,,,,,,,,,,,,,,,,,,,,307,1900,0,0.0,0.0,,Neutral
level,0.0,,,,,,,,,,,,,,,,,,,,,,,,,,,,,,,,,,,,,,,,,,,,,,,,,,,,,,556,1155,0,0.0,0.0,,Neutral
levels,0.0,,,,,,,,,,,,,,,,,,,,,,,,,,,,,,,,,,,,,,,,,,,,,,,,,,,,,,275,1254,0,0.0,0.0,,Neutral
likely,0.0,,,,,,,,,,,,,,,,,,,,,,,,,,,,,,,,,,,,,,,,,,,,,,,,,,,,,,513,1883,0,0.0,0.0,,Neutral
lobbying,460.0,6.0,4.0,0.0,0.0,0.0,1.0,3.0,0.0,5.0,1.0,0.0,1.0,2.0,0.0,2.0,66.0,0.0,5.0,111.0,6.0,115.0,0.0,2.0,3.0,1.0,40.0,2.0,0.0,7.0,0.0,1.0,1.0,0.0,2.0,0.0,5.0,1.0,0.0,1.0,0.0,3.0,0.0,1.0,2.0,2.0,1.0,0.0,5.0,3.0,0.0,16.0,27.0,6.0,1,460,1,1.0,1.0,-259.0,Left
local,0.0,,,,,,,,,,,,,,,,,,,,,,,,,,,,,,,,,,,,,,,,,,,,,,,,,,,,,,348,1006,0,0.0,0.0,,Neutral
long,0.0,,,,,,,,,,,,,,,,,,,,,,,,,,,,,,,,,,,,,,,,,,,,,,,,,,,,,,179,2606,0,0.0,0.0,,Neutral
long term,0.0,,,,,,,,,,,,,,,,,,,,,,,,,,,,,,,,,,,,,,,,,,,,,,,,,,,,,,305,580,0,0.0,0.0,,Neutral
low,0.0,,,,,,,,,,,,,,,,,,,,,,,,,,,,,,,,,,,,,,,,,,,,,,,,,,,,,,249,2097,0,0.0,0.0,,Neutral
lower,0.0,,,,,,,,,,,,,,,,,,,,,,,,,,,,,,,,,,,,,,,,,,,,,,,,,,,,,,247,1396,0,0.0,0.0,,Neutral
lowest,0.0,,,,,,,,,,,,,,,,,,,,,,,,,,,,,,,,,,,,,,,,,,,,,,,,,,,,,,342,572,0,0.0,0.0,,Neutral
m barrels,0.0,,,,,,,,,,,,,,,,,,,,,,,,,,,,,,,,,,,,,,,,,,,,,,,,,,,,,,666,290,0,0.0,0.0,,Neutral
m barrels a,0.0,,,,,,,,,,,,,,,,,,,,,,,,,,,,,,,,,,,,,,,,,,,,,,,,,,,,,,740,127,0,0.0,0.0,,Neutral
magazine,0.0,,,,,,,,,,,,,,,,,,,,,,,,,,,,,,,,,,,,,,,,,,,,,,,,,,,,,,591,39,0,0.0,0.0,,Neutral
main,0.0,,,,,,,,,,,,,,,,,,,,,,,,,,,,,,,,,,,,,,,,,,,,,,,,,,,,,,598,580,0,0.0,0.0,,Neutral
major,0.0,,,,,,,,,,,,,,,,,,,,,,,,,,,,,,,,,,,,,,,,,,,,,,,,,,,,,,345,2578,0,0.0,0.0,,Neutral
majors,0.0,,,,,,,,,,,,,,,,,,,,,,,,,,,,,,,,,,,,,,,,,,,,,,,,,,,,,,583,282,0,0.0,0.0,,Neutral
make,0.0,,,,,,,,,,,,,,,,,,,,,,,,,,,,,,,,,,,,,,,,,,,,,,,,,,,,,,578,2531,0,0.0,0.0,,Neutral
marine,0.0,,,,,,,,,,,,,,,,,,,,,,,,,,,,,,,,,,,,,,,,,,,,,,,,,,,,,,335,484,0,0.0,0.0,,Neutral
maritime,0.0,,,,,,,,,,,,,,,,,,,,,,,,,,,,,,,,,,,,,,,,,,,,,,,,,,,,,,499,372,0,0.0,0.0,,Neutral
market,0.0,,,,,,,,,,,,,,,,,,,,,,,,,,,,,,,,,,,,,,,,,,,,,,,,,,,,,,122,5926,0,0.0,0.0,,Neutral
market research,0.0,,,,,,,,,,,,,,,,,,,,,,,,,,,,,,,,,,,,,,,,,,,,,,,,,,,,,,402,92,0,0.0,0.0,,Neutral
markets,0.0,,,,,,,,,,,,,,,,,,,,,,,,,,,,,,,,,,,,,,,,,,,,,,,,,,,,,,184,2411,0,0.0,0.0,,Neutral
may be,0.0,,,,,,,,,,,,,,,,,,,,,,,,,,,,,,,,,,,,,,,,,,,,,,,,,,,,,,930,744,0,0.0,0.0,,Neutral
measure,0.0,,,,,,,,,,,,,,,,,,,,,,,,,,,,,,,,,,,,,,,,,,,,,,,,,,,,,,334,391,0,0.0,0.0,,Neutral
measures,0.0,,,,,,,,,,,,,,,,,,,,,,,,,,,,,,,,,,,,,,,,,,,,,,,,,,,,,,377,733,0,0.0,0.0,,Neutral
media,0.0,,,,,,,,,,,,,,,,,,,,,,,,,,,,,,,,,,,,,,,,,,,,,,,,,,,,,,570,644,0,0.0,0.0,,Neutral
meet,0.0,,,,,,,,,,,,,,,,,,,,,,,,,,,,,,,,,,,,,,,,,,,,,,,,,,,,,,451,778,0,0.0,0.0,,Neutral
meeting,0.0,,,,,,,,,,,,,,,,,,,,,,,,,,,,,,,,,,,,,,,,,,,,,,,,,,,,,,161,1548,0,0.0,0.0,,Neutral
members,0.0,,,,,,,,,,,,,,,,,,,,,,,,,,,,,,,,,,,,,,,,,,,,,,,,,,,,,,557,1216,0,0.0,0.0,,Neutral
might,0.0,,,,,,,,,,,,,,,,,,,,,,,,,,,,,,,,,,,,,,,,,,,,,,,,,,,,,,356,1235,0,0.0,0.0,,Neutral
miles,0.0,,,,,,,,,,,,,,,,,,,,,,,,,,,,,,,,,,,,,,,,,,,,,,,,,,,,,,321,796,0,0.0,0.0,,Neutral
military,0.0,,,,,,,,,,,,,,,,,,,,,,,,,,,,,,,,,,,,,,,,,,,,,,,,,,,,,,131,1641,0,0.0,0.0,,Neutral
million,0.0,,,,,,,,,,,,,,,,,,,,,,,,,,,,,,,,,,,,,,,,,,,,,,,,,,,,,,125,7601,0,0.0,0.0,,Neutral
million barrels,0.0,,,,,,,,,,,,,,,,,,,,,,,,,,,,,,,,,,,,,,,,,,,,,,,,,,,,,,130,3794,0,0.0,0.0,,Neutral
million barrels a,0.0,,,,,,,,,,,,,,,,,,,,,,,,,,,,,,,,,,,,,,,,,,,,,,,,,,,,,,720,1053,0,0.0,0.0,,Neutral
million barrels of,0.0,,,,,,,,,,,,,,,,,,,,,,,,,,,,,,,,,,,,,,,,,,,,,,,,,,,,,,881,781,0,0.0,0.0,,Neutral
million barrels per,0.0,,,,,,,,,,,,,,,,,,,,,,,,,,,,,,,,,,,,,,,,,,,,,,,,,,,,,,149,1232,0,0.0,0.0,,Neutral
million bpd,0.0,,,,,,,,,,,,,,,,,,,,,,,,,,,,,,,,,,,,,,,,,,,,,,,,,,,,,,136,764,0,0.0,0.0,,Neutral
million bpd in,0.0,,,,,,,,,,,,,,,,,,,,,,,,,,,,,,,,,,,,,,,,,,,,,,,,,,,,,,915,160,0,0.0,0.0,,Neutral
million liters,0.0,,,,,,,,,,,,,,,,,,,,,,,,,,,,,,,,,,,,,,,,,,,,,,,,,,,,,,409,26,0,0.0,0.0,,Neutral
minister,0.0,,,,,,,,,,,,,,,,,,,,,,,,,,,,,,,,,,,,,,,,,,,,,,,,,,,,,,613,825,0,0.0,0.0,,Neutral
mission,0.0,,,,,,,,,,,,,,,,,,,,,,,,,,,,,,,,,,,,,,,,,,,,,,,,,,,,,,579,192,0,0.0,0.0,,Neutral
money,0.0,,,,,,,,,,,,,,,,,,,,,,,,,,,,,,,,,,,,,,,,,,,,,,,,,,,,,,254,1591,0,0.0,0.0,,Neutral
month,0.0,,,,,,,,,,,,,,,,,,,,,,,,,,,,,,,,,,,,,,,,,,,,,,,,,,,,,,207,2484,0,0.0,0.0,,Neutral
months,0.0,,,,,,,,,,,,,,,,,,,,,,,,,,,,,,,,,,,,,,,,,,,,,,,,,,,,,,299,1967,0,0.0,0.0,,Neutral
more than,0.0,,,,,,,,,,,,,,,,,,,,,,,,,,,,,,,,,,,,,,,,,,,,,,,,,,,,,,689,3836,0,0.0,0.0,,Neutral
morning,0.0,,,,,,,,,,,,,,,,,,,,,,,,,,,,,,,,,,,,,,,,,,,,,,,,,,,,,,492,478,0,0.0,0.0,,Neutral
motorists,0.0,,,,,,,,,,,,,,,,,,,,,,,,,,,,,,,,,,,,,,,,,,,,,,,,,,,,,,69,179,1,1.0,0.0,,Neutral
much,0.0,,,,,,,,,,,,,,,,,,,,,,,,,,,,,,,,,,,,,,,,,,,,,,,,,,,,,,246,3481,0,0.0,0.0,,Neutral
must,0.0,,,,,,,,,,,,,,,,,,,,,,,,,,,,,,,,,,,,,,,,,,,,,,,,,,,,,,383,1192,0,0.0,0.0,,Neutral
national,0.0,,,,,,,,,,,,,,,,,,,,,,,,,,,,,,,,,,,,,,,,,,,,,,,,,,,,,,442,1335,0,0.0,0.0,,Neutral
nations,0.0,,,,,,,,,,,,,,,,,,,,,,,,,,,,,,,,,,,,,,,,,,,,,,,,,,,,,,487,1556,0,0.0,0.0,,Neutral
natural gas,0.0,,,,,,,,,,,,,,,,,,,,,,,,,,,,,,,,,,,,,,,,,,,,,,,,,,,,,,85,1552,1,1.0,0.0,,Neutral
near,0.0,,,,,,,,,,,,,,,,,,,,,,,,,,,,,,,,,,,,,,,,,,,,,,,,,,,,,,526,1372,0,0.0,0.0,,Neutral
nearly,0.0,,,,,,,,,,,,,,,,,,,,,,,,,,,,,,,,,,,,,,,,,,,,,,,,,,,,,,379,1521,0,0.0,0.0,,Neutral
need,0.0,,,,,,,,,,,,,,,,,,,,,,,,,,,,,,,,,,,,,,,,,,,,,,,,,,,,,,548,1880,0,0.0,0.0,,Neutral
needs,0.0,,,,,,,,,,,,,,,,,,,,,,,,,,,,,,,,,,,,,,,,,,,,,,,,,,,,,,541,1041,0,0.0,0.0,,Neutral
negative,0.0,,,,,,,,,,,,,,,,,,,,,,,,,,,,,,,,,,,,,,,,,,,,,,,,,,,,,,313,862,0,0.0,0.0,,Neutral
new oil,0.0,,,,,,,,,,,,,,,,,,,,,,,,,,,,,,,,,,,,,,,,,,,,,,,,,,,,,,428,354,0,0.0,0.0,,Neutral
new oil and,0.0,,,,,,,,,,,,,,,,,,,,,,,,,,,,,,,,,,,,,,,,,,,,,,,,,,,,,,850,184,0,0.0,0.0,,Neutral
news and,0.0,,,,,,,,,,,,,,,,,,,,,,,,,,,,,,,,,,,,,,,,,,,,,,,,,,,,,,656,207,0,0.0,0.0,,Neutral
next,0.0,,,,,,,,,,,,,,,,,,,,,,,,,,,,,,,,,,,,,,,,,,,,,,,,,,,,,,238,1929,0,0.0,0.0,,Neutral
next year,0.0,,,,,,,,,,,,,,,,,,,,,,,,,,,,,,,,,,,,,,,,,,,,,,,,,,,,,,495,399,0,0.0,0.0,,Neutral
note,0.0,,,,,,,,,,,,,,,,,,,,,,,,,,,,,,,,,,,,,,,,,,,,,,,,,,,,,,422,414,0,0.0,0.0,,Neutral
notes,0.0,,,,,,,,,,,,,,,,,,,,,,,,,,,,,,,,,,,,,,,,,,,,,,,,,,,,,,595,175,0,0.0,0.0,,Neutral
notice,0.0,,,,,,,,,,,,,,,,,,,,,,,,,,,,,,,,,,,,,,,,,,,,,,,,,,,,,,538,121,0,0.0,0.0,,Neutral
nuclear,0.0,,,,,,,,,,,,,,,,,,,,,,,,,,,,,,,,,,,,,,,,,,,,,,,,,,,,,,94,1087,1,1.0,0.0,,Neutral
nuclear deal,0.0,,,,,,,,,,,,,,,,,,,,,,,,,,,,,,,,,,,,,,,,,,,,,,,,,,,,,,609,484,0,0.0,0.0,,Neutral
of Mauritius,0.0,,,,,,,,,,,,,,,,,,,,,,,,,,,,,,,,,,,,,,,,,,,,,,,,,,,,,,726,63,0,0.0,0.0,,Neutral
of US,0.0,,,,,,,,,,,,,,,,,,,,,,,,,,,,,,,,,,,,,,,,,,,,,,,,,,,,,,840,425,0,0.0,0.0,,Neutral
of United States,0.0,,,,,,,,,,,,,,,,,,,,,,,,,,,,,,,,,,,,,,,,,,,,,,,,,,,,,,870,531,0,0.0,0.0,,Neutral
of Venezuela,0.0,,,,,,,,,,,,,,,,,,,,,,,,,,,,,,,,,,,,,,,,,,,,,,,,,,,,,,942,132,0,0.0,0.0,,Neutral
of Venezuelas,0.0,,,,,,,,,,,,,,,,,,,,,,,,,,,,,,,,,,,,,,,,,,,,,,,,,,,,,,900,129,0,0.0,0.0,,Neutral
of a,0.0,,,,,,,,,,,,,,,,,,,,,,,,,,,,,,,,,,,,,,,,,,,,,,,,,,,,,,834,3465,0,0.0,0.0,,Neutral
of a barrel,0.0,,,,,,,,,,,,,,,,,,,,,,,,,,,,,,,,,,,,,,,,,,,,,,,,,,,,,,715,328,0,0.0,0.0,,Neutral
of climate,0.0,,,,,,,,,,,,,,,,,,,,,,,,,,,,,,,,,,,,,,,,,,,,,,,,,,,,,,823,525,0,0.0,0.0,,Neutral
of crude,0.0,,,,,,,,,,,,,,,,,,,,,,,,,,,,,,,,,,,,,,,,,,,,,,,,,,,,,,889,1246,0,0.0,0.0,,Neutral
of fossil,0.0,,,,,,,,,,,,,,,,,,,,,,,,,,,,,,,,,,,,,,,,,,,,,,,,,,,,,,815,408,0,0.0,0.0,,Neutral
of fuel,0.0,,,,,,,,,,,,,,,,,,,,,,,,,,,,,,,,,,,,,,,,,,,,,,,,,,,,,,836,315,0,0.0,0.0,,Neutral
of its,0.0,,,,,,,,,,,,,,,,,,,,,,,,,,,,,,,,,,,,,,,,,,,,,,,,,,,,,,927,1746,0,0.0,0.0,,Neutral
of million,0.0,,,,,,,,,,,,,,,,,,,,,,,,,,,,,,,,,,,,,,,,,,,,,,,,,,,,,,784,618,0,0.0,0.0,,Neutral
of oil,0.0,,,,,,,,,,,,,,,,,,,,,,,,,,,,,,,,,,,,,,,,,,,,,,,,,,,,,,698,4823,0,0.0,0.0,,Neutral
of oil and,0.0,,,,,,,,,,,,,,,,,,,,,,,,,,,,,,,,,,,,,,,,,,,,,,,,,,,,,,979,722,0,0.0,0.0,,Neutral
of our,0.0,,,,,,,,,,,,,,,,,,,,,,,,,,,,,,,,,,,,,,,,,,,,,,,,,,,,,,695,954,0,0.0,0.0,,Neutral
of petrol,0.0,,,,,,,,,,,,,,,,,,,,,,,,,,,,,,,,,,,,,,,,,,,,,,,,,,,,,,721,107,0,0.0,0.0,,Neutral
of the Petroleum,0.0,,,,,,,,,,,,,,,,,,,,,,,,,,,,,,,,,,,,,,,,,,,,,,,,,,,,,,791,543,0,0.0,0.0,,Neutral
of the US,0.0,,,,,,,,,,,,,,,,,,,,,,,,,,,,,,,,,,,,,,,,,,,,,,,,,,,,,,948,247,0,0.0,0.0,,Neutral
of the year,0.0,,,,,,,,,,,,,,,,,,,,,,,,,,,,,,,,,,,,,,,,,,,,,,,,,,,,,,839,489,0,0.0,0.0,,Neutral
of this,0.0,,,,,,,,,,,,,,,,,,,,,,,,,,,,,,,,,,,,,,,,,,,,,,,,,,,,,,962,1100,0,0.0,0.0,,Neutral
of use,0.0,,,,,,,,,,,,,,,,,,,,,,,,,,,,,,,,,,,,,,,,,,,,,,,,,,,,,,898,65,0,0.0,0.0,,Neutral
off the,0.0,,,,,,,,,,,,,,,,,,,,,,,,,,,,,,,,,,,,,,,,,,,,,,,,,,,,,,792,1150,0,0.0,0.0,,Neutral
off with,0.0,,,,,,,,,,,,,,,,,,,,,,,,,,,,,,,,,,,,,,,,,,,,,,,,,,,,,,756,62,0,0.0,0.0,,Neutral
office,0.0,,,,,,,,,,,,,,,,,,,,,,,,,,,,,,,,,,,,,,,,,,,,,,,,,,,,,,546,655,0,0.0,0.0,,Neutral
official,0.0,,,,,,,,,,,,,,,,,,,,,,,,,,,,,,,,,,,,,,,,,,,,,,,,,,,,,,568,1062,0,0.0,0.0,,Neutral
officials,0.0,,,,,,,,,,,,,,,,,,,,,,,,,,,,,,,,,,,,,,,,,,,,,,,,,,,,,,213,1910,0,0.0,0.0,,Neutral
offshore,0.0,,,,,,,,,,,,,,,,,,,,,,,,,,,,,,,,,,,,,,,,,,,,,,,,,,,,,,99,1740,1,0.0,0.0,,Neutral
offshore drilling,550.0,1.0,8.0,0.0,0.0,8.0,6.0,4.0,0.0,2.0,0.0,0.0,0.0,5.0,1.0,35.0,130.0,0.0,11.0,12.0,41.0,31.0,3.0,1.0,8.0,0.0,16.0,20.0,0.0,3.0,1.0,0.0,4.0,1.0,28.0,0.0,16.0,2.0,17.0,0.0,2.0,17.0,1.0,0.0,3.0,2.0,1.0,0.0,0.0,20.0,1.0,2.0,66.0,17.0,11,550,1,1.0,1.0,-253.0,Left
oil,0.0,,,,,,,,,,,,,,,,,,,,,,,,,,,,,,,,,,,,,,,,,,,,,,,,,,,,,,101,51941,1,0.0,0.0,,Neutral
oil and gas,5041.0,88.0,38.0,1.0,3.0,60.0,6.0,52.0,14.0,171.0,71.0,16.0,5.0,11.0,48.0,168.0,703.0,7.0,137.0,178.0,258.0,269.0,25.0,62.0,53.0,38.0,368.0,60.0,15.0,64.0,13.0,21.0,99.0,33.0,93.0,11.0,138.0,51.0,96.0,15.0,16.0,174.0,26.0,62.0,200.0,18.0,13.0,11.0,42.0,71.0,28.0,104.0,454.0,231.0,23,5041,1,1.0,1.0,-1511.0,Left
oil companies,1572.0,40.0,13.0,10.0,1.0,4.0,2.0,5.0,7.0,11.0,29.0,1.0,2.0,6.0,5.0,177.0,113.0,3.0,33.0,40.0,79.0,73.0,21.0,49.0,6.0,16.0,98.0,11.0,3.0,5.0,5.0,25.0,20.0,7.0,34.0,15.0,37.0,14.0,48.0,2.0,7.0,26.0,1.0,58.0,56.0,10.0,3.0,3.0,14.0,28.0,10.0,32.0,142.0,99.0,15,1572,1,1.0,1.0,-463.0,Left
oil demand,931.0,21.0,1.0,0.0,0.0,3.0,0.0,14.0,6.0,20.0,56.0,0.0,0.0,2.0,39.0,79.0,12.0,2.0,13.0,0.0,7.0,11.0,16.0,30.0,3.0,1.0,64.0,0.0,31.0,0.0,0.0,1.0,0.0,0.0,1.0,6.0,13.0,7.0,9.0,0.0,0.0,11.0,0.0,66.0,135.0,0.0,0.0,0.0,3.0,7.0,1.0,4.0,96.0,137.0,2,931,1,1.0,1.0,61.0,Right
oil fields,421.0,15.0,15.0,8.0,1.0,6.0,0.0,0.0,3.0,18.0,0.0,0.0,0.0,4.0,0.0,9.0,22.0,16.0,2.0,8.0,5.0,3.0,1.0,3.0,9.0,16.0,11.0,0.0,1.0,0.0,14.0,5.0,2.0,1.0,4.0,5.0,37.0,5.0,24.0,0.0,10.0,17.0,0.0,7.0,36.0,0.0,4.0,2.0,4.0,8.0,1.0,2.0,44.0,13.0,14,421,1,1.0,1.0,-42.0,Left
oil industry,1591.0,39.0,9.0,13.0,1.0,9.0,5.0,7.0,6.0,36.0,16.0,2.0,2.0,13.0,8.0,143.0,106.0,0.0,34.0,96.0,46.0,120.0,6.0,17.0,19.0,6.0,77.0,7.0,22.0,5.0,11.0,18.0,7.0,14.0,27.0,11.0,56.0,12.0,58.0,3.0,14.0,39.0,7.0,60.0,115.0,5.0,2.0,1.0,21.0,41.0,14.0,7.0,100.0,73.0,3,1591,1,1.0,1.0,-332.0,Left
oil is,0.0,,,,,,,,,,,,,,,,,,,,,,,,,,,,,,,,,,,,,,,,,,,,,,,,,,,,,,891,709,0,0.0,0.0,,Neutral
oil market,1199.0,42.0,8.0,2.0,0.0,0.0,0.0,0.0,13.0,41.0,30.0,0.0,0.0,8.0,6.0,159.0,9.0,2.0,16.0,5.0,12.0,0.0,18.0,16.0,8.0,14.0,73.0,0.0,27.0,0.0,8.0,2.0,3.0,5.0,44.0,7.0,19.0,6.0,11.0,0.0,7.0,24.0,0.0,41.0,296.0,5.0,4.0,7.0,1.0,11.0,4.0,10.0,89.0,84.0,10,1199,1,1.0,1.0,97.0,Right
oil markets,0.0,,,,,,,,,,,,,,,,,,,,,,,,,,,,,,,,,,,,,,,,,,,,,,,,,,,,,,643,660,0,0.0,0.0,,Neutral
oil price,1096.0,58.0,12.0,10.0,0.0,3.0,0.0,2.0,13.0,16.0,33.0,1.0,0.0,8.0,5.0,39.0,19.0,0.0,18.0,18.0,4.0,3.0,75.0,54.0,6.0,2.0,124.0,0.0,10.0,0.0,7.0,5.0,1.0,2.0,12.0,5.0,13.0,5.0,8.0,0.0,3.0,17.0,2.0,67.0,174.0,0.0,15.0,3.0,4.0,15.0,0.0,5.0,62.0,129.0,5,1096,1,1.0,1.0,68.0,Right
oil prices,0.0,,,,,,,,,,,,,,,,,,,,,,,,,,,,,,,,,,,,,,,,,,,,,,,,,,,,,,110,3937,1,0.0,0.0,,Neutral
oil producers,1035.0,60.0,11.0,19.0,0.0,3.0,1.0,0.0,13.0,28.0,11.0,1.0,0.0,2.0,7.0,63.0,17.0,0.0,15.0,17.0,14.0,7.0,15.0,34.0,11.0,7.0,51.0,0.0,25.0,1.0,4.0,5.0,2.0,10.0,10.0,5.0,20.0,13.0,32.0,0.0,7.0,34.0,2.0,141.0,124.0,6.0,8.0,0.0,3.0,11.0,0.0,1.0,108.0,52.0,12,1035,1,1.0,1.0,-43.0,Left
oil production,2168.0,71.0,11.0,40.0,2.0,11.0,5.0,9.0,10.0,40.0,46.0,1.0,5.0,18.0,15.0,140.0,43.0,4.0,46.0,28.0,117.0,27.0,16.0,24.0,30.0,15.0,89.0,4.0,30.0,6.0,18.0,21.0,6.0,13.0,32.0,20.0,54.0,30.0,44.0,2.0,17.0,42.0,10.0,74.0,282.0,13.0,16.0,7.0,17.0,191.0,3.0,22.0,177.0,140.0,25,2168,1,1.0,1.0,85.0,Right
oil spill,718.0,15.0,2.0,0.0,0.0,34.0,2.0,0.0,30.0,14.0,2.0,1.0,0.0,15.0,0.0,110.0,86.0,0.0,42.0,7.0,13.0,9.0,7.0,0.0,14.0,1.0,76.0,10.0,1.0,0.0,0.0,2.0,6.0,0.0,19.0,0.0,39.0,11.0,15.0,5.0,1.0,26.0,4.0,1.0,7.0,0.0,5.0,2.0,7.0,13.0,3.0,9.0,46.0,4.0,9,718,1,1.0,1.0,-330.0,Left
oil tanker,0.0,,,,,,,,,,,,,,,,,,,,,,,,,,,,,,,,,,,,,,,,,,,,,,,,,,,,,,418,518,0,0.0,0.0,,Neutral
oil tankers,423.0,34.0,2.0,0.0,3.0,11.0,0.0,0.0,1.0,2.0,0.0,0.0,1.0,23.0,2.0,13.0,11.0,2.0,11.0,6.0,8.0,1.0,10.0,7.0,32.0,12.0,40.0,0.0,8.0,0.0,4.0,3.0,1.0,1.0,8.0,0.0,6.0,16.0,13.0,0.0,2.0,15.0,1.0,1.0,26.0,1.0,0.0,5.0,14.0,24.0,1.0,6.0,22.0,13.0,22,423,1,1.0,1.0,-34.0,Left
oils,0.0,,,,,,,,,,,,,,,,,,,,,,,,,,,,,,,,,,,,,,,,,,,,,,,,,,,,,,479,194,0,0.0,0.0,,Neutral
oily,0.0,,,,,,,,,,,,,,,,,,,,,,,,,,,,,,,,,,,,,,,,,,,,,,,,,,,,,,612,38,0,0.0,0.0,,Neutral
old,0.0,,,,,,,,,,,,,,,,,,,,,,,,,,,,,,,,,,,,,,,,,,,,,,,,,,,,,,517,725,0,0.0,0.0,,Neutral
on April,0.0,,,,,,,,,,,,,,,,,,,,,,,,,,,,,,,,,,,,,,,,,,,,,,,,,,,,,,774,257,0,0.0,0.0,,Neutral
on Facebook,0.0,,,,,,,,,,,,,,,,,,,,,,,,,,,,,,,,,,,,,,,,,,,,,,,,,,,,,,939,105,0,0.0,0.0,,Neutral
on Facebook and,0.0,,,,,,,,,,,,,,,,,,,,,,,,,,,,,,,,,,,,,,,,,,,,,,,,,,,,,,874,72,0,0.0,0.0,,Neutral
on Friday,0.0,,,,,,,,,,,,,,,,,,,,,,,,,,,,,,,,,,,,,,,,,,,,,,,,,,,,,,768,824,0,0.0,0.0,,Neutral
on Monday,0.0,,,,,,,,,,,,,,,,,,,,,,,,,,,,,,,,,,,,,,,,,,,,,,,,,,,,,,699,1032,0,0.0,0.0,,Neutral
on Thursday,0.0,,,,,,,,,,,,,,,,,,,,,,,,,,,,,,,,,,,,,,,,,,,,,,,,,,,,,,729,814,0,0.0,0.0,,Neutral
on Tuesday,0.0,,,,,,,,,,,,,,,,,,,,,,,,,,,,,,,,,,,,,,,,,,,,,,,,,,,,,,783,763,0,0.0,0.0,,Neutral
on Twitter,0.0,,,,,,,,,,,,,,,,,,,,,,,,,,,,,,,,,,,,,,,,,,,,,,,,,,,,,,833,458,0,0.0,0.0,,Neutral
on Wednesday,0.0,,,,,,,,,,,,,,,,,,,,,,,,,,,,,,,,,,,,,,,,,,,,,,,,,,,,,,797,687,0,0.0,0.0,,Neutral
on climate,0.0,,,,,,,,,,,,,,,,,,,,,,,,,,,,,,,,,,,,,,,,,,,,,,,,,,,,,,875,245,0,0.0,0.0,,Neutral
on federal,0.0,,,,,,,,,,,,,,,,,,,,,,,,,,,,,,,,,,,,,,,,,,,,,,,,,,,,,,971,203,0,0.0,0.0,,Neutral
on my,0.0,,,,,,,,,,,,,,,,,,,,,,,,,,,,,,,,,,,,,,,,,,,,,,,,,,,,,,947,30,0,0.0,0.0,,Neutral
on the,0.0,,,,,,,,,,,,,,,,,,,,,,,,,,,,,,,,,,,,,,,,,,,,,,,,,,,,,,758,6688,0,0.0,0.0,,Neutral
on the coronavirus,0.0,,,,,,,,,,,,,,,,,,,,,,,,,,,,,,,,,,,,,,,,,,,,,,,,,,,,,,856,50,0,0.0,0.0,,Neutral
one,0.0,,,,,,,,,,,,,,,,,,,,,,,,,,,,,,,,,,,,,,,,,,,,,,,,,,,,,,224,5314,0,0.0,0.0,,Neutral
one of the,0.0,,,,,,,,,,,,,,,,,,,,,,,,,,,,,,,,,,,,,,,,,,,,,,,,,,,,,,996,1220,0,0.0,0.0,,Neutral
operations,0.0,,,,,,,,,,,,,,,,,,,,,,,,,,,,,,,,,,,,,,,,,,,,,,,,,,,,,,589,1035,0,0.0,0.0,,Neutral
opportunities,0.0,,,,,,,,,,,,,,,,,,,,,,,,,,,,,,,,,,,,,,,,,,,,,,,,,,,,,,152,430,0,0.0,0.0,,Neutral
opposition,0.0,,,,,,,,,,,,,,,,,,,,,,,,,,,,,,,,,,,,,,,,,,,,,,,,,,,,,,364,645,0,0.0,0.0,,Neutral
order,0.0,,,,,,,,,,,,,,,,,,,,,,,,,,,,,,,,,,,,,,,,,,,,,,,,,,,,,,303,1057,0,0.0,0.0,,Neutral
original,0.0,,,,,,,,,,,,,,,,,,,,,,,,,,,,,,,,,,,,,,,,,,,,,,,,,,,,,,159,359,0,0.0,0.0,,Neutral
originally published on,0.0,,,,,,,,,,,,,,,,,,,,,,,,,,,,,,,,,,,,,,,,,,,,,,,,,,,,,,737,196,0,0.0,0.0,,Neutral
orphan,0.0,,,,,,,,,,,,,,,,,,,,,,,,,,,,,,,,,,,,,,,,,,,,,,,,,,,,,,419,34,0,0.0,0.0,,Neutral
our best,0.0,,,,,,,,,,,,,,,,,,,,,,,,,,,,,,,,,,,,,,,,,,,,,,,,,,,,,,825,152,0,0.0,0.0,,Neutral
our democracy,0.0,,,,,,,,,,,,,,,,,,,,,,,,,,,,,,,,,,,,,,,,,,,,,,,,,,,,,,786,162,0,0.0,0.0,,Neutral
out of,0.0,,,,,,,,,,,,,,,,,,,,,,,,,,,,,,,,,,,,,,,,,,,,,,,,,,,,,,835,1848,0,0.0,0.0,,Neutral
outbreak,0.0,,,,,,,,,,,,,,,,,,,,,,,,,,,,,,,,,,,,,,,,,,,,,,,,,,,,,,455,505,0,0.0,0.0,,Neutral
outlook,0.0,,,,,,,,,,,,,,,,,,,,,,,,,,,,,,,,,,,,,,,,,,,,,,,,,,,,,,218,280,0,0.0,0.0,,Neutral
outlook for,0.0,,,,,,,,,,,,,,,,,,,,,,,,,,,,,,,,,,,,,,,,,,,,,,,,,,,,,,987,89,0,0.0,0.0,,Neutral
output,0.0,,,,,,,,,,,,,,,,,,,,,,,,,,,,,,,,,,,,,,,,,,,,,,,,,,,,,,124,2933,0,0.0,0.0,,Neutral
output cuts,0.0,,,,,,,,,,,,,,,,,,,,,,,,,,,,,,,,,,,,,,,,,,,,,,,,,,,,,,434,261,0,0.0,0.0,,Neutral
p a liter,0.0,,,,,,,,,,,,,,,,,,,,,,,,,,,,,,,,,,,,,,,,,,,,,,,,,,,,,,704,100,0,0.0,0.0,,Neutral
palm oil,0.0,,,,,,,,,,,,,,,,,,,,,,,,,,,,,,,,,,,,,,,,,,,,,,,,,,,,,,60,150,1,1.0,0.0,,Neutral
pandemic,0.0,,,,,,,,,,,,,,,,,,,,,,,,,,,,,,,,,,,,,,,,,,,,,,,,,,,,,,133,2078,0,0.0,0.0,,Neutral
parliament,0.0,,,,,,,,,,,,,,,,,,,,,,,,,,,,,,,,,,,,,,,,,,,,,,,,,,,,,,273,83,0,0.0,0.0,,Neutral
pay,0.0,,,,,,,,,,,,,,,,,,,,,,,,,,,,,,,,,,,,,,,,,,,,,,,,,,,,,,410,1280,0,0.0,0.0,,Neutral
pending,0.0,,,,,,,,,,,,,,,,,,,,,,,,,,,,,,,,,,,,,,,,,,,,,,,,,,,,,,359,108,0,0.0,0.0,,Neutral
per barrel,0.0,,,,,,,,,,,,,,,,,,,,,,,,,,,,,,,,,,,,,,,,,,,,,,,,,,,,,,189,1033,0,0.0,0.0,,Neutral
per day bpd,0.0,,,,,,,,,,,,,,,,,,,,,,,,,,,,,,,,,,,,,,,,,,,,,,,,,,,,,,936,233,0,0.0,0.0,,Neutral
per gallon,0.0,,,,,,,,,,,,,,,,,,,,,,,,,,,,,,,,,,,,,,,,,,,,,,,,,,,,,,166,355,0,0.0,0.0,,Neutral
per liter,0.0,,,,,,,,,,,,,,,,,,,,,,,,,,,,,,,,,,,,,,,,,,,,,,,,,,,,,,194,116,0,0.0,0.0,,Neutral
percent of,0.0,,,,,,,,,,,,,,,,,,,,,,,,,,,,,,,,,,,,,,,,,,,,,,,,,,,,,,694,1160,0,0.0,0.0,,Neutral
permissions,0.0,,,,,,,,,,,,,,,,,,,,,,,,,,,,,,,,,,,,,,,,,,,,,,,,,,,,,,544,68,0,0.0,0.0,,Neutral
permits,0.0,,,,,,,,,,,,,,,,,,,,,,,,,,,,,,,,,,,,,,,,,,,,,,,,,,,,,,57,702,1,1.0,0.0,,Neutral
petrol,0.0,,,,,,,,,,,,,,,,,,,,,,,,,,,,,,,,,,,,,,,,,,,,,,,,,,,,,,26,485,1,1.0,0.0,,Neutral
petrol prices,0.0,,,,,,,,,,,,,,,,,,,,,,,,,,,,,,,,,,,,,,,,,,,,,,,,,,,,,,430,73,0,0.0,0.0,,Neutral
petroleum,0.0,,,,,,,,,,,,,,,,,,,,,,,,,,,,,,,,,,,,,,,,,,,,,,,,,,,,,,88,1108,1,1.0,0.0,,Neutral
photo,0.0,,,,,,,,,,,,,,,,,,,,,,,,,,,,,,,,,,,,,,,,,,,,,,,,,,,,,,202,129,0,0.0,0.0,,Neutral
picture,0.0,,,,,,,,,,,,,,,,,,,,,,,,,,,,,,,,,,,,,,,,,,,,,,,,,,,,,,154,207,0,0.0,0.0,,Neutral
pipeline,2852.0,101.0,13.0,4.0,0.0,63.0,0.0,3.0,19.0,161.0,8.0,5.0,14.0,14.0,4.0,47.0,496.0,9.0,90.0,20.0,134.0,53.0,17.0,36.0,75.0,49.0,183.0,14.0,17.0,73.0,6.0,72.0,25.0,4.0,44.0,27.0,96.0,69.0,48.0,14.0,1.0,85.0,27.0,21.0,196.0,11.0,9.0,8.0,15.0,75.0,18.0,11.0,187.0,43.0,0,2852,1,1.0,1.0,-502.0,Left
pipelines,0.0,,,,,,,,,,,,,,,,,,,,,,,,,,,,,,,,,,,,,,,,,,,,,,,,,,,,,,117,1053,1,0.0,0.0,,Neutral
plan,0.0,,,,,,,,,,,,,,,,,,,,,,,,,,,,,,,,,,,,,,,,,,,,,,,,,,,,,,412,1551,0,0.0,0.0,,Neutral
planet,0.0,,,,,,,,,,,,,,,,,,,,,,,,,,,,,,,,,,,,,,,,,,,,,,,,,,,,,,318,501,0,0.0,0.0,,Neutral
plans,0.0,,,,,,,,,,,,,,,,,,,,,,,,,,,,,,,,,,,,,,,,,,,,,,,,,,,,,,360,1243,0,0.0,0.0,,Neutral
plant,0.0,,,,,,,,,,,,,,,,,,,,,,,,,,,,,,,,,,,,,,,,,,,,,,,,,,,,,,533,379,0,0.0,0.0,,Neutral
plastic,0.0,,,,,,,,,,,,,,,,,,,,,,,,,,,,,,,,,,,,,,,,,,,,,,,,,,,,,,551,263,0,0.0,0.0,,Neutral
plastics,0.0,,,,,,,,,,,,,,,,,,,,,,,,,,,,,,,,,,,,,,,,,,,,,,,,,,,,,,373,232,0,0.0,0.0,,Neutral
policies,0.0,,,,,,,,,,,,,,,,,,,,,,,,,,,,,,,,,,,,,,,,,,,,,,,,,,,,,,234,671,0,0.0,0.0,,Neutral
policy,0.0,,,,,,,,,,,,,,,,,,,,,,,,,,,,,,,,,,,,,,,,,,,,,,,,,,,,,,157,1732,0,0.0,0.0,,Neutral
political,0.0,,,,,,,,,,,,,,,,,,,,,,,,,,,,,,,,,,,,,,,,,,,,,,,,,,,,,,216,1426,0,0.0,0.0,,Neutral
pollution,0.0,,,,,,,,,,,,,,,,,,,,,,,,,,,,,,,,,,,,,,,,,,,,,,,,,,,,,,91,716,1,1.0,0.0,,Neutral
posts,0.0,,,,,,,,,,,,,,,,,,,,,,,,,,,,,,,,,,,,,,,,,,,,,,,,,,,,,,355,45,0,0.0,0.0,,Neutral
power,0.0,,,,,,,,,,,,,,,,,,,,,,,,,,,,,,,,,,,,,,,,,,,,,,,,,,,,,,381,1523,0,0.0,0.0,,Neutral
president,0.0,,,,,,,,,,,,,,,,,,,,,,,,,,,,,,,,,,,,,,,,,,,,,,,,,,,,,,341,1736,0,0.0,0.0,,Neutral
pressure,0.0,,,,,,,,,,,,,,,,,,,,,,,,,,,,,,,,,,,,,,,,,,,,,,,,,,,,,,509,1555,0,0.0,0.0,,Neutral
price,0.0,,,,,,,,,,,,,,,,,,,,,,,,,,,,,,,,,,,,,,,,,,,,,,,,,,,,,,123,5740,0,0.0,0.0,,Neutral
price of,0.0,,,,,,,,,,,,,,,,,,,,,,,,,,,,,,,,,,,,,,,,,,,,,,,,,,,,,,672,1513,0,0.0,0.0,,Neutral
price of oil,0.0,,,,,,,,,,,,,,,,,,,,,,,,,,,,,,,,,,,,,,,,,,,,,,,,,,,,,,883,542,0,0.0,0.0,,Neutral
price war,882.0,55.0,2.0,21.0,1.0,1.0,0.0,0.0,10.0,37.0,47.0,1.0,0.0,5.0,9.0,78.0,8.0,2.0,5.0,7.0,2.0,6.0,47.0,27.0,16.0,2.0,24.0,0.0,14.0,0.0,3.0,3.0,1.0,4.0,13.0,2.0,26.0,4.0,8.0,0.0,10.0,16.0,2.0,100.0,83.0,3.0,5.0,0.0,2.0,6.0,0.0,2.0,69.0,91.0,118,882,0,0.0,0.0,49.0,Right
prices,0.0,,,,,,,,,,,,,,,,,,,,,,,,,,,,,,,,,,,,,,,,,,,,,,,,,,,,,,120,11058,0,0.0,0.0,,Neutral
prices have,0.0,,,,,,,,,,,,,,,,,,,,,,,,,,,,,,,,,,,,,,,,,,,,,,,,,,,,,,943,595,0,0.0,0.0,,Neutral
producer,0.0,,,,,,,,,,,,,,,,,,,,,,,,,,,,,,,,,,,,,,,,,,,,,,,,,,,,,,324,1128,0,0.0,0.0,,Neutral
producers,0.0,,,,,,,,,,,,,,,,,,,,,,,,,,,,,,,,,,,,,,,,,,,,,,,,,,,,,,50,3310,1,1.0,0.0,,Neutral
producing,0.0,,,,,,,,,,,,,,,,,,,,,,,,,,,,,,,,,,,,,,,,,,,,,,,,,,,,,,959,1074,0,0.0,0.0,,Neutral
production,0.0,,,,,,,,,,,,,,,,,,,,,,,,,,,,,,,,,,,,,,,,,,,,,,,,,,,,,,43,9332,1,1.0,0.0,,Neutral
production cuts,0.0,,,,,,,,,,,,,,,,,,,,,,,,,,,,,,,,,,,,,,,,,,,,,,,,,,,,,,301,709,0,0.0,0.0,,Neutral
program,0.0,,,,,,,,,,,,,,,,,,,,,,,,,,,,,,,,,,,,,,,,,,,,,,,,,,,,,,440,765,0,0.0,0.0,,Neutral
project,0.0,,,,,,,,,,,,,,,,,,,,,,,,,,,,,,,,,,,,,,,,,,,,,,,,,,,,,,168,1483,0,0.0,0.0,,Neutral
projects,0.0,,,,,,,,,,,,,,,,,,,,,,,,,,,,,,,,,,,,,,,,,,,,,,,,,,,,,,265,1303,0,0.0,0.0,,Neutral
proposal,0.0,,,,,,,,,,,,,,,,,,,,,,,,,,,,,,,,,,,,,,,,,,,,,,,,,,,,,,569,623,0,0.0,0.0,,Neutral
protected by,0.0,,,,,,,,,,,,,,,,,,,,,,,,,,,,,,,,,,,,,,,,,,,,,,,,,,,,,,693,118,0,0.0,0.0,,Neutral
protections,0.0,,,,,,,,,,,,,,,,,,,,,,,,,,,,,,,,,,,,,,,,,,,,,,,,,,,,,,448,187,0,0.0,0.0,,Neutral
protest,0.0,,,,,,,,,,,,,,,,,,,,,,,,,,,,,,,,,,,,,,,,,,,,,,,,,,,,,,549,266,0,0.0,0.0,,Neutral
provide,0.0,,,,,,,,,,,,,,,,,,,,,,,,,,,,,,,,,,,,,,,,,,,,,,,,,,,,,,227,780,0,0.0,0.0,,Neutral
provide a,0.0,,,,,,,,,,,,,,,,,,,,,,,,,,,,,,,,,,,,,,,,,,,,,,,,,,,,,,665,298,0,0.0,0.0,,Neutral
public,0.0,,,,,,,,,,,,,,,,,,,,,,,,,,,,,,,,,,,,,,,,,,,,,,,,,,,,,,59,2455,1,1.0,0.0,,Neutral
public lands,0.0,,,,,,,,,,,,,,,,,,,,,,,,,,,,,,,,,,,,,,,,,,,,,,,,,,,,,,424,314,0,0.0,0.0,,Neutral
published,0.0,,,,,,,,,,,,,,,,,,,,,,,,,,,,,,,,,,,,,,,,,,,,,,,,,,,,,,380,677,0,0.0,0.0,,Neutral
pump,0.0,,,,,,,,,,,,,,,,,,,,,,,,,,,,,,,,,,,,,,,,,,,,,,,,,,,,,,329,781,0,0.0,0.0,,Neutral
pump prices,0.0,,,,,,,,,,,,,,,,,,,,,,,,,,,,,,,,,,,,,,,,,,,,,,,,,,,,,,468,98,0,0.0,0.0,,Neutral
quarter,0.0,,,,,,,,,,,,,,,,,,,,,,,,,,,,,,,,,,,,,,,,,,,,,,,,,,,,,,308,946,0,0.0,0.0,,Neutral
ran,0.0,,,,,,,,,,,,,,,,,,,,,,,,,,,,,,,,,,,,,,,,,,,,,,,,,,,,,,261,198,0,0.0,0.0,,Neutral
ran aground,0.0,,,,,,,,,,,,,,,,,,,,,,,,,,,,,,,,,,,,,,,,,,,,,,,,,,,,,,228,101,0,0.0,0.0,,Neutral
really,0.0,,,,,,,,,,,,,,,,,,,,,,,,,,,,,,,,,,,,,,,,,,,,,,,,,,,,,,389,822,0,0.0,0.0,,Neutral
rebels,0.0,,,,,,,,,,,,,,,,,,,,,,,,,,,,,,,,,,,,,,,,,,,,,,,,,,,,,,983,341,0,0.0,0.0,,Neutral
recent,0.0,,,,,,,,,,,,,,,,,,,,,,,,,,,,,,,,,,,,,,,,,,,,,,,,,,,,,,601,2027,0,0.0,0.0,,Neutral
record,0.0,,,,,,,,,,,,,,,,,,,,,,,,,,,,,,,,,,,,,,,,,,,,,,,,,,,,,,337,1359,0,0.0,0.0,,Neutral
recovery,0.0,,,,,,,,,,,,,,,,,,,,,,,,,,,,,,,,,,,,,,,,,,,,,,,,,,,,,,285,590,0,0.0,0.0,,Neutral
reef,0.0,,,,,,,,,,,,,,,,,,,,,,,,,,,,,,,,,,,,,,,,,,,,,,,,,,,,,,575,71,0,0.0,0.0,,Neutral
refineries,827.0,17.0,4.0,0.0,1.0,22.0,3.0,1.0,2.0,18.0,2.0,0.0,1.0,19.0,4.0,58.0,15.0,0.0,21.0,5.0,51.0,17.0,3.0,22.0,8.0,7.0,39.0,7.0,11.0,12.0,5.0,2.0,7.0,19.0,28.0,2.0,29.0,10.0,21.0,3.0,4.0,19.0,3.0,42.0,63.0,2.0,10.0,2.0,7.0,33.0,7.0,15.0,80.0,31.0,21,827,1,1.0,1.0,-69.0,Left
refiners,0.0,,,,,,,,,,,,,,,,,,,,,,,,,,,,,,,,,,,,,,,,,,,,,,,,,,,,,,416,466,0,0.0,0.0,,Neutral
refinery,0.0,,,,,,,,,,,,,,,,,,,,,,,,,,,,,,,,,,,,,,,,,,,,,,,,,,,,,,368,553,0,0.0,0.0,,Neutral
refuge,0.0,,,,,,,,,,,,,,,,,,,,,,,,,,,,,,,,,,,,,,,,,,,,,,,,,,,,,,257,200,0,0.0,0.0,,Neutral
regime,0.0,,,,,,,,,,,,,,,,,,,,,,,,,,,,,,,,,,,,,,,,,,,,,,,,,,,,,,268,745,0,0.0,0.0,,Neutral
regime change,0.0,,,,,,,,,,,,,,,,,,,,,,,,,,,,,,,,,,,,,,,,,,,,,,,,,,,,,,571,122,0,0.0,0.0,,Neutral
region,0.0,,,,,,,,,,,,,,,,,,,,,,,,,,,,,,,,,,,,,,,,,,,,,,,,,,,,,,272,1500,0,0.0,0.0,,Neutral
regulations,0.0,,,,,,,,,,,,,,,,,,,,,,,,,,,,,,,,,,,,,,,,,,,,,,,,,,,,,,78,696,1,1.0,0.0,,Neutral
regulators,0.0,,,,,,,,,,,,,,,,,,,,,,,,,,,,,,,,,,,,,,,,,,,,,,,,,,,,,,298,396,0,0.0,0.0,,Neutral
relations,0.0,,,,,,,,,,,,,,,,,,,,,,,,,,,,,,,,,,,,,,,,,,,,,,,,,,,,,,634,314,0,0.0,0.0,,Neutral
relief,0.0,,,,,,,,,,,,,,,,,,,,,,,,,,,,,,,,,,,,,,,,,,,,,,,,,,,,,,193,434,0,0.0,0.0,,Neutral
report,0.0,,,,,,,,,,,,,,,,,,,,,,,,,,,,,,,,,,,,,,,,,,,,,,,,,,,,,,162,2372,0,0.0,0.0,,Neutral
reporting,0.0,,,,,,,,,,,,,,,,,,,,,,,,,,,,,,,,,,,,,,,,,,,,,,,,,,,,,,562,246,0,0.0,0.0,,Neutral
reporting on the,0.0,,,,,,,,,,,,,,,,,,,,,,,,,,,,,,,,,,,,,,,,,,,,,,,,,,,,,,866,32,0,0.0,0.0,,Neutral
research,0.0,,,,,,,,,,,,,,,,,,,,,,,,,,,,,,,,,,,,,,,,,,,,,,,,,,,,,,67,986,1,1.0,0.0,,Neutral
research and,0.0,,,,,,,,,,,,,,,,,,,,,,,,,,,,,,,,,,,,,,,,,,,,,,,,,,,,,,967,122,0,0.0,0.0,,Neutral
reserved,0.0,,,,,,,,,,,,,,,,,,,,,,,,,,,,,,,,,,,,,,,,,,,,,,,,,,,,,,550,76,0,0.0,0.0,,Neutral
reserves,0.0,,,,,,,,,,,,,,,,,,,,,,,,,,,,,,,,,,,,,,,,,,,,,,,,,,,,,,223,1244,0,0.0,0.0,,Neutral
result,0.0,,,,,,,,,,,,,,,,,,,,,,,,,,,,,,,,,,,,,,,,,,,,,,,,,,,,,,621,1033,0,0.0,0.0,,Neutral
retailers,0.0,,,,,,,,,,,,,,,,,,,,,,,,,,,,,,,,,,,,,,,,,,,,,,,,,,,,,,182,130,0,0.0,0.0,,Neutral
revenue,0.0,,,,,,,,,,,,,,,,,,,,,,,,,,,,,,,,,,,,,,,,,,,,,,,,,,,,,,502,790,0,0.0,0.0,,Neutral
review,0.0,,,,,,,,,,,,,,,,,,,,,,,,,,,,,,,,,,,,,,,,,,,,,,,,,,,,,,320,452,0,0.0,0.0,,Neutral
rig,0.0,,,,,,,,,,,,,,,,,,,,,,,,,,,,,,,,,,,,,,,,,,,,,,,,,,,,,,75,453,1,1.0,0.0,,Neutral
right,0.0,,,,,,,,,,,,,,,,,,,,,,,,,,,,,,,,,,,,,,,,,,,,,,,,,,,,,,460,1235,0,0.0,0.0,,Neutral
rights,0.0,,,,,,,,,,,,,,,,,,,,,,,,,,,,,,,,,,,,,,,,,,,,,,,,,,,,,,375,667,0,0.0,0.0,,Neutral
risks,0.0,,,,,,,,,,,,,,,,,,,,,,,,,,,,,,,,,,,,,,,,,,,,,,,,,,,,,,629,644,0,0.0,0.0,,Neutral
rose,0.0,,,,,,,,,,,,,,,,,,,,,,,,,,,,,,,,,,,,,,,,,,,,,,,,,,,,,,555,531,0,0.0,0.0,,Neutral
royalty,0.0,,,,,,,,,,,,,,,,,,,,,,,,,,,,,,,,,,,,,,,,,,,,,,,,,,,,,,251,182,0,0.0,0.0,,Neutral
rule,0.0,,,,,,,,,,,,,,,,,,,,,,,,,,,,,,,,,,,,,,,,,,,,,,,,,,,,,,542,458,0,0.0,0.0,,Neutral
rules,0.0,,,,,,,,,,,,,,,,,,,,,,,,,,,,,,,,,,,,,,,,,,,,,,,,,,,,,,330,566,0,0.0,0.0,,Neutral
safety,0.0,,,,,,,,,,,,,,,,,,,,,,,,,,,,,,,,,,,,,,,,,,,,,,,,,,,,,,291,797,0,0.0,0.0,,Neutral
sale,0.0,,,,,,,,,,,,,,,,,,,,,,,,,,,,,,,,,,,,,,,,,,,,,,,,,,,,,,631,427,0,0.0,0.0,,Neutral
sales,0.0,,,,,,,,,,,,,,,,,,,,,,,,,,,,,,,,,,,,,,,,,,,,,,,,,,,,,,605,722,0,0.0,0.0,,Neutral
sanctions,0.0,,,,,,,,,,,,,,,,,,,,,,,,,,,,,,,,,,,,,,,,,,,,,,,,,,,,,,89,4361,1,1.0,0.0,,Neutral
sanctions are,0.0,,,,,,,,,,,,,,,,,,,,,,,,,,,,,,,,,,,,,,,,,,,,,,,,,,,,,,906,111,0,0.0,0.0,,Neutral
sanctions on,0.0,,,,,,,,,,,,,,,,,,,,,,,,,,,,,,,,,,,,,,,,,,,,,,,,,,,,,,890,820,0,0.0,0.0,,Neutral
sands,0.0,,,,,,,,,,,,,,,,,,,,,,,,,,,,,,,,,,,,,,,,,,,,,,,,,,,,,,239,485,0,0.0,0.0,,Neutral
saying,0.0,,,,,,,,,,,,,,,,,,,,,,,,,,,,,,,,,,,,,,,,,,,,,,,,,,,,,,219,982,0,0.0,0.0,,Neutral
sea,0.0,,,,,,,,,,,,,,,,,,,,,,,,,,,,,,,,,,,,,,,,,,,,,,,,,,,,,,489,752,0,0.0,0.0,,Neutral
second,0.0,,,,,,,,,,,,,,,,,,,,,,,,,,,,,,,,,,,,,,,,,,,,,,,,,,,,,,439,1258,0,0.0,0.0,,Neutral
section,0.0,,,,,,,,,,,,,,,,,,,,,,,,,,,,,,,,,,,,,,,,,,,,,,,,,,,,,,255,297,0,0.0,0.0,,Neutral
sector,0.0,,,,,,,,,,,,,,,,,,,,,,,,,,,,,,,,,,,,,,,,,,,,,,,,,,,,,,270,1331,0,0.0,0.0,,Neutral
security,0.0,,,,,,,,,,,,,,,,,,,,,,,,,,,,,,,,,,,,,,,,,,,,,,,,,,,,,,331,1044,0,0.0,0.0,,Neutral
see,0.0,,,,,,,,,,,,,,,,,,,,,,,,,,,,,,,,,,,,,,,,,,,,,,,,,,,,,,343,1757,0,0.0,0.0,,Neutral
seen,0.0,,,,,,,,,,,,,,,,,,,,,,,,,,,,,,,,,,,,,,,,,,,,,,,,,,,,,,405,1164,0,0.0,0.0,,Neutral
seismic,0.0,,,,,,,,,,,,,,,,,,,,,,,,,,,,,,,,,,,,,,,,,,,,,,,,,,,,,,304,197,0,0.0,0.0,,Neutral
shale,0.0,,,,,,,,,,,,,,,,,,,,,,,,,,,,,,,,,,,,,,,,,,,,,,,,,,,,,,105,2625,1,0.0,0.0,,Neutral
shale oil,0.0,,,,,,,,,,,,,,,,,,,,,,,,,,,,,,,,,,,,,,,,,,,,,,,,,,,,,,81,622,1,1.0,0.0,,Neutral
share,0.0,,,,,,,,,,,,,,,,,,,,,,,,,,,,,,,,,,,,,,,,,,,,,,,,,,,,,,607,971,0,0.0,0.0,,Neutral
ship,0.0,,,,,,,,,,,,,,,,,,,,,,,,,,,,,,,,,,,,,,,,,,,,,,,,,,,,,,51,1580,1,1.0,0.0,,Neutral
ship is,0.0,,,,,,,,,,,,,,,,,,,,,,,,,,,,,,,,,,,,,,,,,,,,,,,,,,,,,,925,79,0,0.0,0.0,,Neutral
ship that,0.0,,,,,,,,,,,,,,,,,,,,,,,,,,,,,,,,,,,,,,,,,,,,,,,,,,,,,,938,57,0,0.0,0.0,,Neutral
ships,0.0,,,,,,,,,,,,,,,,,,,,,,,,,,,,,,,,,,,,,,,,,,,,,,,,,,,,,,178,1122,0,0.0,0.0,,Neutral
show,0.0,,,,,,,,,,,,,,,,,,,,,,,,,,,,,,,,,,,,,,,,,,,,,,,,,,,,,,594,605,0,0.0,0.0,,Neutral
shows,0.0,,,,,,,,,,,,,,,,,,,,,,,,,,,,,,,,,,,,,,,,,,,,,,,,,,,,,,582,559,0,0.0,0.0,,Neutral
shut,0.0,,,,,,,,,,,,,,,,,,,,,,,,,,,,,,,,,,,,,,,,,,,,,,,,,,,,,,518,827,0,0.0,0.0,,Neutral
shut down,0.0,,,,,,,,,,,,,,,,,,,,,,,,,,,,,,,,,,,,,,,,,,,,,,,,,,,,,,984,452,0,0.0,0.0,,Neutral
side,0.0,,,,,,,,,,,,,,,,,,,,,,,,,,,,,,,,,,,,,,,,,,,,,,,,,,,,,,602,514,0,0.0,0.0,,Neutral
since,0.0,,,,,,,,,,,,,,,,,,,,,,,,,,,,,,,,,,,,,,,,,,,,,,,,,,,,,,211,3595,0,0.0,0.0,,Neutral
site is,0.0,,,,,,,,,,,,,,,,,,,,,,,,,,,,,,,,,,,,,,,,,,,,,,,,,,,,,,705,115,0,0.0,0.0,,Neutral
sites,0.0,,,,,,,,,,,,,,,,,,,,,,,,,,,,,,,,,,,,,,,,,,,,,,,,,,,,,,525,283,0,0.0,0.0,,Neutral
situation,0.0,,,,,,,,,,,,,,,,,,,,,,,,,,,,,,,,,,,,,,,,,,,,,,,,,,,,,,617,781,0,0.0,0.0,,Neutral
size,0.0,,,,,,,,,,,,,,,,,,,,,,,,,,,,,,,,,,,,,,,,,,,,,,,,,,,,,,174,439,0,0.0,0.0,,Neutral
size and,0.0,,,,,,,,,,,,,,,,,,,,,,,,,,,,,,,,,,,,,,,,,,,,,,,,,,,,,,673,154,0,0.0,0.0,,Neutral
skin,0.0,,,,,,,,,,,,,,,,,,,,,,,,,,,,,,,,,,,,,,,,,,,,,,,,,,,,,,151,55,0,0.0,0.0,,Neutral
solar,0.0,,,,,,,,,,,,,,,,,,,,,,,,,,,,,,,,,,,,,,,,,,,,,,,,,,,,,,466,391,0,0.0,0.0,,Neutral
sources,0.0,,,,,,,,,,,,,,,,,,,,,,,,,,,,,,,,,,,,,,,,,,,,,,,,,,,,,,403,957,0,0.0,0.0,,Neutral
species,0.0,,,,,,,,,,,,,,,,,,,,,,,,,,,,,,,,,,,,,,,,,,,,,,,,,,,,,,426,280,0,0.0,0.0,,Neutral
spending,0.0,,,,,,,,,,,,,,,,,,,,,,,,,,,,,,,,,,,,,,,,,,,,,,,,,,,,,,288,959,0,0.0,0.0,,Neutral
spent,0.0,,,,,,,,,,,,,,,,,,,,,,,,,,,,,,,,,,,,,,,,,,,,,,,,,,,,,,260,576,0,0.0,0.0,,Neutral
spill,0.0,,,,,,,,,,,,,,,,,,,,,,,,,,,,,,,,,,,,,,,,,,,,,,,,,,,,,,108,1914,1,0.0,0.0,,Neutral
spilled,0.0,,,,,,,,,,,,,,,,,,,,,,,,,,,,,,,,,,,,,,,,,,,,,,,,,,,,,,535,245,0,0.0,0.0,,Neutral
spills,0.0,,,,,,,,,,,,,,,,,,,,,,,,,,,,,,,,,,,,,,,,,,,,,,,,,,,,,,113,575,1,0.0,0.0,,Neutral
spokesman,0.0,,,,,,,,,,,,,,,,,,,,,,,,,,,,,,,,,,,,,,,,,,,,,,,,,,,,,,431,609,0,0.0,0.0,,Neutral
standards,0.0,,,,,,,,,,,,,,,,,,,,,,,,,,,,,,,,,,,,,,,,,,,,,,,,,,,,,,473,364,0,0.0,0.0,,Neutral
stands,0.0,,,,,,,,,,,,,,,,,,,,,,,,,,,,,,,,,,,,,,,,,,,,,,,,,,,,,,539,175,0,0.0,0.0,,Neutral
start,0.0,,,,,,,,,,,,,,,,,,,,,,,,,,,,,,,,,,,,,,,,,,,,,,,,,,,,,,400,1072,0,0.0,0.0,,Neutral
state,0.0,,,,,,,,,,,,,,,,,,,,,,,,,,,,,,,,,,,,,,,,,,,,,,,,,,,,,,129,4439,0,0.0,0.0,,Neutral
statement,0.0,,,,,,,,,,,,,,,,,,,,,,,,,,,,,,,,,,,,,,,,,,,,,,,,,,,,,,258,1603,0,0.0,0.0,,Neutral
states,0.0,,,,,,,,,,,,,,,,,,,,,,,,,,,,,,,,,,,,,,,,,,,,,,,,,,,,,,187,2025,0,0.0,0.0,,Neutral
stations,0.0,,,,,,,,,,,,,,,,,,,,,,,,,,,,,,,,,,,,,,,,,,,,,,,,,,,,,,563,407,0,0.0,0.0,,Neutral
still,0.0,,,,,,,,,,,,,,,,,,,,,,,,,,,,,,,,,,,,,,,,,,,,,,,,,,,,,,372,2501,0,0.0,0.0,,Neutral
stock,0.0,,,,,,,,,,,,,,,,,,,,,,,,,,,,,,,,,,,,,,,,,,,,,,,,,,,,,,336,630,0,0.0,0.0,,Neutral
stocks,0.0,,,,,,,,,,,,,,,,,,,,,,,,,,,,,,,,,,,,,,,,,,,,,,,,,,,,,,277,502,0,0.0,0.0,,Neutral
stop,0.0,,,,,,,,,,,,,,,,,,,,,,,,,,,,,,,,,,,,,,,,,,,,,,,,,,,,,,496,1106,0,0.0,0.0,,Neutral
storage,0.0,,,,,,,,,,,,,,,,,,,,,,,,,,,,,,,,,,,,,,,,,,,,,,,,,,,,,,225,1340,0,0.0,0.0,,Neutral
storm,0.0,,,,,,,,,,,,,,,,,,,,,,,,,,,,,,,,,,,,,,,,,,,,,,,,,,,,,,458,215,0,0.0,0.0,,Neutral
strategy,0.0,,,,,,,,,,,,,,,,,,,,,,,,,,,,,,,,,,,,,,,,,,,,,,,,,,,,,,547,601,0,0.0,0.0,,Neutral
subscribe to,0.0,,,,,,,,,,,,,,,,,,,,,,,,,,,,,,,,,,,,,,,,,,,,,,,,,,,,,,867,41,0,0.0,0.0,,Neutral
subsidies,265.0,8.0,3.0,4.0,0.0,1.0,14.0,1.0,3.0,12.0,0.0,0.0,2.0,0.0,2.0,9.0,50.0,0.0,13.0,3.0,3.0,2.0,0.0,10.0,0.0,1.0,20.0,0.0,3.0,3.0,3.0,0.0,4.0,9.0,2.0,1.0,1.0,3.0,7.0,0.0,0.0,3.0,1.0,9.0,1.0,0.0,4.0,1.0,1.0,2.0,0.0,26.0,16.0,4.0,16,265,1,1.0,1.0,-116.0,Left
subsidy,0.0,,,,,,,,,,,,,,,,,,,,,,,,,,,,,,,,,,,,,,,,,,,,,,,,,,,,,,115,71,1,0.0,0.0,,Neutral
such as,0.0,,,,,,,,,,,,,,,,,,,,,,,,,,,,,,,,,,,,,,,,,,,,,,,,,,,,,,790,1379,0,0.0,0.0,,Neutral
suit,0.0,,,,,,,,,,,,,,,,,,,,,,,,,,,,,,,,,,,,,,,,,,,,,,,,,,,,,,267,214,0,0.0,0.0,,Neutral
supply,0.0,,,,,,,,,,,,,,,,,,,,,,,,,,,,,,,,,,,,,,,,,,,,,,,,,,,,,,153,3227,0,0.0,0.0,,Neutral
support,0.0,,,,,,,,,,,,,,,,,,,,,,,,,,,,,,,,,,,,,,,,,,,,,,,,,,,,,,519,2069,0,0.0,0.0,,Neutral
support our,0.0,,,,,,,,,,,,,,,,,,,,,,,,,,,,,,,,,,,,,,,,,,,,,,,,,,,,,,789,148,0,0.0,0.0,,Neutral
sure,0.0,,,,,,,,,,,,,,,,,,,,,,,,,,,,,,,,,,,,,,,,,,,,,,,,,,,,,,515,498,0,0.0,0.0,,Neutral
survival,0.0,,,,,,,,,,,,,,,,,,,,,,,,,,,,,,,,,,,,,,,,,,,,,,,,,,,,,,507,215,0,0.0,0.0,,Neutral
survival of,0.0,,,,,,,,,,,,,,,,,,,,,,,,,,,,,,,,,,,,,,,,,,,,,,,,,,,,,,767,149,0,0.0,0.0,,Neutral
talks,0.0,,,,,,,,,,,,,,,,,,,,,,,,,,,,,,,,,,,,,,,,,,,,,,,,,,,,,,481,627,0,0.0,0.0,,Neutral
tanker,0.0,,,,,,,,,,,,,,,,,,,,,,,,,,,,,,,,,,,,,,,,,,,,,,,,,,,,,,83,1730,1,1.0,0.0,,Neutral
tankers,0.0,,,,,,,,,,,,,,,,,,,,,,,,,,,,,,,,,,,,,,,,,,,,,,,,,,,,,,112,1342,1,0.0,0.0,,Neutral
taps,0.0,,,,,,,,,,,,,,,,,,,,,,,,,,,,,,,,,,,,,,,,,,,,,,,,,,,,,,623,120,0,0.0,0.0,,Neutral
tar sands,311.0,2.0,1.0,0.0,0.0,3.0,0.0,0.0,0.0,0.0,0.0,0.0,2.0,0.0,0.0,0.0,147.0,0.0,0.0,8.0,1.0,4.0,0.0,7.0,0.0,16.0,41.0,1.0,0.0,1.0,1.0,5.0,5.0,0.0,0.0,0.0,5.0,4.0,0.0,1.0,0.0,8.0,0.0,0.0,1.0,0.0,1.0,14.0,7.0,0.0,15.0,3.0,5.0,2.0,13,311,1,1.0,1.0,-232.0,Left
tax,0.0,,,,,,,,,,,,,,,,,,,,,,,,,,,,,,,,,,,,,,,,,,,,,,,,,,,,,,63,1185,1,1.0,0.0,,Neutral
taxes,0.0,,,,,,,,,,,,,,,,,,,,,,,,,,,,,,,,,,,,,,,,,,,,,,,,,,,,,,510,408,0,0.0,0.0,,Neutral
technology,0.0,,,,,,,,,,,,,,,,,,,,,,,,,,,,,,,,,,,,,,,,,,,,,,,,,,,,,,461,419,0,0.0,0.0,,Neutral
tensions,0.0,,,,,,,,,,,,,,,,,,,,,,,,,,,,,,,,,,,,,,,,,,,,,,,,,,,,,,484,717,0,0.0,0.0,,Neutral
term,0.0,,,,,,,,,,,,,,,,,,,,,,,,,,,,,,,,,,,,,,,,,,,,,,,,,,,,,,183,1255,0,0.0,0.0,,Neutral
territory,0.0,,,,,,,,,,,,,,,,,,,,,,,,,,,,,,,,,,,,,,,,,,,,,,,,,,,,,,616,560,0,0.0,0.0,,Neutral
than ever,0.0,,,,,,,,,,,,,,,,,,,,,,,,,,,,,,,,,,,,,,,,,,,,,,,,,,,,,,954,249,0,0.0,0.0,,Neutral
than ever to,0.0,,,,,,,,,,,,,,,,,,,,,,,,,,,,,,,,,,,,,,,,,,,,,,,,,,,,,,773,145,0,0.0,0.0,,Neutral
that can,0.0,,,,,,,,,,,,,,,,,,,,,,,,,,,,,,,,,,,,,,,,,,,,,,,,,,,,,,685,473,0,0.0,0.0,,Neutral
that is,0.0,,,,,,,,,,,,,,,,,,,,,,,,,,,,,,,,,,,,,,,,,,,,,,,,,,,,,,830,1056,0,0.0,0.0,,Neutral
that matter,0.0,,,,,,,,,,,,,,,,,,,,,,,,,,,,,,,,,,,,,,,,,,,,,,,,,,,,,,940,78,0,0.0,0.0,,Neutral
that matters,0.0,,,,,,,,,,,,,,,,,,,,,,,,,,,,,,,,,,,,,,,,,,,,,,,,,,,,,,710,101,0,0.0,0.0,,Neutral
that the,0.0,,,,,,,,,,,,,,,,,,,,,,,,,,,,,,,,,,,,,,,,,,,,,,,,,,,,,,683,5677,0,0.0,0.0,,Neutral
that the United,0.0,,,,,,,,,,,,,,,,,,,,,,,,,,,,,,,,,,,,,,,,,,,,,,,,,,,,,,897,406,0,0.0,0.0,,Neutral
that there,0.0,,,,,,,,,,,,,,,,,,,,,,,,,,,,,,,,,,,,,,,,,,,,,,,,,,,,,,917,345,0,0.0,0.0,,Neutral
that they,0.0,,,,,,,,,,,,,,,,,,,,,,,,,,,,,,,,,,,,,,,,,,,,,,,,,,,,,,920,766,0,0.0,0.0,,Neutral
that we,0.0,,,,,,,,,,,,,,,,,,,,,,,,,,,,,,,,,,,,,,,,,,,,,,,,,,,,,,860,652,0,0.0,0.0,,Neutral
the Arctic,0.0,,,,,,,,,,,,,,,,,,,,,,,,,,,,,,,,,,,,,,,,,,,,,,,,,,,,,,764,562,0,0.0,0.0,,Neutral
the British,0.0,,,,,,,,,,,,,,,,,,,,,,,,,,,,,,,,,,,,,,,,,,,,,,,,,,,,,,941,278,0,0.0,0.0,,Neutral
the California,0.0,,,,,,,,,,,,,,,,,,,,,,,,,,,,,,,,,,,,,,,,,,,,,,,,,,,,,,842,164,0,0.0,0.0,,Neutral
the EU,0.0,,,,,,,,,,,,,,,,,,,,,,,,,,,,,,,,,,,,,,,,,,,,,,,,,,,,,,952,203,0,0.0,0.0,,Neutral
the Ecuadorian,0.0,,,,,,,,,,,,,,,,,,,,,,,,,,,,,,,,,,,,,,,,,,,,,,,,,,,,,,848,53,0,0.0,0.0,,Neutral
the Gulf,0.0,,,,,,,,,,,,,,,,,,,,,,,,,,,,,,,,,,,,,,,,,,,,,,,,,,,,,,709,1612,0,0.0,0.0,,Neutral
the Gulf of,0.0,,,,,,,,,,,,,,,,,,,,,,,,,,,,,,,,,,,,,,,,,,,,,,,,,,,,,,861,681,0,0.0,0.0,,Neutral
the Indian,0.0,,,,,,,,,,,,,,,,,,,,,,,,,,,,,,,,,,,,,,,,,,,,,,,,,,,,,,956,116,0,0.0,0.0,,Neutral
the Interior,0.0,,,,,,,,,,,,,,,,,,,,,,,,,,,,,,,,,,,,,,,,,,,,,,,,,,,,,,949,274,0,0.0,0.0,,Neutral
the Iranian,0.0,,,,,,,,,,,,,,,,,,,,,,,,,,,,,,,,,,,,,,,,,,,,,,,,,,,,,,855,645,0,0.0,0.0,,Neutral
the JCPOA,58.0,3.0,0.0,3.0,0.0,0.0,1.0,0.0,0.0,0.0,0.0,0.0,0.0,0.0,0.0,0.0,1.0,13.0,4.0,1.0,0.0,0.0,0.0,0.0,0.0,4.0,1.0,0.0,1.0,0.0,7.0,2.0,0.0,0.0,0.0,0.0,1.0,0.0,0.0,0.0,0.0,0.0,0.0,0.0,7.0,0.0,0.0,1.0,8.0,0.0,0.0,0.0,0.0,0.0,24,58,1,1.0,1.0,-4.0,Left
the Jones Act,0.0,,,,,,,,,,,,,,,,,,,,,,,,,,,,,,,,,,,,,,,,,,,,,,,,,,,,,,644,40,0,0.0,0.0,,Neutral
the Middle East,0.0,,,,,,,,,,,,,,,,,,,,,,,,,,,,,,,,,,,,,,,,,,,,,,,,,,,,,,885,743,0,0.0,0.0,,Neutral
the OPEC,0.0,,,,,,,,,,,,,,,,,,,,,,,,,,,,,,,,,,,,,,,,,,,,,,,,,,,,,,645,619,0,0.0,0.0,,Neutral
the Organization of,0.0,,,,,,,,,,,,,,,,,,,,,,,,,,,,,,,,,,,,,,,,,,,,,,,,,,,,,,886,486,0,0.0,0.0,,Neutral
the Permian,0.0,,,,,,,,,,,,,,,,,,,,,,,,,,,,,,,,,,,,,,,,,,,,,,,,,,,,,,914,466,0,0.0,0.0,,Neutral
the Persian Gulf,0.0,,,,,,,,,,,,,,,,,,,,,,,,,,,,,,,,,,,,,,,,,,,,,,,,,,,,,,34,549,1,1.0,0.0,,Neutral
the Petroleum Exporting,0.0,,,,,,,,,,,,,,,,,,,,,,,,,,,,,,,,,,,,,,,,,,,,,,,,,,,,,,38,531,1,1.0,0.0,,Neutral
the Russian,0.0,,,,,,,,,,,,,,,,,,,,,,,,,,,,,,,,,,,,,,,,,,,,,,,,,,,,,,677,376,0,0.0,0.0,,Neutral
the Saudi,0.0,,,,,,,,,,,,,,,,,,,,,,,,,,,,,,,,,,,,,,,,,,,,,,,,,,,,,,775,825,0,0.0,0.0,,Neutral
the Saudis,0.0,,,,,,,,,,,,,,,,,,,,,,,,,,,,,,,,,,,,,,,,,,,,,,,,,,,,,,863,545,0,0.0,0.0,,Neutral
the Strait of,0.0,,,,,,,,,,,,,,,,,,,,,,,,,,,,,,,,,,,,,,,,,,,,,,,,,,,,,,678,689,0,0.0,0.0,,Neutral
the Syrian,0.0,,,,,,,,,,,,,,,,,,,,,,,,,,,,,,,,,,,,,,,,,,,,,,,,,,,,,,981,155,0,0.0,0.0,,Neutral
the Trump administration,0.0,,,,,,,,,,,,,,,,,,,,,,,,,,,,,,,,,,,,,,,,,,,,,,,,,,,,,,857,1032,0,0.0,0.0,,Neutral
the UK,0.0,,,,,,,,,,,,,,,,,,,,,,,,,,,,,,,,,,,,,,,,,,,,,,,,,,,,,,878,392,0,0.0,0.0,,Neutral
the US,0.0,,,,,,,,,,,,,,,,,,,,,,,,,,,,,,,,,,,,,,,,,,,,,,,,,,,,,,648,3498,0,0.0,0.0,,Neutral
the US shale,0.0,,,,,,,,,,,,,,,,,,,,,,,,,,,,,,,,,,,,,,,,,,,,,,,,,,,,,,838,144,0,0.0,0.0,,Neutral
the USA,0.0,,,,,,,,,,,,,,,,,,,,,,,,,,,,,,,,,,,,,,,,,,,,,,,,,,,,,,902,55,0,0.0,0.0,,Neutral
the United States,0.0,,,,,,,,,,,,,,,,,,,,,,,,,,,,,,,,,,,,,,,,,,,,,,,,,,,,,,649,6704,0,0.0,0.0,,Neutral
the Venezuelan,0.0,,,,,,,,,,,,,,,,,,,,,,,,,,,,,,,,,,,,,,,,,,,,,,,,,,,,,,719,257,0,0.0,0.0,,Neutral
the Waorani,0.0,,,,,,,,,,,,,,,,,,,,,,,,,,,,,,,,,,,,,,,,,,,,,,,,,,,,,,945,42,0,0.0,0.0,,Neutral
the area,0.0,,,,,,,,,,,,,,,,,,,,,,,,,,,,,,,,,,,,,,,,,,,,,,,,,,,,,,817,346,0,0.0,0.0,,Neutral
the attack,0.0,,,,,,,,,,,,,,,,,,,,,,,,,,,,,,,,,,,,,,,,,,,,,,,,,,,,,,922,355,0,0.0,0.0,,Neutral
the barrels,0.0,,,,,,,,,,,,,,,,,,,,,,,,,,,,,,,,,,,,,,,,,,,,,,,,,,,,,,904,45,0,0.0,0.0,,Neutral
the bill,0.0,,,,,,,,,,,,,,,,,,,,,,,,,,,,,,,,,,,,,,,,,,,,,,,,,,,,,,844,160,0,0.0,0.0,,Neutral
the climate,0.0,,,,,,,,,,,,,,,,,,,,,,,,,,,,,,,,,,,,,,,,,,,,,,,,,,,,,,681,766,0,0.0,0.0,,Neutral
the climate crisis,0.0,,,,,,,,,,,,,,,,,,,,,,,,,,,,,,,,,,,,,,,,,,,,,,,,,,,,,,782,357,0,0.0,0.0,,Neutral
the company,0.0,,,,,,,,,,,,,,,,,,,,,,,,,,,,,,,,,,,,,,,,,,,,,,,,,,,,,,676,1381,0,0.0,0.0,,Neutral
the companys,0.0,,,,,,,,,,,,,,,,,,,,,,,,,,,,,,,,,,,,,,,,,,,,,,,,,,,,,,893,452,0,0.0,0.0,,Neutral
the coronavirus,0.0,,,,,,,,,,,,,,,,,,,,,,,,,,,,,,,,,,,,,,,,,,,,,,,,,,,,,,655,1928,0,0.0,0.0,,Neutral
the coronavirus crisis,0.0,,,,,,,,,,,,,,,,,,,,,,,,,,,,,,,,,,,,,,,,,,,,,,,,,,,,,,910,191,0,0.0,0.0,,Neutral
the coronavirus pandemic,0.0,,,,,,,,,,,,,,,,,,,,,,,,,,,,,,,,,,,,,,,,,,,,,,,,,,,,,,713,754,0,0.0,0.0,,Neutral
the country,0.0,,,,,,,,,,,,,,,,,,,,,,,,,,,,,,,,,,,,,,,,,,,,,,,,,,,,,,882,1559,0,0.0,0.0,,Neutral
the dollar,0.0,,,,,,,,,,,,,,,,,,,,,,,,,,,,,,,,,,,,,,,,,,,,,,,,,,,,,,722,154,0,0.0,0.0,,Neutral
the first,0.0,,,,,,,,,,,,,,,,,,,,,,,,,,,,,,,,,,,,,,,,,,,,,,,,,,,,,,796,2016,0,0.0,0.0,,Neutral
the first time,0.0,,,,,,,,,,,,,,,,,,,,,,,,,,,,,,,,,,,,,,,,,,,,,,,,,,,,,,909,696,0,0.0,0.0,,Neutral
the fossil fuel,0.0,,,,,,,,,,,,,,,,,,,,,,,,,,,,,,,,,,,,,,,,,,,,,,,,,,,,,,32,568,1,1.0,0.0,,Neutral
the global,0.0,,,,,,,,,,,,,,,,,,,,,,,,,,,,,,,,,,,,,,,,,,,,,,,,,,,,,,798,1550,0,0.0,0.0,,Neutral
the government,0.0,,,,,,,,,,,,,,,,,,,,,,,,,,,,,,,,,,,,,,,,,,,,,,,,,,,,,,679,979,0,0.0,0.0,,Neutral
the governments,0.0,,,,,,,,,,,,,,,,,,,,,,,,,,,,,,,,,,,,,,,,,,,,,,,,,,,,,,912,198,0,0.0,0.0,,Neutral
the industry,0.0,,,,,,,,,,,,,,,,,,,,,,,,,,,,,,,,,,,,,,,,,,,,,,,,,,,,,,820,1028,0,0.0,0.0,,Neutral
the market,0.0,,,,,,,,,,,,,,,,,,,,,,,,,,,,,,,,,,,,,,,,,,,,,,,,,,,,,,718,1499,0,0.0,0.0,,Neutral
the news,0.0,,,,,,,,,,,,,,,,,,,,,,,,,,,,,,,,,,,,,,,,,,,,,,,,,,,,,,682,178,0,0.0,0.0,,Neutral
the oil,0.0,,,,,,,,,,,,,,,,,,,,,,,,,,,,,,,,,,,,,,,,,,,,,,,,,,,,,,675,5324,0,0.0,0.0,,Neutral
the oil and,0.0,,,,,,,,,,,,,,,,,,,,,,,,,,,,,,,,,,,,,,,,,,,,,,,,,,,,,,992,730,0,0.0,0.0,,Neutral
the oil industry,0.0,,,,,,,,,,,,,,,,,,,,,,,,,,,,,,,,,,,,,,,,,,,,,,,,,,,,,,36,715,1,1.0,0.0,,Neutral
the oil market,0.0,,,,,,,,,,,,,,,,,,,,,,,,,,,,,,,,,,,,,,,,,,,,,,,,,,,,,,40,598,1,1.0,0.0,,Neutral
the pandemic,0.0,,,,,,,,,,,,,,,,,,,,,,,,,,,,,,,,,,,,,,,,,,,,,,,,,,,,,,691,621,0,0.0,0.0,,Neutral
the pipeline,0.0,,,,,,,,,,,,,,,,,,,,,,,,,,,,,,,,,,,,,,,,,,,,,,,,,,,,,,742,702,0,0.0,0.0,,Neutral
the planet,0.0,,,,,,,,,,,,,,,,,,,,,,,,,,,,,,,,,,,,,,,,,,,,,,,,,,,,,,872,281,0,0.0,0.0,,Neutral
the price,0.0,,,,,,,,,,,,,,,,,,,,,,,,,,,,,,,,,,,,,,,,,,,,,,,,,,,,,,696,1546,0,0.0,0.0,,Neutral
the price of,0.0,,,,,,,,,,,,,,,,,,,,,,,,,,,,,,,,,,,,,,,,,,,,,,,,,,,,,,780,905,0,0.0,0.0,,Neutral
the project,0.0,,,,,,,,,,,,,,,,,,,,,,,,,,,,,,,,,,,,,,,,,,,,,,,,,,,,,,809,544,0,0.0,0.0,,Neutral
the refuge,0.0,,,,,,,,,,,,,,,,,,,,,,,,,,,,,,,,,,,,,,,,,,,,,,,,,,,,,,39,117,1,1.0,0.0,,Neutral
the region,0.0,,,,,,,,,,,,,,,,,,,,,,,,,,,,,,,,,,,,,,,,,,,,,,,,,,,,,,879,896,0,0.0,0.0,,Neutral
the same,0.0,,,,,,,,,,,,,,,,,,,,,,,,,,,,,,,,,,,,,,,,,,,,,,,,,,,,,,974,1329,0,0.0,0.0,,Neutral
the share,0.0,,,,,,,,,,,,,,,,,,,,,,,,,,,,,,,,,,,,,,,,,,,,,,,,,,,,,,966,64,0,0.0,0.0,,Neutral
the ship,0.0,,,,,,,,,,,,,,,,,,,,,,,,,,,,,,,,,,,,,,,,,,,,,,,,,,,,,,730,544,0,0.0,0.0,,Neutral
the spill,0.0,,,,,,,,,,,,,,,,,,,,,,,,,,,,,,,,,,,,,,,,,,,,,,,,,,,,,,37,467,1,1.0,0.0,,Neutral
the state,0.0,,,,,,,,,,,,,,,,,,,,,,,,,,,,,,,,,,,,,,,,,,,,,,,,,,,,,,686,1228,0,0.0,0.0,,Neutral
the states,0.0,,,,,,,,,,,,,,,,,,,,,,,,,,,,,,,,,,,,,,,,,,,,,,,,,,,,,,812,471,0,0.0,0.0,,Neutral
the vessel,0.0,,,,,,,,,,,,,,,,,,,,,,,,,,,,,,,,,,,,,,,,,,,,,,,,,,,,,,852,376,0,0.0,0.0,,Neutral
the world,0.0,,,,,,,,,,,,,,,,,,,,,,,,,,,,,,,,,,,,,,,,,,,,,,,,,,,,,,734,2635,0,0.0,0.0,,Neutral
the worlds,0.0,,,,,,,,,,,,,,,,,,,,,,,,,,,,,,,,,,,,,,,,,,,,,,,,,,,,,,772,2474,0,0.0,0.0,,Neutral
the year,0.0,,,,,,,,,,,,,,,,,,,,,,,,,,,,,,,,,,,,,,,,,,,,,,,,,,,,,,779,795,0,0.0,0.0,,Neutral
theft,0.0,,,,,,,,,,,,,,,,,,,,,,,,,,,,,,,,,,,,,,,,,,,,,,,,,,,,,,221,120,0,0.0,0.0,,Neutral
there is,0.0,,,,,,,,,,,,,,,,,,,,,,,,,,,,,,,,,,,,,,,,,,,,,,,,,,,,,,907,909,0,0.0,0.0,,Neutral
things,0.0,,,,,,,,,,,,,,,,,,,,,,,,,,,,,,,,,,,,,,,,,,,,,,,,,,,,,,500,645,0,0.0,0.0,,Neutral
think,0.0,,,,,,,,,,,,,,,,,,,,,,,,,,,,,,,,,,,,,,,,,,,,,,,,,,,,,,252,1255,0,0.0,0.0,,Neutral
this article,0.0,,,,,,,,,,,,,,,,,,,,,,,,,,,,,,,,,,,,,,,,,,,,,,,,,,,,,,995,124,0,0.0,0.0,,Neutral
this story,0.0,,,,,,,,,,,,,,,,,,,,,,,,,,,,,,,,,,,,,,,,,,,,,,,,,,,,,,953,273,0,0.0,0.0,,Neutral
this year,0.0,,,,,,,,,,,,,,,,,,,,,,,,,,,,,,,,,,,,,,,,,,,,,,,,,,,,,,688,1500,0,0.0,0.0,,Neutral
through the,0.0,,,,,,,,,,,,,,,,,,,,,,,,,,,,,,,,,,,,,,,,,,,,,,,,,,,,,,965,940,0,0.0,0.0,,Neutral
time,0.0,,,,,,,,,,,,,,,,,,,,,,,,,,,,,,,,,,,,,,,,,,,,,,,,,,,,,,280,4350,0,0.0,0.0,,Neutral
to Mother,0.0,,,,,,,,,,,,,,,,,,,,,,,,,,,,,,,,,,,,,,,,,,,,,,,,,,,,,,926,26,0,0.0,0.0,,Neutral
to North,0.0,,,,,,,,,,,,,,,,,,,,,,,,,,,,,,,,,,,,,,,,,,,,,,,,,,,,,,853,146,0,0.0,0.0,,Neutral
to Venezuela,0.0,,,,,,,,,,,,,,,,,,,,,,,,,,,,,,,,,,,,,,,,,,,,,,,,,,,,,,668,218,0,0.0,0.0,,Neutral
to a,0.0,,,,,,,,,,,,,,,,,,,,,,,,,,,,,,,,,,,,,,,,,,,,,,,,,,,,,,757,3618,0,0.0,0.0,,Neutral
to a barrel,0.0,,,,,,,,,,,,,,,,,,,,,,,,,,,,,,,,,,,,,,,,,,,,,,,,,,,,,,831,458,0,0.0,0.0,,Neutral
to any,0.0,,,,,,,,,,,,,,,,,,,,,,,,,,,,,,,,,,,,,,,,,,,,,,,,,,,,,,670,328,0,0.0,0.0,,Neutral
to be,0.0,,,,,,,,,,,,,,,,,,,,,,,,,,,,,,,,,,,,,,,,,,,,,,,,,,,,,,684,3935,0,0.0,0.0,,Neutral
to cut,0.0,,,,,,,,,,,,,,,,,,,,,,,,,,,,,,,,,,,,,,,,,,,,,,,,,,,,,,733,1252,0,0.0,0.0,,Neutral
to have,0.0,,,,,,,,,,,,,,,,,,,,,,,,,,,,,,,,,,,,,,,,,,,,,,,,,,,,,,999,932,0,0.0,0.0,,Neutral
to million,0.0,,,,,,,,,,,,,,,,,,,,,,,,,,,,,,,,,,,,,,,,,,,,,,,,,,,,,,785,706,0,0.0,0.0,,Neutral
to protect,0.0,,,,,,,,,,,,,,,,,,,,,,,,,,,,,,,,,,,,,,,,,,,,,,,,,,,,,,760,692,0,0.0,0.0,,Neutral
to stop,0.0,,,,,,,,,,,,,,,,,,,,,,,,,,,,,,,,,,,,,,,,,,,,,,,,,,,,,,884,674,0,0.0,0.0,,Neutral
to the,0.0,,,,,,,,,,,,,,,,,,,,,,,,,,,,,,,,,,,,,,,,,,,,,,,,,,,,,,671,10886,0,0.0,0.0,,Neutral
to this,0.0,,,,,,,,,,,,,,,,,,,,,,,,,,,,,,,,,,,,,,,,,,,,,,,,,,,,,,851,438,0,0.0,0.0,,Neutral
to this report,0.0,,,,,,,,,,,,,,,,,,,,,,,,,,,,,,,,,,,,,,,,,,,,,,,,,,,,,,761,134,0,0.0,0.0,,Neutral
to use,0.0,,,,,,,,,,,,,,,,,,,,,,,,,,,,,,,,,,,,,,,,,,,,,,,,,,,,,,811,414,0,0.0,0.0,,Neutral
to your inbox,0.0,,,,,,,,,,,,,,,,,,,,,,,,,,,,,,,,,,,,,,,,,,,,,,,,,,,,,,795,157,0,0.0,0.0,,Neutral
today,0.0,,,,,,,,,,,,,,,,,,,,,,,,,,,,,,,,,,,,,,,,,,,,,,,,,,,,,,326,1066,0,0.0,0.0,,Neutral
tonnes,0.0,,,,,,,,,,,,,,,,,,,,,,,,,,,,,,,,,,,,,,,,,,,,,,,,,,,,,,163,196,0,0.0,0.0,,Neutral
tonnes of,0.0,,,,,,,,,,,,,,,,,,,,,,,,,,,,,,,,,,,,,,,,,,,,,,,,,,,,,,701,137,0,0.0,0.0,,Neutral
tonnes of oil,0.0,,,,,,,,,,,,,,,,,,,,,,,,,,,,,,,,,,,,,,,,,,,,,,,,,,,,,,989,40,0,0.0,0.0,,Neutral
tons,0.0,,,,,,,,,,,,,,,,,,,,,,,,,,,,,,,,,,,,,,,,,,,,,,,,,,,,,,450,392,0,0.0,0.0,,Neutral
tons of,0.0,,,,,,,,,,,,,,,,,,,,,,,,,,,,,,,,,,,,,,,,,,,,,,,,,,,,,,931,274,0,0.0,0.0,,Neutral
took,0.0,,,,,,,,,,,,,,,,,,,,,,,,,,,,,,,,,,,,,,,,,,,,,,,,,,,,,,369,901,0,0.0,0.0,,Neutral
total,0.0,,,,,,,,,,,,,,,,,,,,,,,,,,,,,,,,,,,,,,,,,,,,,,,,,,,,,,522,974,0,0.0,0.0,,Neutral
trade,0.0,,,,,,,,,,,,,,,,,,,,,,,,,,,,,,,,,,,,,,,,,,,,,,,,,,,,,,230,1465,0,0.0,0.0,,Neutral
trading,0.0,,,,,,,,,,,,,,,,,,,,,,,,,,,,,,,,,,,,,,,,,,,,,,,,,,,,,,306,1015,0,0.0,0.0,,Neutral
transition,0.0,,,,,,,,,,,,,,,,,,,,,,,,,,,,,,,,,,,,,,,,,,,,,,,,,,,,,,276,602,0,0.0,0.0,,Neutral
trends,0.0,,,,,,,,,,,,,,,,,,,,,,,,,,,,,,,,,,,,,,,,,,,,,,,,,,,,,,413,148,0,0.0,0.0,,Neutral
trends and,0.0,,,,,,,,,,,,,,,,,,,,,,,,,,,,,,,,,,,,,,,,,,,,,,,,,,,,,,899,60,0,0.0,0.0,,Neutral
trial,0.0,,,,,,,,,,,,,,,,,,,,,,,,,,,,,,,,,,,,,,,,,,,,,,,,,,,,,,527,116,0,0.0,0.0,,Neutral
troops,0.0,,,,,,,,,,,,,,,,,,,,,,,,,,,,,,,,,,,,,,,,,,,,,,,,,,,,,,164,386,0,0.0,0.0,,Neutral
two,0.0,,,,,,,,,,,,,,,,,,,,,,,,,,,,,,,,,,,,,,,,,,,,,,,,,,,,,,973,4032,0,0.0,0.0,,Neutral
unleaded,0.0,,,,,,,,,,,,,,,,,,,,,,,,,,,,,,,,,,,,,,,,,,,,,,,,,,,,,,70,104,1,1.0,0.0,,Neutral
use,0.0,,,,,,,,,,,,,,,,,,,,,,,,,,,,,,,,,,,,,,,,,,,,,,,,,,,,,,201,1653,0,0.0,0.0,,Neutral
used,0.0,,,,,,,,,,,,,,,,,,,,,,,,,,,,,,,,,,,,,,,,,,,,,,,,,,,,,,210,1264,0,0.0,0.0,,Neutral
vehicles,0.0,,,,,,,,,,,,,,,,,,,,,,,,,,,,,,,,,,,,,,,,,,,,,,,,,,,,,,358,448,0,0.0,0.0,,Neutral
vessel,0.0,,,,,,,,,,,,,,,,,,,,,,,,,,,,,,,,,,,,,,,,,,,,,,,,,,,,,,222,764,0,0.0,0.0,,Neutral
vessels,0.0,,,,,,,,,,,,,,,,,,,,,,,,,,,,,,,,,,,,,,,,,,,,,,,,,,,,,,366,777,0,0.0,0.0,,Neutral
visit,0.0,,,,,,,,,,,,,,,,,,,,,,,,,,,,,,,,,,,,,,,,,,,,,,,,,,,,,,365,431,0,0.0,0.0,,Neutral
voice,0.0,,,,,,,,,,,,,,,,,,,,,,,,,,,,,,,,,,,,,,,,,,,,,,,,,,,,,,323,88,0,0.0,0.0,,Neutral
voters,0.0,,,,,,,,,,,,,,,,,,,,,,,,,,,,,,,,,,,,,,,,,,,,,,,,,,,,,,576,201,0,0.0,0.0,,Neutral
waivers,0.0,,,,,,,,,,,,,,,,,,,,,,,,,,,,,,,,,,,,,,,,,,,,,,,,,,,,,,524,592,0,0.0,0.0,,Neutral
want,0.0,,,,,,,,,,,,,,,,,,,,,,,,,,,,,,,,,,,,,,,,,,,,,,,,,,,,,,395,1304,0,0.0,0.0,,Neutral
war,0.0,,,,,,,,,,,,,,,,,,,,,,,,,,,,,,,,,,,,,,,,,,,,,,,,,,,,,,56,2770,1,1.0,0.0,,Neutral
warming,0.0,,,,,,,,,,,,,,,,,,,,,,,,,,,,,,,,,,,,,,,,,,,,,,,,,,,,,,385,495,0,0.0,0.0,,Neutral
warned,0.0,,,,,,,,,,,,,,,,,,,,,,,,,,,,,,,,,,,,,,,,,,,,,,,,,,,,,,384,856,0,0.0,0.0,,Neutral
was originally published,0.0,,,,,,,,,,,,,,,,,,,,,,,,,,,,,,,,,,,,,,,,,,,,,,,,,,,,,,748,216,0,0.0,0.0,,Neutral
water,0.0,,,,,,,,,,,,,,,,,,,,,,,,,,,,,,,,,,,,,,,,,,,,,,,,,,,,,,214,1639,0,0.0,0.0,,Neutral
waters,0.0,,,,,,,,,,,,,,,,,,,,,,,,,,,,,,,,,,,,,,,,,,,,,,,,,,,,,,269,1031,0,0.0,0.0,,Neutral
way,0.0,,,,,,,,,,,,,,,,,,,,,,,,,,,,,,,,,,,,,,,,,,,,,,,,,,,,,,322,2062,0,0.0,0.0,,Neutral
we cant,0.0,,,,,,,,,,,,,,,,,,,,,,,,,,,,,,,,,,,,,,,,,,,,,,,,,,,,,,859,205,0,0.0,0.0,,Neutral
wealth,0.0,,,,,,,,,,,,,,,,,,,,,,,,,,,,,,,,,,,,,,,,,,,,,,,,,,,,,,470,342,0,0.0,0.0,,Neutral
week,0.0,,,,,,,,,,,,,,,,,,,,,,,,,,,,,,,,,,,,,,,,,,,,,,,,,,,,,,156,2839,0,0.0,0.0,,Neutral
weeks,0.0,,,,,,,,,,,,,,,,,,,,,,,,,,,,,,,,,,,,,,,,,,,,,,,,,,,,,,328,1438,0,0.0,0.0,,Neutral
well,0.0,,,,,,,,,,,,,,,,,,,,,,,,,,,,,,,,,,,,,,,,,,,,,,,,,,,,,,263,3119,0,0.0,0.0,,Neutral
wells,0.0,,,,,,,,,,,,,,,,,,,,,,,,,,,,,,,,,,,,,,,,,,,,,,,,,,,,,,48,1505,1,1.0,0.0,,Neutral
wholesale,0.0,,,,,,,,,,,,,,,,,,,,,,,,,,,,,,,,,,,,,,,,,,,,,,,,,,,,,,192,150,0,0.0,0.0,,Neutral
wildlife,0.0,,,,,,,,,,,,,,,,,,,,,,,,,,,,,,,,,,,,,,,,,,,,,,,,,,,,,,603,358,0,0.0,0.0,,Neutral
will be,0.0,,,,,,,,,,,,,,,,,,,,,,,,,,,,,,,,,,,,,,,,,,,,,,,,,,,,,,741,2519,0,0.0,0.0,,Neutral
wind,0.0,,,,,,,,,,,,,,,,,,,,,,,,,,,,,,,,,,,,,,,,,,,,,,,,,,,,,,456,467,0,0.0,0.0,,Neutral
with Iran,0.0,,,,,,,,,,,,,,,,,,,,,,,,,,,,,,,,,,,,,,,,,,,,,,,,,,,,,,969,453,0,0.0,0.0,,Neutral
without,0.0,,,,,,,,,,,,,,,,,,,,,,,,,,,,,,,,,,,,,,,,,,,,,,,,,,,,,,248,1533,0,0.0,0.0,,Neutral
work,0.0,,,,,,,,,,,,,,,,,,,,,,,,,,,,,,,,,,,,,,,,,,,,,,,,,,,,,,630,1471,0,0.0,0.0,,Neutral
workers,0.0,,,,,,,,,,,,,,,,,,,,,,,,,,,,,,,,,,,,,,,,,,,,,,,,,,,,,,408,1225,0,0.0,0.0,,Neutral
world,0.0,,,,,,,,,,,,,,,,,,,,,,,,,,,,,,,,,,,,,,,,,,,,,,,,,,,,,,155,3994,0,0.0,0.0,,Neutral
would be,0.0,,,,,,,,,,,,,,,,,,,,,,,,,,,,,,,,,,,,,,,,,,,,,,,,,,,,,,908,2145,0,0.0,0.0,,Neutral
year,0.0,,,,,,,,,,,,,,,,,,,,,,,,,,,,,,,,,,,,,,,,,,,,,,,,,,,,,,126,7064,0,0.0,0.0,,Neutral
years,0.0,,,,,,,,,,,,,,,,,,,,,,,,,,,,,,,,,,,,,,,,,,,,,,,,,,,,,,229,4641,0,0.0,0.0,,Neutral
you can,0.0,,,,,,,,,,,,,,,,,,,,,,,,,,,,,,,,,,,,,,,,,,,,,,,,,,,,,,919,234,0,0.0,0.0,,Neutral
your inbox,0.0,,,,,,,,,,,,,,,,,,,,,,,,,,,,,,,,,,,,,,,,,,,,,,,,,,,,,,708,291,0,0.0,0.0,,Neutral
