PHRASE,TOTAL,aljazeera,alternet,americanconservative,ap,atlantic,bbc,breitbart,businessinsider,buzzfeed,cbs,cnn,commondreams,conversation,counterpunch,dailycaller,dailykos,dailymail,dailywire,economist,eff,federalist,fox,guardian,huffingtonpost,infowars,intercept,lewrockwell,mintpress,nationalreview,nbc,npr,nypost,nytimes,pjmedia,rawstory,redstate,rt,slate,spectator,techcrunch,time,usatoday,verge,vice,vox,wapo,wsj,Unnamed: 0,COUNT,ON_TOPIC,UNIQUE,SPECIFIC,bias_score,calculated_bias
And theyre,0.0,,,,,,,,,,,,,,,,,,,,,,,,,,,,,,,,,,,,,,,,,,,,,,,,811,11,0,0.0,0.0,,Neutral
Atlantic Council,0.0,,,,,,,,,,,,,,,,,,,,,,,,,,,,,,,,,,,,,,,,,,,,,,,,42,32,1,1.0,0.0,,Neutral
Big Tech,341.0,0.0,1.0,0.0,2.0,0.0,0.0,16.0,3.0,1.0,0.0,4.0,0.0,2.0,3.0,10.0,0.0,0.0,1.0,0.0,13.0,53.0,22.0,1.0,0.0,32.0,0.0,5.0,0.0,15.0,3.0,0.0,8.0,0.0,46.0,3.0,58.0,12.0,1.0,3.0,0.0,0.0,0.0,4.0,1.0,4.0,14.0,0.0,0,284,1,1.0,1.0,244.0,Right
Big Tech companies,0.0,,,,,,,,,,,,,,,,,,,,,,,,,,,,,,,,,,,,,,,,,,,,,,,,119,47,1,0.0,0.0,,Neutral
Big Techs,0.0,,,,,,,,,,,,,,,,,,,,,,,,,,,,,,,,,,,,,,,,,,,,,,,,120,52,1,0.0,0.0,,Neutral
But a,0.0,,,,,,,,,,,,,,,,,,,,,,,,,,,,,,,,,,,,,,,,,,,,,,,,817,25,0,0.0,0.0,,Neutral
But the,0.0,,,,,,,,,,,,,,,,,,,,,,,,,,,,,,,,,,,,,,,,,,,,,,,,710,145,0,0.0,0.0,,Neutral
But these,0.0,,,,,,,,,,,,,,,,,,,,,,,,,,,,,,,,,,,,,,,,,,,,,,,,724,23,0,0.0,0.0,,Neutral
China based,0.0,,,,,,,,,,,,,,,,,,,,,,,,,,,,,,,,,,,,,,,,,,,,,,,,523,38,0,0.0,0.0,,Neutral
Chinas Foreign Ministry,0.0,,,,,,,,,,,,,,,,,,,,,,,,,,,,,,,,,,,,,,,,,,,,,,,,466,18,0,0.0,0.0,,Neutral
Chinese President Xi,0.0,,,,,,,,,,,,,,,,,,,,,,,,,,,,,,,,,,,,,,,,,,,,,,,,575,42,0,0.0,0.0,,Neutral
Chinese authorities,0.0,,,,,,,,,,,,,,,,,,,,,,,,,,,,,,,,,,,,,,,,,,,,,,,,48,119,1,1.0,0.0,,Neutral
Chinese authorities to,0.0,,,,,,,,,,,,,,,,,,,,,,,,,,,,,,,,,,,,,,,,,,,,,,,,849,19,0,0.0,0.0,,Neutral
Chinese citizens,0.0,,,,,,,,,,,,,,,,,,,,,,,,,,,,,,,,,,,,,,,,,,,,,,,,49,71,1,1.0,0.0,,Neutral
Chinese people,0.0,,,,,,,,,,,,,,,,,,,,,,,,,,,,,,,,,,,,,,,,,,,,,,,,213,76,0,0.0,0.0,,Neutral
Chinese social media,0.0,,,,,,,,,,,,,,,,,,,,,,,,,,,,,,,,,,,,,,,,,,,,,,,,50,50,1,1.0,0.0,,Neutral
Communist Party,0.0,,,,,,,,,,,,,,,,,,,,,,,,,,,,,,,,,,,,,,,,,,,,,,,,51,246,1,1.0,0.0,,Neutral
Communist Partys,0.0,,,,,,,,,,,,,,,,,,,,,,,,,,,,,,,,,,,,,,,,,,,,,,,,124,57,1,0.0,0.0,,Neutral
Experts say this,0.0,,,,,,,,,,,,,,,,,,,,,,,,,,,,,,,,,,,,,,,,,,,,,,,,810,11,0,0.0,0.0,,Neutral
FALSE,0.0,,,,,,,,,,,,,,,,,,,,,,,,,,,,,,,,,,,,,,,,,,,,,,,,796,221,0,0.0,0.0,,Neutral
Facebook and,0.0,,,,,,,,,,,,,,,,,,,,,,,,,,,,,,,,,,,,,,,,,,,,,,,,126,272,1,0.0,0.0,,Neutral
Facebook and Twitter,0.0,,,,,,,,,,,,,,,,,,,,,,,,,,,,,,,,,,,,,,,,,,,,,,,,895,105,0,0.0,0.0,,Neutral
Fake News,50.0,1.0,0.0,0.0,1.0,0.0,0.0,0.0,0.0,0.0,0.0,1.0,0.0,1.0,1.0,1.0,1.0,12.0,0.0,1.0,0.0,0.0,1.0,0.0,0.0,1.0,0.0,0.0,1.0,2.0,0.0,1.0,0.0,0.0,0.0,2.0,15.0,1.0,1.0,0.0,0.0,0.0,1.0,0.0,0.0,1.0,3.0,0.0,23,27,1,1.0,1.0,12.0,Right
First Amendment,0.0,,,,,,,,,,,,,,,,,,,,,,,,,,,,,,,,,,,,,,,,,,,,,,,,3,439,1,1.0,0.0,,Neutral
For now,0.0,,,,,,,,,,,,,,,,,,,,,,,,,,,,,,,,,,,,,,,,,,,,,,,,767,22,0,0.0,0.0,,Neutral
Foreign Ministry,0.0,,,,,,,,,,,,,,,,,,,,,,,,,,,,,,,,,,,,,,,,,,,,,,,,165,57,0,0.0,0.0,,Neutral
Foreign Ministry spokesman,0.0,,,,,,,,,,,,,,,,,,,,,,,,,,,,,,,,,,,,,,,,,,,,,,,,61,19,1,1.0,0.0,,Neutral
Fourth of,0.0,,,,,,,,,,,,,,,,,,,,,,,,,,,,,,,,,,,,,,,,,,,,,,,,628,65,0,0.0,0.0,,Neutral
Franklin Graham,0.0,,,,,,,,,,,,,,,,,,,,,,,,,,,,,,,,,,,,,,,,,,,,,,,,62,17,1,1.0,0.0,,Neutral
Free Speech,0.0,,,,,,,,,,,,,,,,,,,,,,,,,,,,,,,,,,,,,,,,,,,,,,,,63,84,1,1.0,0.0,,Neutral
Free Thought Project,0.0,,,,,,,,,,,,,,,,,,,,,,,,,,,,,,,,,,,,,,,,,,,,,,,,64,20,1,1.0,0.0,,Neutral
Google and,0.0,,,,,,,,,,,,,,,,,,,,,,,,,,,,,,,,,,,,,,,,,,,,,,,,948,121,0,0.0,0.0,,Neutral
Great Firewall,0.0,,,,,,,,,,,,,,,,,,,,,,,,,,,,,,,,,,,,,,,,,,,,,,,,66,123,1,1.0,0.0,,Neutral
He was,0.0,,,,,,,,,,,,,,,,,,,,,,,,,,,,,,,,,,,,,,,,,,,,,,,,804,49,0,0.0,0.0,,Neutral
High School,0.0,,,,,,,,,,,,,,,,,,,,,,,,,,,,,,,,,,,,,,,,,,,,,,,,286,38,0,0.0,0.0,,Neutral
Hong Kong,0.0,,,,,,,,,,,,,,,,,,,,,,,,,,,,,,,,,,,,,,,,,,,,,,,,67,778,1,1.0,0.0,,Neutral
Hong Kongs,0.0,,,,,,,,,,,,,,,,,,,,,,,,,,,,,,,,,,,,,,,,,,,,,,,,402,103,0,0.0,0.0,,Neutral
I dont,0.0,,,,,,,,,,,,,,,,,,,,,,,,,,,,,,,,,,,,,,,,,,,,,,,,955,83,0,0.0,0.0,,Neutral
I want,0.0,,,,,,,,,,,,,,,,,,,,,,,,,,,,,,,,,,,,,,,,,,,,,,,,701,41,0,0.0,0.0,,Neutral
Internet freedom,39.0,0.0,0.0,0.0,0.0,0.0,0.0,0.0,0.0,0.0,0.0,1.0,0.0,0.0,0.0,0.0,0.0,0.0,0.0,0.0,4.0,0.0,0.0,0.0,0.0,0.0,0.0,0.0,1.0,2.0,0.0,0.0,0.0,0.0,0.0,0.0,0.0,0.0,0.0,0.0,0.0,0.0,0.0,0.0,14.0,0.0,17.0,0.0,14,22,1,1.0,1.0,-30.0,Left
Joe Biden,0.0,,,,,,,,,,,,,,,,,,,,,,,,,,,,,,,,,,,,,,,,,,,,,,,,421,20,0,0.0,0.0,,Neutral
Laura Loomer,0.0,,,,,,,,,,,,,,,,,,,,,,,,,,,,,,,,,,,,,,,,,,,,,,,,71,38,1,1.0,0.0,,Neutral
Li Wenliang,0.0,,,,,,,,,,,,,,,,,,,,,,,,,,,,,,,,,,,,,,,,,,,,,,,,74,30,1,1.0,0.0,,Neutral
Lis death,0.0,,,,,,,,,,,,,,,,,,,,,,,,,,,,,,,,,,,,,,,,,,,,,,,,595,28,0,0.0,0.0,,Neutral
Live Action,0.0,,,,,,,,,,,,,,,,,,,,,,,,,,,,,,,,,,,,,,,,,,,,,,,,76,63,1,1.0,0.0,,Neutral
New Delhi,0.0,,,,,,,,,,,,,,,,,,,,,,,,,,,,,,,,,,,,,,,,,,,,,,,,547,22,0,0.0,0.0,,Neutral
New York,0.0,,,,,,,,,,,,,,,,,,,,,,,,,,,,,,,,,,,,,,,,,,,,,,,,224,192,0,0.0,0.0,,Neutral
New York Post,0.0,,,,,,,,,,,,,,,,,,,,,,,,,,,,,,,,,,,,,,,,,,,,,,,,223,18,0,0.0,0.0,,Neutral
People who,0.0,,,,,,,,,,,,,,,,,,,,,,,,,,,,,,,,,,,,,,,,,,,,,,,,738,20,0,0.0,0.0,,Neutral
President Xi Jinping,0.0,,,,,,,,,,,,,,,,,,,,,,,,,,,,,,,,,,,,,,,,,,,,,,,,545,72,0,0.0,0.0,,Neutral
Project Veritas,0.0,,,,,,,,,,,,,,,,,,,,,,,,,,,,,,,,,,,,,,,,,,,,,,,,87,47,1,1.0,0.0,,Neutral
Saudi Arabia,0.0,,,,,,,,,,,,,,,,,,,,,,,,,,,,,,,,,,,,,,,,,,,,,,,,451,67,0,0.0,0.0,,Neutral
Share this,0.0,,,,,,,,,,,,,,,,,,,,,,,,,,,,,,,,,,,,,,,,,,,,,,,,835,23,0,0.0,0.0,,Neutral
Silicon Valley,0.0,,,,,,,,,,,,,,,,,,,,,,,,,,,,,,,,,,,,,,,,,,,,,,,,92,145,1,1.0,0.0,,Neutral
Social media,0.0,,,,,,,,,,,,,,,,,,,,,,,,,,,,,,,,,,,,,,,,,,,,,,,,148,87,1,0.0,0.0,,Neutral
Sri Lanka,0.0,,,,,,,,,,,,,,,,,,,,,,,,,,,,,,,,,,,,,,,,,,,,,,,,169,40,0,0.0,0.0,,Neutral
State Department,0.0,,,,,,,,,,,,,,,,,,,,,,,,,,,,,,,,,,,,,,,,,,,,,,,,537,37,0,0.0,0.0,,Neutral
State University,0.0,,,,,,,,,,,,,,,,,,,,,,,,,,,,,,,,,,,,,,,,,,,,,,,,478,27,0,0.0,0.0,,Neutral
Supreme Court,0.0,,,,,,,,,,,,,,,,,,,,,,,,,,,,,,,,,,,,,,,,,,,,,,,,608,118,0,0.0,0.0,,Neutral
The Federalist,0.0,,,,,,,,,,,,,,,,,,,,,,,,,,,,,,,,,,,,,,,,,,,,,,,,626,79,0,0.0,0.0,,Neutral
The United States,0.0,,,,,,,,,,,,,,,,,,,,,,,,,,,,,,,,,,,,,,,,,,,,,,,,801,51,0,0.0,0.0,,Neutral
The Washington Post,0.0,,,,,,,,,,,,,,,,,,,,,,,,,,,,,,,,,,,,,,,,,,,,,,,,946,74,0,0.0,0.0,,Neutral
This article is,0.0,,,,,,,,,,,,,,,,,,,,,,,,,,,,,,,,,,,,,,,,,,,,,,,,812,38,0,0.0,0.0,,Neutral
Tiananmen Square,0.0,,,,,,,,,,,,,,,,,,,,,,,,,,,,,,,,,,,,,,,,,,,,,,,,102,182,1,1.0,0.0,,Neutral
Twitter and,0.0,,,,,,,,,,,,,,,,,,,,,,,,,,,,,,,,,,,,,,,,,,,,,,,,886,201,0,0.0,0.0,,Neutral
Twitter and Facebook,0.0,,,,,,,,,,,,,,,,,,,,,,,,,,,,,,,,,,,,,,,,,,,,,,,,104,88,1,1.0,0.0,,Neutral
US government,0.0,,,,,,,,,,,,,,,,,,,,,,,,,,,,,,,,,,,,,,,,,,,,,,,,607,34,0,0.0,0.0,,Neutral
United States,0.0,,,,,,,,,,,,,,,,,,,,,,,,,,,,,,,,,,,,,,,,,,,,,,,,157,822,0,0.0,0.0,,Neutral
Wall Street Journal,0.0,,,,,,,,,,,,,,,,,,,,,,,,,,,,,,,,,,,,,,,,,,,,,,,,198,62,0,0.0,0.0,,Neutral
We have,0.0,,,,,,,,,,,,,,,,,,,,,,,,,,,,,,,,,,,,,,,,,,,,,,,,881,74,0,0.0,0.0,,Neutral
Winnie the Pooh,0.0,,,,,,,,,,,,,,,,,,,,,,,,,,,,,,,,,,,,,,,,,,,,,,,,983,44,0,0.0,0.0,,Neutral
Xi Jinping,0.0,,,,,,,,,,,,,,,,,,,,,,,,,,,,,,,,,,,,,,,,,,,,,,,,521,125,0,0.0,0.0,,Neutral
YouTube Facebook,0.0,,,,,,,,,,,,,,,,,,,,,,,,,,,,,,,,,,,,,,,,,,,,,,,,107,17,1,1.0,0.0,,Neutral
a Chinese,0.0,,,,,,,,,,,,,,,,,,,,,,,,,,,,,,,,,,,,,,,,,,,,,,,,862,86,0,0.0,0.0,,Neutral
a conservative,0.0,,,,,,,,,,,,,,,,,,,,,,,,,,,,,,,,,,,,,,,,,,,,,,,,992,45,0,0.0,0.0,,Neutral
a country,0.0,,,,,,,,,,,,,,,,,,,,,,,,,,,,,,,,,,,,,,,,,,,,,,,,719,67,0,0.0,0.0,,Neutral
a country that,0.0,,,,,,,,,,,,,,,,,,,,,,,,,,,,,,,,,,,,,,,,,,,,,,,,697,22,0,0.0,0.0,,Neutral
a friend,0.0,,,,,,,,,,,,,,,,,,,,,,,,,,,,,,,,,,,,,,,,,,,,,,,,662,43,0,0.0,0.0,,Neutral
a large,0.0,,,,,,,,,,,,,,,,,,,,,,,,,,,,,,,,,,,,,,,,,,,,,,,,695,68,0,0.0,0.0,,Neutral
a new,0.0,,,,,,,,,,,,,,,,,,,,,,,,,,,,,,,,,,,,,,,,,,,,,,,,860,227,0,0.0,0.0,,Neutral
a new wave,0.0,,,,,,,,,,,,,,,,,,,,,,,,,,,,,,,,,,,,,,,,,,,,,,,,756,13,0,0.0,0.0,,Neutral
a partnership,0.0,,,,,,,,,,,,,,,,,,,,,,,,,,,,,,,,,,,,,,,,,,,,,,,,926,17,0,0.0,0.0,,Neutral
a renewed,0.0,,,,,,,,,,,,,,,,,,,,,,,,,,,,,,,,,,,,,,,,,,,,,,,,777,12,0,0.0,0.0,,Neutral
a site,0.0,,,,,,,,,,,,,,,,,,,,,,,,,,,,,,,,,,,,,,,,,,,,,,,,834,20,0,0.0,0.0,,Neutral
a step,0.0,,,,,,,,,,,,,,,,,,,,,,,,,,,,,,,,,,,,,,,,,,,,,,,,806,20,0,0.0,0.0,,Neutral
a threat to,0.0,,,,,,,,,,,,,,,,,,,,,,,,,,,,,,,,,,,,,,,,,,,,,,,,980,38,0,0.0,0.0,,Neutral
able to,0.0,,,,,,,,,,,,,,,,,,,,,,,,,,,,,,,,,,,,,,,,,,,,,,,,972,208,0,0.0,0.0,,Neutral
abortion,0.0,,,,,,,,,,,,,,,,,,,,,,,,,,,,,,,,,,,,,,,,,,,,,,,,351,47,0,0.0,0.0,,Neutral
about the,0.0,,,,,,,,,,,,,,,,,,,,,,,,,,,,,,,,,,,,,,,,,,,,,,,,632,591,0,0.0,0.0,,Neutral
about the governments,0.0,,,,,,,,,,,,,,,,,,,,,,,,,,,,,,,,,,,,,,,,,,,,,,,,732,15,0,0.0,0.0,,Neutral
about the virus,0.0,,,,,,,,,,,,,,,,,,,,,,,,,,,,,,,,,,,,,,,,,,,,,,,,800,33,0,0.0,0.0,,Neutral
academic,0.0,,,,,,,,,,,,,,,,,,,,,,,,,,,,,,,,,,,,,,,,,,,,,,,,38,70,1,1.0,0.0,,Neutral
access,0.0,,,,,,,,,,,,,,,,,,,,,,,,,,,,,,,,,,,,,,,,,,,,,,,,273,438,0,0.0,0.0,,Neutral
access to,0.0,,,,,,,,,,,,,,,,,,,,,,,,,,,,,,,,,,,,,,,,,,,,,,,,658,273,0,0.0,0.0,,Neutral
according to,0.0,,,,,,,,,,,,,,,,,,,,,,,,,,,,,,,,,,,,,,,,,,,,,,,,722,313,0,0.0,0.0,,Neutral
account,0.0,,,,,,,,,,,,,,,,,,,,,,,,,,,,,,,,,,,,,,,,,,,,,,,,219,415,0,0.0,0.0,,Neutral
accounts,0.0,,,,,,,,,,,,,,,,,,,,,,,,,,,,,,,,,,,,,,,,,,,,,,,,258,451,0,0.0,0.0,,Neutral
accused,0.0,,,,,,,,,,,,,,,,,,,,,,,,,,,,,,,,,,,,,,,,,,,,,,,,532,181,0,0.0,0.0,,Neutral
action,0.0,,,,,,,,,,,,,,,,,,,,,,,,,,,,,,,,,,,,,,,,,,,,,,,,514,250,0,0.0,0.0,,Neutral
actions,0.0,,,,,,,,,,,,,,,,,,,,,,,,,,,,,,,,,,,,,,,,,,,,,,,,472,143,0,0.0,0.0,,Neutral
activists,0.0,,,,,,,,,,,,,,,,,,,,,,,,,,,,,,,,,,,,,,,,,,,,,,,,39,292,1,1.0,0.0,,Neutral
activities,0.0,,,,,,,,,,,,,,,,,,,,,,,,,,,,,,,,,,,,,,,,,,,,,,,,331,89,0,0.0,0.0,,Neutral
actually,0.0,,,,,,,,,,,,,,,,,,,,,,,,,,,,,,,,,,,,,,,,,,,,,,,,586,178,0,0.0,0.0,,Neutral
added,0.0,,,,,,,,,,,,,,,,,,,,,,,,,,,,,,,,,,,,,,,,,,,,,,,,353,242,0,0.0,0.0,,Neutral
administrators,0.0,,,,,,,,,,,,,,,,,,,,,,,,,,,,,,,,,,,,,,,,,,,,,,,,207,68,0,0.0,0.0,,Neutral
adult,0.0,,,,,,,,,,,,,,,,,,,,,,,,,,,,,,,,,,,,,,,,,,,,,,,,411,55,0,0.0,0.0,,Neutral
adult content,0.0,,,,,,,,,,,,,,,,,,,,,,,,,,,,,,,,,,,,,,,,,,,,,,,,40,15,1,1.0,0.0,,Neutral
advocates,0.0,,,,,,,,,,,,,,,,,,,,,,,,,,,,,,,,,,,,,,,,,,,,,,,,454,82,0,0.0,0.0,,Neutral
affairs,0.0,,,,,,,,,,,,,,,,,,,,,,,,,,,,,,,,,,,,,,,,,,,,,,,,550,33,0,0.0,0.0,,Neutral
after his,0.0,,,,,,,,,,,,,,,,,,,,,,,,,,,,,,,,,,,,,,,,,,,,,,,,788,29,0,0.0,0.0,,Neutral
agencies,0.0,,,,,,,,,,,,,,,,,,,,,,,,,,,,,,,,,,,,,,,,,,,,,,,,113,111,1,0.0,0.0,,Neutral
aggressively,0.0,,,,,,,,,,,,,,,,,,,,,,,,,,,,,,,,,,,,,,,,,,,,,,,,428,32,0,0.0,0.0,,Neutral
ahead,0.0,,,,,,,,,,,,,,,,,,,,,,,,,,,,,,,,,,,,,,,,,,,,,,,,549,75,0,0.0,0.0,,Neutral
ahead of,0.0,,,,,,,,,,,,,,,,,,,,,,,,,,,,,,,,,,,,,,,,,,,,,,,,907,52,0,0.0,0.0,,Neutral
ahead of the,0.0,,,,,,,,,,,,,,,,,,,,,,,,,,,,,,,,,,,,,,,,,,,,,,,,798,31,0,0.0,0.0,,Neutral
algorithm,0.0,,,,,,,,,,,,,,,,,,,,,,,,,,,,,,,,,,,,,,,,,,,,,,,,41,67,1,1.0,0.0,,Neutral
algorithms,0.0,,,,,,,,,,,,,,,,,,,,,,,,,,,,,,,,,,,,,,,,,,,,,,,,114,102,1,0.0,0.0,,Neutral
allow,0.0,,,,,,,,,,,,,,,,,,,,,,,,,,,,,,,,,,,,,,,,,,,,,,,,555,222,0,0.0,0.0,,Neutral
allow them to,0.0,,,,,,,,,,,,,,,,,,,,,,,,,,,,,,,,,,,,,,,,,,,,,,,,822,18,0,0.0,0.0,,Neutral
almost,0.0,,,,,,,,,,,,,,,,,,,,,,,,,,,,,,,,,,,,,,,,,,,,,,,,620,157,0,0.0,0.0,,Neutral
already,0.0,,,,,,,,,,,,,,,,,,,,,,,,,,,,,,,,,,,,,,,,,,,,,,,,424,283,0,0.0,0.0,,Neutral
alternative,0.0,,,,,,,,,,,,,,,,,,,,,,,,,,,,,,,,,,,,,,,,,,,,,,,,115,148,1,0.0,0.0,,Neutral
alternative media,34.0,1.0,0.0,0.0,0.0,0.0,0.0,4.0,0.0,0.0,0.0,1.0,1.0,0.0,0.0,0.0,0.0,0.0,0.0,0.0,0.0,1.0,0.0,0.0,0.0,1.0,0.0,14.0,5.0,0.0,0.0,0.0,0.0,0.0,0.0,1.0,0.0,4.0,0.0,0.0,0.0,0.0,0.0,0.0,0.0,1.0,0.0,0.0,24,41,1,1.0,1.0,6.0,Right
an early,0.0,,,,,,,,,,,,,,,,,,,,,,,,,,,,,,,,,,,,,,,,,,,,,,,,793,20,0,0.0,0.0,,Neutral
analysis,0.0,,,,,,,,,,,,,,,,,,,,,,,,,,,,,,,,,,,,,,,,,,,,,,,,616,63,0,0.0,0.0,,Neutral
and Facebook,0.0,,,,,,,,,,,,,,,,,,,,,,,,,,,,,,,,,,,,,,,,,,,,,,,,867,158,0,0.0,0.0,,Neutral
and Twitter,0.0,,,,,,,,,,,,,,,,,,,,,,,,,,,,,,,,,,,,,,,,,,,,,,,,859,186,0,0.0,0.0,,Neutral
and Twitter are,0.0,,,,,,,,,,,,,,,,,,,,,,,,,,,,,,,,,,,,,,,,,,,,,,,,855,26,0,0.0,0.0,,Neutral
and entertainment,0.0,,,,,,,,,,,,,,,,,,,,,,,,,,,,,,,,,,,,,,,,,,,,,,,,696,14,0,0.0,0.0,,Neutral
and free,0.0,,,,,,,,,,,,,,,,,,,,,,,,,,,,,,,,,,,,,,,,,,,,,,,,623,159,0,0.0,0.0,,Neutral
and has,0.0,,,,,,,,,,,,,,,,,,,,,,,,,,,,,,,,,,,,,,,,,,,,,,,,995,88,0,0.0,0.0,,Neutral
and intelligence,0.0,,,,,,,,,,,,,,,,,,,,,,,,,,,,,,,,,,,,,,,,,,,,,,,,807,18,0,0.0,0.0,,Neutral
and other,0.0,,,,,,,,,,,,,,,,,,,,,,,,,,,,,,,,,,,,,,,,,,,,,,,,795,350,0,0.0,0.0,,Neutral
and the,0.0,,,,,,,,,,,,,,,,,,,,,,,,,,,,,,,,,,,,,,,,,,,,,,,,667,1106,0,0.0,0.0,,Neutral
and their,0.0,,,,,,,,,,,,,,,,,,,,,,,,,,,,,,,,,,,,,,,,,,,,,,,,953,112,0,0.0,0.0,,Neutral
and their families,0.0,,,,,,,,,,,,,,,,,,,,,,,,,,,,,,,,,,,,,,,,,,,,,,,,808,16,0,0.0,0.0,,Neutral
and was,0.0,,,,,,,,,,,,,,,,,,,,,,,,,,,,,,,,,,,,,,,,,,,,,,,,768,58,0,0.0,0.0,,Neutral
anger,0.0,,,,,,,,,,,,,,,,,,,,,,,,,,,,,,,,,,,,,,,,,,,,,,,,450,67,0,0.0,0.0,,Neutral
anger at,0.0,,,,,,,,,,,,,,,,,,,,,,,,,,,,,,,,,,,,,,,,,,,,,,,,858,17,0,0.0,0.0,,Neutral
anniversary,0.0,,,,,,,,,,,,,,,,,,,,,,,,,,,,,,,,,,,,,,,,,,,,,,,,601,86,0,0.0,0.0,,Neutral
announced,0.0,,,,,,,,,,,,,,,,,,,,,,,,,,,,,,,,,,,,,,,,,,,,,,,,614,174,0,0.0,0.0,,Neutral
anonymous,0.0,,,,,,,,,,,,,,,,,,,,,,,,,,,,,,,,,,,,,,,,,,,,,,,,404,41,0,0.0,0.0,,Neutral
anti,0.0,,,,,,,,,,,,,,,,,,,,,,,,,,,,,,,,,,,,,,,,,,,,,,,,226,440,0,0.0,0.0,,Neutral
anything,0.0,,,,,,,,,,,,,,,,,,,,,,,,,,,,,,,,,,,,,,,,,,,,,,,,479,188,0,0.0,0.0,,Neutral
archive,0.0,,,,,,,,,,,,,,,,,,,,,,,,,,,,,,,,,,,,,,,,,,,,,,,,372,23,0,0.0,0.0,,Neutral
are also,0.0,,,,,,,,,,,,,,,,,,,,,,,,,,,,,,,,,,,,,,,,,,,,,,,,916,71,0,0.0,0.0,,Neutral
are blocked,0.0,,,,,,,,,,,,,,,,,,,,,,,,,,,,,,,,,,,,,,,,,,,,,,,,712,26,0,0.0,0.0,,Neutral
are blocked in,0.0,,,,,,,,,,,,,,,,,,,,,,,,,,,,,,,,,,,,,,,,,,,,,,,,708,17,0,0.0,0.0,,Neutral
are part of,0.0,,,,,,,,,,,,,,,,,,,,,,,,,,,,,,,,,,,,,,,,,,,,,,,,779,25,0,0.0,0.0,,Neutral
are pushing,0.0,,,,,,,,,,,,,,,,,,,,,,,,,,,,,,,,,,,,,,,,,,,,,,,,737,14,0,0.0,0.0,,Neutral
are staying,0.0,,,,,,,,,,,,,,,,,,,,,,,,,,,,,,,,,,,,,,,,,,,,,,,,790,12,0,0.0,0.0,,Neutral
are very,0.0,,,,,,,,,,,,,,,,,,,,,,,,,,,,,,,,,,,,,,,,,,,,,,,,707,34,0,0.0,0.0,,Neutral
are willing to,0.0,,,,,,,,,,,,,,,,,,,,,,,,,,,,,,,,,,,,,,,,,,,,,,,,687,31,0,0.0,0.0,,Neutral
argument,0.0,,,,,,,,,,,,,,,,,,,,,,,,,,,,,,,,,,,,,,,,,,,,,,,,469,98,0,0.0,0.0,,Neutral
around,0.0,,,,,,,,,,,,,,,,,,,,,,,,,,,,,,,,,,,,,,,,,,,,,,,,425,406,0,0.0,0.0,,Neutral
around the,0.0,,,,,,,,,,,,,,,,,,,,,,,,,,,,,,,,,,,,,,,,,,,,,,,,928,203,0,0.0,0.0,,Neutral
arrested,0.0,,,,,,,,,,,,,,,,,,,,,,,,,,,,,,,,,,,,,,,,,,,,,,,,470,104,0,0.0,0.0,,Neutral
art,0.0,,,,,,,,,,,,,,,,,,,,,,,,,,,,,,,,,,,,,,,,,,,,,,,,426,100,0,0.0,0.0,,Neutral
article,0.0,,,,,,,,,,,,,,,,,,,,,,,,,,,,,,,,,,,,,,,,,,,,,,,,192,352,0,0.0,0.0,,Neutral
articles,0.0,,,,,,,,,,,,,,,,,,,,,,,,,,,,,,,,,,,,,,,,,,,,,,,,244,163,0,0.0,0.0,,Neutral
artist,0.0,,,,,,,,,,,,,,,,,,,,,,,,,,,,,,,,,,,,,,,,,,,,,,,,571,65,0,0.0,0.0,,Neutral
artists,0.0,,,,,,,,,,,,,,,,,,,,,,,,,,,,,,,,,,,,,,,,,,,,,,,,333,93,0,0.0,0.0,,Neutral
as a,0.0,,,,,,,,,,,,,,,,,,,,,,,,,,,,,,,,,,,,,,,,,,,,,,,,915,710,0,0.0,0.0,,Neutral
as of,0.0,,,,,,,,,,,,,,,,,,,,,,,,,,,,,,,,,,,,,,,,,,,,,,,,631,66,0,0.0,0.0,,Neutral
as well as,0.0,,,,,,,,,,,,,,,,,,,,,,,,,,,,,,,,,,,,,,,,,,,,,,,,974,184,0,0.0,0.0,,Neutral
asked,0.0,,,,,,,,,,,,,,,,,,,,,,,,,,,,,,,,,,,,,,,,,,,,,,,,515,217,0,0.0,0.0,,Neutral
asked to,0.0,,,,,,,,,,,,,,,,,,,,,,,,,,,,,,,,,,,,,,,,,,,,,,,,814,38,0,0.0,0.0,,Neutral
at a,0.0,,,,,,,,,,,,,,,,,,,,,,,,,,,,,,,,,,,,,,,,,,,,,,,,924,175,0,0.0,0.0,,Neutral
at least,0.0,,,,,,,,,,,,,,,,,,,,,,,,,,,,,,,,,,,,,,,,,,,,,,,,923,169,0,0.0,0.0,,Neutral
at the,0.0,,,,,,,,,,,,,,,,,,,,,,,,,,,,,,,,,,,,,,,,,,,,,,,,794,669,0,0.0,0.0,,Neutral
attempts to,0.0,,,,,,,,,,,,,,,,,,,,,,,,,,,,,,,,,,,,,,,,,,,,,,,,950,81,0,0.0,0.0,,Neutral
attempts to control,0.0,,,,,,,,,,,,,,,,,,,,,,,,,,,,,,,,,,,,,,,,,,,,,,,,108,13,1,0.0,0.0,,Neutral
audience,0.0,,,,,,,,,,,,,,,,,,,,,,,,,,,,,,,,,,,,,,,,,,,,,,,,352,132,0,0.0,0.0,,Neutral
authoritarian,0.0,,,,,,,,,,,,,,,,,,,,,,,,,,,,,,,,,,,,,,,,,,,,,,,,43,149,1,1.0,0.0,,Neutral
authorities,0.0,,,,,,,,,,,,,,,,,,,,,,,,,,,,,,,,,,,,,,,,,,,,,,,,44,494,1,1.0,0.0,,Neutral
authorities to,0.0,,,,,,,,,,,,,,,,,,,,,,,,,,,,,,,,,,,,,,,,,,,,,,,,743,49,0,0.0,0.0,,Neutral
available,0.0,,,,,,,,,,,,,,,,,,,,,,,,,,,,,,,,,,,,,,,,,,,,,,,,296,167,0,0.0,0.0,,Neutral
back,0.0,,,,,,,,,,,,,,,,,,,,,,,,,,,,,,,,,,,,,,,,,,,,,,,,341,368,0,0.0,0.0,,Neutral
back in,0.0,,,,,,,,,,,,,,,,,,,,,,,,,,,,,,,,,,,,,,,,,,,,,,,,952,53,0,0.0,0.0,,Neutral
back on,0.0,,,,,,,,,,,,,,,,,,,,,,,,,,,,,,,,,,,,,,,,,,,,,,,,837,38,0,0.0,0.0,,Neutral
ban,0.0,,,,,,,,,,,,,,,,,,,,,,,,,,,,,,,,,,,,,,,,,,,,,,,,45,383,1,1.0,0.0,,Neutral
banned,0.0,,,,,,,,,,,,,,,,,,,,,,,,,,,,,,,,,,,,,,,,,,,,,,,,116,571,1,0.0,0.0,,Neutral
banning,0.0,,,,,,,,,,,,,,,,,,,,,,,,,,,,,,,,,,,,,,,,,,,,,,,,117,204,1,0.0,0.0,,Neutral
based,0.0,,,,,,,,,,,,,,,,,,,,,,,,,,,,,,,,,,,,,,,,,,,,,,,,222,501,0,0.0,0.0,,Neutral
because its,0.0,,,,,,,,,,,,,,,,,,,,,,,,,,,,,,,,,,,,,,,,,,,,,,,,956,16,0,0.0,0.0,,Neutral
become,0.0,,,,,,,,,,,,,,,,,,,,,,,,,,,,,,,,,,,,,,,,,,,,,,,,429,342,0,0.0,0.0,,Neutral
become an,0.0,,,,,,,,,,,,,,,,,,,,,,,,,,,,,,,,,,,,,,,,,,,,,,,,760,24,0,0.0,0.0,,Neutral
becoming,0.0,,,,,,,,,,,,,,,,,,,,,,,,,,,,,,,,,,,,,,,,,,,,,,,,358,87,0,0.0,0.0,,Neutral
becoming a,0.0,,,,,,,,,,,,,,,,,,,,,,,,,,,,,,,,,,,,,,,,,,,,,,,,676,19,0,0.0,0.0,,Neutral
bias,734.0,8.0,2.0,5.0,12.0,1.0,3.0,19.0,0.0,7.0,3.0,18.0,11.0,5.0,3.0,30.0,2.0,111.0,1.0,1.0,7.0,17.0,47.0,12.0,2.0,8.0,3.0,5.0,0.0,45.0,21.0,4.0,9.0,4.0,41.0,19.0,34.0,15.0,9.0,17.0,3.0,3.0,26.0,23.0,4.0,26.0,85.0,3.0,15,149,1,1.0,1.0,82.0,Right
big,0.0,,,,,,,,,,,,,,,,,,,,,,,,,,,,,,,,,,,,,,,,,,,,,,,,172,285,0,0.0,0.0,,Neutral
big tech,280.0,0.0,3.0,6.0,0.0,0.0,0.0,24.0,0.0,6.0,0.0,6.0,2.0,1.0,8.0,11.0,0.0,28.0,1.0,3.0,3.0,35.0,22.0,3.0,0.0,10.0,1.0,7.0,0.0,4.0,13.0,7.0,2.0,0.0,17.0,7.0,1.0,4.0,1.0,6.0,2.0,0.0,4.0,15.0,0.0,6.0,11.0,0.0,4,137,1,1.0,1.0,86.0,Right
big tech companies,0.0,,,,,,,,,,,,,,,,,,,,,,,,,,,,,,,,,,,,,,,,,,,,,,,,118,46,1,0.0,0.0,,Neutral
bill,0.0,,,,,,,,,,,,,,,,,,,,,,,,,,,,,,,,,,,,,,,,,,,,,,,,246,187,0,0.0,0.0,,Neutral
billion,0.0,,,,,,,,,,,,,,,,,,,,,,,,,,,,,,,,,,,,,,,,,,,,,,,,597,82,0,0.0,0.0,,Neutral
blank,0.0,,,,,,,,,,,,,,,,,,,,,,,,,,,,,,,,,,,,,,,,,,,,,,,,252,24,0,0.0,0.0,,Neutral
block,0.0,,,,,,,,,,,,,,,,,,,,,,,,,,,,,,,,,,,,,,,,,,,,,,,,611,170,0,0.0,0.0,,Neutral
blocked,0.0,,,,,,,,,,,,,,,,,,,,,,,,,,,,,,,,,,,,,,,,,,,,,,,,302,328,0,0.0,0.0,,Neutral
blocked in,0.0,,,,,,,,,,,,,,,,,,,,,,,,,,,,,,,,,,,,,,,,,,,,,,,,803,58,0,0.0,0.0,,Neutral
blocked in China,0.0,,,,,,,,,,,,,,,,,,,,,,,,,,,,,,,,,,,,,,,,,,,,,,,,821,36,0,0.0,0.0,,Neutral
board,0.0,,,,,,,,,,,,,,,,,,,,,,,,,,,,,,,,,,,,,,,,,,,,,,,,247,130,0,0.0,0.0,,Neutral
book,0.0,,,,,,,,,,,,,,,,,,,,,,,,,,,,,,,,,,,,,,,,,,,,,,,,232,246,0,0.0,0.0,,Neutral
books,0.0,,,,,,,,,,,,,,,,,,,,,,,,,,,,,,,,,,,,,,,,,,,,,,,,183,235,0,0.0,0.0,,Neutral
border,0.0,,,,,,,,,,,,,,,,,,,,,,,,,,,,,,,,,,,,,,,,,,,,,,,,446,36,0,0.0,0.0,,Neutral
breaking,0.0,,,,,,,,,,,,,,,,,,,,,,,,,,,,,,,,,,,,,,,,,,,,,,,,241,66,0,0.0,0.0,,Neutral
bureau,0.0,,,,,,,,,,,,,,,,,,,,,,,,,,,,,,,,,,,,,,,,,,,,,,,,204,62,0,0.0,0.0,,Neutral
bureau chief,0.0,,,,,,,,,,,,,,,,,,,,,,,,,,,,,,,,,,,,,,,,,,,,,,,,255,37,0,0.0,0.0,,Neutral
by Facebook,0.0,,,,,,,,,,,,,,,,,,,,,,,,,,,,,,,,,,,,,,,,,,,,,,,,679,75,0,0.0,0.0,,Neutral
by the death,0.0,,,,,,,,,,,,,,,,,,,,,,,,,,,,,,,,,,,,,,,,,,,,,,,,828,11,0,0.0,0.0,,Neutral
by the government,0.0,,,,,,,,,,,,,,,,,,,,,,,,,,,,,,,,,,,,,,,,,,,,,,,,882,57,0,0.0,0.0,,Neutral
called,0.0,,,,,,,,,,,,,,,,,,,,,,,,,,,,,,,,,,,,,,,,,,,,,,,,538,435,0,0.0,0.0,,Neutral
calling,0.0,,,,,,,,,,,,,,,,,,,,,,,,,,,,,,,,,,,,,,,,,,,,,,,,463,173,0,0.0,0.0,,Neutral
calling for,0.0,,,,,,,,,,,,,,,,,,,,,,,,,,,,,,,,,,,,,,,,,,,,,,,,896,71,0,0.0,0.0,,Neutral
calls,0.0,,,,,,,,,,,,,,,,,,,,,,,,,,,,,,,,,,,,,,,,,,,,,,,,520,158,0,0.0,0.0,,Neutral
calls for,0.0,,,,,,,,,,,,,,,,,,,,,,,,,,,,,,,,,,,,,,,,,,,,,,,,717,61,0,0.0,0.0,,Neutral
calls for freedom,0.0,,,,,,,,,,,,,,,,,,,,,,,,,,,,,,,,,,,,,,,,,,,,,,,,46,14,1,1.0,0.0,,Neutral
can provide,0.0,,,,,,,,,,,,,,,,,,,,,,,,,,,,,,,,,,,,,,,,,,,,,,,,654,32,0,0.0,0.0,,Neutral
cartoons,0.0,,,,,,,,,,,,,,,,,,,,,,,,,,,,,,,,,,,,,,,,,,,,,,,,485,25,0,0.0,0.0,,Neutral
case,0.0,,,,,,,,,,,,,,,,,,,,,,,,,,,,,,,,,,,,,,,,,,,,,,,,211,350,0,0.0,0.0,,Neutral
cases,0.0,,,,,,,,,,,,,,,,,,,,,,,,,,,,,,,,,,,,,,,,,,,,,,,,267,204,0,0.0,0.0,,Neutral
censor,0.0,,,,,,,,,,,,,,,,,,,,,,,,,,,,,,,,,,,,,,,,,,,,,,,,109,626,1,0.0,0.0,,Neutral
censored,0.0,,,,,,,,,,,,,,,,,,,,,,,,,,,,,,,,,,,,,,,,,,,,,,,,121,383,1,0.0,0.0,,Neutral
censored by,0.0,,,,,,,,,,,,,,,,,,,,,,,,,,,,,,,,,,,,,,,,,,,,,,,,831,34,0,0.0,0.0,,Neutral
censored by the,0.0,,,,,,,,,,,,,,,,,,,,,,,,,,,,,,,,,,,,,,,,,,,,,,,,47,16,1,1.0,0.0,,Neutral
censored content,23.0,0.0,0.0,1.0,0.0,0.0,0.0,0.0,0.0,0.0,0.0,0.0,0.0,0.0,0.0,0.0,0.0,7.0,0.0,0.0,0.0,1.0,1.0,0.0,0.0,0.0,0.0,1.0,0.0,0.0,0.0,0.0,0.0,10.0,0.0,0.0,0.0,0.0,0.0,0.0,0.0,0.0,0.0,0.0,2.0,0.0,0.0,0.0,20,17,1,1.0,1.0,-10.0,Left
censoring,0.0,,,,,,,,,,,,,,,,,,,,,,,,,,,,,,,,,,,,,,,,,,,,,,,,110,252,1,0.0,0.0,,Neutral
censors,0.0,,,,,,,,,,,,,,,,,,,,,,,,,,,,,,,,,,,,,,,,,,,,,,,,122,424,1,0.0,0.0,,Neutral
censors and,0.0,,,,,,,,,,,,,,,,,,,,,,,,,,,,,,,,,,,,,,,,,,,,,,,,753,36,0,0.0,0.0,,Neutral
censorship,0.0,,,,,,,,,,,,,,,,,,,,,,,,,,,,,,,,,,,,,,,,,,,,,,,,111,2503,1,0.0,0.0,,Neutral
censorship of,0.0,,,,,,,,,,,,,,,,,,,,,,,,,,,,,,,,,,,,,,,,,,,,,,,,123,201,1,0.0,0.0,,Neutral
changing,0.0,,,,,,,,,,,,,,,,,,,,,,,,,,,,,,,,,,,,,,,,,,,,,,,,323,77,0,0.0,0.0,,Neutral
changing the,0.0,,,,,,,,,,,,,,,,,,,,,,,,,,,,,,,,,,,,,,,,,,,,,,,,733,24,0,0.0,0.0,,Neutral
channels,0.0,,,,,,,,,,,,,,,,,,,,,,,,,,,,,,,,,,,,,,,,,,,,,,,,447,129,0,0.0,0.0,,Neutral
charge,0.0,,,,,,,,,,,,,,,,,,,,,,,,,,,,,,,,,,,,,,,,,,,,,,,,293,73,0,0.0,0.0,,Neutral
charges,0.0,,,,,,,,,,,,,,,,,,,,,,,,,,,,,,,,,,,,,,,,,,,,,,,,361,106,0,0.0,0.0,,Neutral
chief,0.0,,,,,,,,,,,,,,,,,,,,,,,,,,,,,,,,,,,,,,,,,,,,,,,,269,170,0,0.0,0.0,,Neutral
citizens,0.0,,,,,,,,,,,,,,,,,,,,,,,,,,,,,,,,,,,,,,,,,,,,,,,,156,275,0,0.0,0.0,,Neutral
city,0.0,,,,,,,,,,,,,,,,,,,,,,,,,,,,,,,,,,,,,,,,,,,,,,,,268,174,0,0.0,0.0,,Neutral
claimed,0.0,,,,,,,,,,,,,,,,,,,,,,,,,,,,,,,,,,,,,,,,,,,,,,,,391,123,0,0.0,0.0,,Neutral
claims,0.0,,,,,,,,,,,,,,,,,,,,,,,,,,,,,,,,,,,,,,,,,,,,,,,,492,182,0,0.0,0.0,,Neutral
clear,0.0,,,,,,,,,,,,,,,,,,,,,,,,,,,,,,,,,,,,,,,,,,,,,,,,482,262,0,0.0,0.0,,Neutral
code,0.0,,,,,,,,,,,,,,,,,,,,,,,,,,,,,,,,,,,,,,,,,,,,,,,,300,98,0,0.0,0.0,,Neutral
coders,0.0,,,,,,,,,,,,,,,,,,,,,,,,,,,,,,,,,,,,,,,,,,,,,,,,434,11,0,0.0,0.0,,Neutral
comment,0.0,,,,,,,,,,,,,,,,,,,,,,,,,,,,,,,,,,,,,,,,,,,,,,,,512,207,0,0.0,0.0,,Neutral
comments,0.0,,,,,,,,,,,,,,,,,,,,,,,,,,,,,,,,,,,,,,,,,,,,,,,,301,207,0,0.0,0.0,,Neutral
community,0.0,,,,,,,,,,,,,,,,,,,,,,,,,,,,,,,,,,,,,,,,,,,,,,,,336,264,0,0.0,0.0,,Neutral
companies,0.0,,,,,,,,,,,,,,,,,,,,,,,,,,,,,,,,,,,,,,,,,,,,,,,,162,1033,0,0.0,0.0,,Neutral
companies and,0.0,,,,,,,,,,,,,,,,,,,,,,,,,,,,,,,,,,,,,,,,,,,,,,,,675,52,0,0.0,0.0,,Neutral
company,0.0,,,,,,,,,,,,,,,,,,,,,,,,,,,,,,,,,,,,,,,,,,,,,,,,184,766,0,0.0,0.0,,Neutral
conservative,1630.0,11.0,9.0,13.0,5.0,7.0,3.0,64.0,7.0,32.0,3.0,35.0,6.0,32.0,5.0,89.0,6.0,90.0,42.0,2.0,2.0,149.0,128.0,34.0,12.0,46.0,5.0,19.0,0.0,78.0,35.0,16.0,9.0,3.0,116.0,55.0,59.0,36.0,19.0,34.0,7.0,1.0,43.0,13.0,2.0,93.0,148.0,7.0,1,496,1,1.0,1.0,401.0,Right
conservatives,0.0,,,,,,,,,,,,,,,,,,,,,,,,,,,,,,,,,,,,,,,,,,,,,,,,125,336,1,0.0,0.0,,Neutral
conspiracy,0.0,,,,,,,,,,,,,,,,,,,,,,,,,,,,,,,,,,,,,,,,,,,,,,,,52,125,1,1.0,0.0,,Neutral
content moderation,257.0,0.0,2.0,4.0,1.0,0.0,0.0,3.0,2.0,5.0,2.0,4.0,4.0,0.0,1.0,5.0,0.0,2.0,0.0,1.0,38.0,3.0,4.0,4.0,0.0,3.0,2.0,2.0,1.0,13.0,6.0,5.0,2.0,1.0,0.0,6.0,2.0,0.0,19.0,0.0,3.0,6.0,5.0,18.0,6.0,13.0,57.0,2.0,28,69,1,1.0,1.0,-85.0,Left
content to,0.0,,,,,,,,,,,,,,,,,,,,,,,,,,,,,,,,,,,,,,,,,,,,,,,,945,50,0,0.0,0.0,,Neutral
control,0.0,,,,,,,,,,,,,,,,,,,,,,,,,,,,,,,,,,,,,,,,,,,,,,,,308,601,0,0.0,0.0,,Neutral
controversial,0.0,,,,,,,,,,,,,,,,,,,,,,,,,,,,,,,,,,,,,,,,,,,,,,,,53,149,1,1.0,0.0,,Neutral
corporate,0.0,,,,,,,,,,,,,,,,,,,,,,,,,,,,,,,,,,,,,,,,,,,,,,,,354,87,0,0.0,0.0,,Neutral
correspondent,0.0,,,,,,,,,,,,,,,,,,,,,,,,,,,,,,,,,,,,,,,,,,,,,,,,281,61,0,0.0,0.0,,Neutral
correspondents,0.0,,,,,,,,,,,,,,,,,,,,,,,,,,,,,,,,,,,,,,,,,,,,,,,,54,45,1,1.0,0.0,,Neutral
could,0.0,,,,,,,,,,,,,,,,,,,,,,,,,,,,,,,,,,,,,,,,,,,,,,,,233,813,0,0.0,0.0,,Neutral
could put,0.0,,,,,,,,,,,,,,,,,,,,,,,,,,,,,,,,,,,,,,,,,,,,,,,,422,12,0,0.0,0.0,,Neutral
counter,0.0,,,,,,,,,,,,,,,,,,,,,,,,,,,,,,,,,,,,,,,,,,,,,,,,350,71,0,0.0,0.0,,Neutral
countries,0.0,,,,,,,,,,,,,,,,,,,,,,,,,,,,,,,,,,,,,,,,,,,,,,,,276,324,0,0.0,0.0,,Neutral
country,0.0,,,,,,,,,,,,,,,,,,,,,,,,,,,,,,,,,,,,,,,,,,,,,,,,191,596,0,0.0,0.0,,Neutral
country that,0.0,,,,,,,,,,,,,,,,,,,,,,,,,,,,,,,,,,,,,,,,,,,,,,,,683,32,0,0.0,0.0,,Neutral
course,0.0,,,,,,,,,,,,,,,,,,,,,,,,,,,,,,,,,,,,,,,,,,,,,,,,581,148,0,0.0,0.0,,Neutral
court,0.0,,,,,,,,,,,,,,,,,,,,,,,,,,,,,,,,,,,,,,,,,,,,,,,,481,189,0,0.0,0.0,,Neutral
cousin,0.0,,,,,,,,,,,,,,,,,,,,,,,,,,,,,,,,,,,,,,,,,,,,,,,,468,19,0,0.0,0.0,,Neutral
covering,0.0,,,,,,,,,,,,,,,,,,,,,,,,,,,,,,,,,,,,,,,,,,,,,,,,572,99,0,0.0,0.0,,Neutral
crackdown,0.0,,,,,,,,,,,,,,,,,,,,,,,,,,,,,,,,,,,,,,,,,,,,,,,,55,195,1,1.0,0.0,,Neutral
crackdown could,0.0,,,,,,,,,,,,,,,,,,,,,,,,,,,,,,,,,,,,,,,,,,,,,,,,418,11,0,0.0,0.0,,Neutral
created,0.0,,,,,,,,,,,,,,,,,,,,,,,,,,,,,,,,,,,,,,,,,,,,,,,,257,153,0,0.0,0.0,,Neutral
created by,0.0,,,,,,,,,,,,,,,,,,,,,,,,,,,,,,,,,,,,,,,,,,,,,,,,674,38,0,0.0,0.0,,Neutral
creating,0.0,,,,,,,,,,,,,,,,,,,,,,,,,,,,,,,,,,,,,,,,,,,,,,,,583,75,0,0.0,0.0,,Neutral
creating a,0.0,,,,,,,,,,,,,,,,,,,,,,,,,,,,,,,,,,,,,,,,,,,,,,,,820,25,0,0.0,0.0,,Neutral
credentials,0.0,,,,,,,,,,,,,,,,,,,,,,,,,,,,,,,,,,,,,,,,,,,,,,,,179,57,0,0.0,0.0,,Neutral
credentials of,0.0,,,,,,,,,,,,,,,,,,,,,,,,,,,,,,,,,,,,,,,,,,,,,,,,656,27,0,0.0,0.0,,Neutral
crisis,0.0,,,,,,,,,,,,,,,,,,,,,,,,,,,,,,,,,,,,,,,,,,,,,,,,313,145,0,0.0,0.0,,Neutral
critical,0.0,,,,,,,,,,,,,,,,,,,,,,,,,,,,,,,,,,,,,,,,,,,,,,,,374,253,0,0.0,0.0,,Neutral
cultural,0.0,,,,,,,,,,,,,,,,,,,,,,,,,,,,,,,,,,,,,,,,,,,,,,,,237,132,0,0.0,0.0,,Neutral
culture,0.0,,,,,,,,,,,,,,,,,,,,,,,,,,,,,,,,,,,,,,,,,,,,,,,,483,147,0,0.0,0.0,,Neutral
damaging,0.0,,,,,,,,,,,,,,,,,,,,,,,,,,,,,,,,,,,,,,,,,,,,,,,,384,20,0,0.0,0.0,,Neutral
dangerous,0.0,,,,,,,,,,,,,,,,,,,,,,,,,,,,,,,,,,,,,,,,,,,,,,,,449,158,0,0.0,0.0,,Neutral
data,0.0,,,,,,,,,,,,,,,,,,,,,,,,,,,,,,,,,,,,,,,,,,,,,,,,419,252,0,0.0,0.0,,Neutral
day,0.0,,,,,,,,,,,,,,,,,,,,,,,,,,,,,,,,,,,,,,,,,,,,,,,,563,295,0,0.0,0.0,,Neutral
deadly,0.0,,,,,,,,,,,,,,,,,,,,,,,,,,,,,,,,,,,,,,,,,,,,,,,,347,38,0,0.0,0.0,,Neutral
death,0.0,,,,,,,,,,,,,,,,,,,,,,,,,,,,,,,,,,,,,,,,,,,,,,,,205,188,0,0.0,0.0,,Neutral
debate,0.0,,,,,,,,,,,,,,,,,,,,,,,,,,,,,,,,,,,,,,,,,,,,,,,,569,225,0,0.0,0.0,,Neutral
deceptive,0.0,,,,,,,,,,,,,,,,,,,,,,,,,,,,,,,,,,,,,,,,,,,,,,,,487,47,0,0.0,0.0,,Neutral
decision,0.0,,,,,,,,,,,,,,,,,,,,,,,,,,,,,,,,,,,,,,,,,,,,,,,,440,341,0,0.0,0.0,,Neutral
decree,0.0,,,,,,,,,,,,,,,,,,,,,,,,,,,,,,,,,,,,,,,,,,,,,,,,489,26,0,0.0,0.0,,Neutral
deleted,0.0,,,,,,,,,,,,,,,,,,,,,,,,,,,,,,,,,,,,,,,,,,,,,,,,56,140,1,1.0,0.0,,Neutral
democracy,0.0,,,,,,,,,,,,,,,,,,,,,,,,,,,,,,,,,,,,,,,,,,,,,,,,357,347,0,0.0,0.0,,Neutral
democratic,0.0,,,,,,,,,,,,,,,,,,,,,,,,,,,,,,,,,,,,,,,,,,,,,,,,57,127,1,1.0,0.0,,Neutral
developers,0.0,,,,,,,,,,,,,,,,,,,,,,,,,,,,,,,,,,,,,,,,,,,,,,,,559,15,0,0.0,0.0,,Neutral
didnt,0.0,,,,,,,,,,,,,,,,,,,,,,,,,,,,,,,,,,,,,,,,,,,,,,,,618,191,0,0.0,0.0,,Neutral
died,0.0,,,,,,,,,,,,,,,,,,,,,,,,,,,,,,,,,,,,,,,,,,,,,,,,416,51,0,0.0,0.0,,Neutral
died in,0.0,,,,,,,,,,,,,,,,,,,,,,,,,,,,,,,,,,,,,,,,,,,,,,,,715,23,0,0.0,0.0,,Neutral
digital,0.0,,,,,,,,,,,,,,,,,,,,,,,,,,,,,,,,,,,,,,,,,,,,,,,,185,235,0,0.0,0.0,,Neutral
disease,0.0,,,,,,,,,,,,,,,,,,,,,,,,,,,,,,,,,,,,,,,,,,,,,,,,610,39,0,0.0,0.0,,Neutral
disinformation,421.0,1.0,3.0,1.0,2.0,0.0,3.0,12.0,0.0,4.0,0.0,29.0,6.0,34.0,4.0,3.0,4.0,8.0,6.0,3.0,11.0,2.0,12.0,6.0,0.0,8.0,0.0,1.0,2.0,0.0,12.0,11.0,2.0,4.0,6.0,16.0,5.0,5.0,38.0,0.0,9.0,13.0,7.0,4.0,5.0,25.0,94.0,0.0,11,132,1,1.0,1.0,-170.0,Left
district,0.0,,,,,,,,,,,,,,,,,,,,,,,,,,,,,,,,,,,,,,,,,,,,,,,,452,79,0,0.0,0.0,,Neutral
disturbing,0.0,,,,,,,,,,,,,,,,,,,,,,,,,,,,,,,,,,,,,,,,,,,,,,,,587,48,0,0.0,0.0,,Neutral
documents,0.0,,,,,,,,,,,,,,,,,,,,,,,,,,,,,,,,,,,,,,,,,,,,,,,,604,106,0,0.0,0.0,,Neutral
doesnt,0.0,,,,,,,,,,,,,,,,,,,,,,,,,,,,,,,,,,,,,,,,,,,,,,,,506,258,0,0.0,0.0,,Neutral
doesnt want,0.0,,,,,,,,,,,,,,,,,,,,,,,,,,,,,,,,,,,,,,,,,,,,,,,,406,21,0,0.0,0.0,,Neutral
dont,0.0,,,,,,,,,,,,,,,,,,,,,,,,,,,,,,,,,,,,,,,,,,,,,,,,259,441,0,0.0,0.0,,Neutral
draft,0.0,,,,,,,,,,,,,,,,,,,,,,,,,,,,,,,,,,,,,,,,,,,,,,,,338,54,0,0.0,0.0,,Neutral
early,0.0,,,,,,,,,,,,,,,,,,,,,,,,,,,,,,,,,,,,,,,,,,,,,,,,220,179,0,0.0,0.0,,Neutral
efforts,0.0,,,,,,,,,,,,,,,,,,,,,,,,,,,,,,,,,,,,,,,,,,,,,,,,464,240,0,0.0,0.0,,Neutral
election,0.0,,,,,,,,,,,,,,,,,,,,,,,,,,,,,,,,,,,,,,,,,,,,,,,,263,226,0,0.0,0.0,,Neutral
eligible,0.0,,,,,,,,,,,,,,,,,,,,,,,,,,,,,,,,,,,,,,,,,,,,,,,,236,29,0,0.0,0.0,,Neutral
employees,0.0,,,,,,,,,,,,,,,,,,,,,,,,,,,,,,,,,,,,,,,,,,,,,,,,507,151,0,0.0,0.0,,Neutral
enjoy,0.0,,,,,,,,,,,,,,,,,,,,,,,,,,,,,,,,,,,,,,,,,,,,,,,,619,53,0,0.0,0.0,,Neutral
entertainment,0.0,,,,,,,,,,,,,,,,,,,,,,,,,,,,,,,,,,,,,,,,,,,,,,,,303,40,0,0.0,0.0,,Neutral
epidemic,0.0,,,,,,,,,,,,,,,,,,,,,,,,,,,,,,,,,,,,,,,,,,,,,,,,295,65,0,0.0,0.0,,Neutral
episode,0.0,,,,,,,,,,,,,,,,,,,,,,,,,,,,,,,,,,,,,,,,,,,,,,,,503,79,0,0.0,0.0,,Neutral
establishment,0.0,,,,,,,,,,,,,,,,,,,,,,,,,,,,,,,,,,,,,,,,,,,,,,,,58,101,1,1.0,0.0,,Neutral
even,0.0,,,,,,,,,,,,,,,,,,,,,,,,,,,,,,,,,,,,,,,,,,,,,,,,242,807,0,0.0,0.0,,Neutral
events,0.0,,,,,,,,,,,,,,,,,,,,,,,,,,,,,,,,,,,,,,,,,,,,,,,,502,175,0,0.0,0.0,,Neutral
every,0.0,,,,,,,,,,,,,,,,,,,,,,,,,,,,,,,,,,,,,,,,,,,,,,,,279,292,0,0.0,0.0,,Neutral
example,0.0,,,,,,,,,,,,,,,,,,,,,,,,,,,,,,,,,,,,,,,,,,,,,,,,589,254,0,0.0,0.0,,Neutral
executive,0.0,,,,,,,,,,,,,,,,,,,,,,,,,,,,,,,,,,,,,,,,,,,,,,,,339,193,0,0.0,0.0,,Neutral
executive order,0.0,,,,,,,,,,,,,,,,,,,,,,,,,,,,,,,,,,,,,,,,,,,,,,,,539,73,0,0.0,0.0,,Neutral
expelled,0.0,,,,,,,,,,,,,,,,,,,,,,,,,,,,,,,,,,,,,,,,,,,,,,,,196,46,0,0.0,0.0,,Neutral
explicit,0.0,,,,,,,,,,,,,,,,,,,,,,,,,,,,,,,,,,,,,,,,,,,,,,,,324,54,0,0.0,0.0,,Neutral
expressed,0.0,,,,,,,,,,,,,,,,,,,,,,,,,,,,,,,,,,,,,,,,,,,,,,,,570,88,0,0.0,0.0,,Neutral
expression,0.0,,,,,,,,,,,,,,,,,,,,,,,,,,,,,,,,,,,,,,,,,,,,,,,,112,412,1,0.0,0.0,,Neutral
expulsion of,0.0,,,,,,,,,,,,,,,,,,,,,,,,,,,,,,,,,,,,,,,,,,,,,,,,871,19,0,0.0,0.0,,Neutral
extended,0.0,,,,,,,,,,,,,,,,,,,,,,,,,,,,,,,,,,,,,,,,,,,,,,,,199,71,0,0.0,0.0,,Neutral
fact,0.0,,,,,,,,,,,,,,,,,,,,,,,,,,,,,,,,,,,,,,,,,,,,,,,,218,404,0,0.0,0.0,,Neutral
factors,0.0,,,,,,,,,,,,,,,,,,,,,,,,,,,,,,,,,,,,,,,,,,,,,,,,455,32,0,0.0,0.0,,Neutral
facts,0.0,,,,,,,,,,,,,,,,,,,,,,,,,,,,,,,,,,,,,,,,,,,,,,,,566,75,0,0.0,0.0,,Neutral
fake news,416.0,11.0,3.0,0.0,7.0,2.0,2.0,9.0,0.0,2.0,4.0,27.0,40.0,28.0,13.0,12.0,0.0,31.0,0.0,10.0,1.0,3.0,4.0,23.0,0.0,9.0,1.0,8.0,12.0,6.0,5.0,5.0,8.0,0.0,4.0,23.0,6.0,7.0,11.0,5.0,2.0,5.0,5.0,2.0,1.0,7.0,52.0,0.0,5,194,1,1.0,1.0,-129.0,Left
families,0.0,,,,,,,,,,,,,,,,,,,,,,,,,,,,,,,,,,,,,,,,,,,,,,,,495,36,0,0.0,0.0,,Neutral
far,0.0,,,,,,,,,,,,,,,,,,,,,,,,,,,,,,,,,,,,,,,,,,,,,,,,432,409,0,0.0,0.0,,Neutral
federal,0.0,,,,,,,,,,,,,,,,,,,,,,,,,,,,,,,,,,,,,,,,,,,,,,,,327,119,0,0.0,0.0,,Neutral
feed,0.0,,,,,,,,,,,,,,,,,,,,,,,,,,,,,,,,,,,,,,,,,,,,,,,,310,50,0,0.0,0.0,,Neutral
fight,0.0,,,,,,,,,,,,,,,,,,,,,,,,,,,,,,,,,,,,,,,,,,,,,,,,497,161,0,0.0,0.0,,Neutral
fight for,0.0,,,,,,,,,,,,,,,,,,,,,,,,,,,,,,,,,,,,,,,,,,,,,,,,789,31,0,0.0,0.0,,Neutral
fighting,0.0,,,,,,,,,,,,,,,,,,,,,,,,,,,,,,,,,,,,,,,,,,,,,,,,576,74,0,0.0,0.0,,Neutral
figures,0.0,,,,,,,,,,,,,,,,,,,,,,,,,,,,,,,,,,,,,,,,,,,,,,,,448,116,0,0.0,0.0,,Neutral
filed,0.0,,,,,,,,,,,,,,,,,,,,,,,,,,,,,,,,,,,,,,,,,,,,,,,,540,73,0,0.0,0.0,,Neutral
film,0.0,,,,,,,,,,,,,,,,,,,,,,,,,,,,,,,,,,,,,,,,,,,,,,,,230,225,0,0.0,0.0,,Neutral
first,0.0,,,,,,,,,,,,,,,,,,,,,,,,,,,,,,,,,,,,,,,,,,,,,,,,345,491,0,0.0,0.0,,Neutral
flagged,0.0,,,,,,,,,,,,,,,,,,,,,,,,,,,,,,,,,,,,,,,,,,,,,,,,59,52,1,1.0,0.0,,Neutral
followers,0.0,,,,,,,,,,,,,,,,,,,,,,,,,,,,,,,,,,,,,,,,,,,,,,,,504,128,0,0.0,0.0,,Neutral
for free,0.0,,,,,,,,,,,,,,,,,,,,,,,,,,,,,,,,,,,,,,,,,,,,,,,,919,89,0,0.0,0.0,,Neutral
for free speech,0.0,,,,,,,,,,,,,,,,,,,,,,,,,,,,,,,,,,,,,,,,,,,,,,,,127,56,1,0.0,0.0,,Neutral
for freedom of,0.0,,,,,,,,,,,,,,,,,,,,,,,,,,,,,,,,,,,,,,,,,,,,,,,,630,45,0,0.0,0.0,,Neutral
for news,0.0,,,,,,,,,,,,,,,,,,,,,,,,,,,,,,,,,,,,,,,,,,,,,,,,686,20,0,0.0,0.0,,Neutral
for now,0.0,,,,,,,,,,,,,,,,,,,,,,,,,,,,,,,,,,,,,,,,,,,,,,,,752,19,0,0.0,0.0,,Neutral
for protesters,0.0,,,,,,,,,,,,,,,,,,,,,,,,,,,,,,,,,,,,,,,,,,,,,,,,885,13,0,0.0,0.0,,Neutral
for speaking,0.0,,,,,,,,,,,,,,,,,,,,,,,,,,,,,,,,,,,,,,,,,,,,,,,,704,25,0,0.0,0.0,,Neutral
for speaking out,0.0,,,,,,,,,,,,,,,,,,,,,,,,,,,,,,,,,,,,,,,,,,,,,,,,755,15,0,0.0,0.0,,Neutral
foreign,0.0,,,,,,,,,,,,,,,,,,,,,,,,,,,,,,,,,,,,,,,,,,,,,,,,167,408,0,0.0,0.0,,Neutral
foreign media,0.0,,,,,,,,,,,,,,,,,,,,,,,,,,,,,,,,,,,,,,,,,,,,,,,,60,29,1,1.0,0.0,,Neutral
former,0.0,,,,,,,,,,,,,,,,,,,,,,,,,,,,,,,,,,,,,,,,,,,,,,,,436,301,0,0.0,0.0,,Neutral
found,0.0,,,,,,,,,,,,,,,,,,,,,,,,,,,,,,,,,,,,,,,,,,,,,,,,615,275,0,0.0,0.0,,Neutral
free,0.0,,,,,,,,,,,,,,,,,,,,,,,,,,,,,,,,,,,,,,,,,,,,,,,,128,1539,1,0.0,0.0,,Neutral
free speech,0.0,,,,,,,,,,,,,,,,,,,,,,,,,,,,,,,,,,,,,,,,,,,,,,,,2,837,1,1.0,0.0,,Neutral
free speech are,0.0,,,,,,,,,,,,,,,,,,,,,,,,,,,,,,,,,,,,,,,,,,,,,,,,129,14,1,0.0,0.0,,Neutral
freedom,0.0,,,,,,,,,,,,,,,,,,,,,,,,,,,,,,,,,,,,,,,,,,,,,,,,130,1010,1,0.0,0.0,,Neutral
freedom of,0.0,,,,,,,,,,,,,,,,,,,,,,,,,,,,,,,,,,,,,,,,,,,,,,,,638,506,0,0.0,0.0,,Neutral
freedom of expression,0.0,,,,,,,,,,,,,,,,,,,,,,,,,,,,,,,,,,,,,,,,,,,,,,,,33,160,1,1.0,0.0,,Neutral
freedom of speech,0.0,,,,,,,,,,,,,,,,,,,,,,,,,,,,,,,,,,,,,,,,,,,,,,,,6,236,1,1.0,1.0,,Neutral
friend,0.0,,,,,,,,,,,,,,,,,,,,,,,,,,,,,,,,,,,,,,,,,,,,,,,,328,72,0,0.0,0.0,,Neutral
friends,0.0,,,,,,,,,,,,,,,,,,,,,,,,,,,,,,,,,,,,,,,,,,,,,,,,579,105,0,0.0,0.0,,Neutral
from Chinese,0.0,,,,,,,,,,,,,,,,,,,,,,,,,,,,,,,,,,,,,,,,,,,,,,,,751,36,0,0.0,0.0,,Neutral
from Chinese citizens,0.0,,,,,,,,,,,,,,,,,,,,,,,,,,,,,,,,,,,,,,,,,,,,,,,,734,17,0,0.0,0.0,,Neutral
from the,0.0,,,,,,,,,,,,,,,,,,,,,,,,,,,,,,,,,,,,,,,,,,,,,,,,703,754,0,0.0,0.0,,Neutral
from the coronavirus,0.0,,,,,,,,,,,,,,,,,,,,,,,,,,,,,,,,,,,,,,,,,,,,,,,,775,13,0,0.0,0.0,,Neutral
from the internet,0.0,,,,,,,,,,,,,,,,,,,,,,,,,,,,,,,,,,,,,,,,,,,,,,,,739,21,0,0.0,0.0,,Neutral
frustrated,0.0,,,,,,,,,,,,,,,,,,,,,,,,,,,,,,,,,,,,,,,,,,,,,,,,364,17,0,0.0,0.0,,Neutral
funded,0.0,,,,,,,,,,,,,,,,,,,,,,,,,,,,,,,,,,,,,,,,,,,,,,,,290,90,0,0.0,0.0,,Neutral
funding,0.0,,,,,,,,,,,,,,,,,,,,,,,,,,,,,,,,,,,,,,,,,,,,,,,,297,118,0,0.0,0.0,,Neutral
gang,0.0,,,,,,,,,,,,,,,,,,,,,,,,,,,,,,,,,,,,,,,,,,,,,,,,548,11,0,0.0,0.0,,Neutral
gay,0.0,,,,,,,,,,,,,,,,,,,,,,,,,,,,,,,,,,,,,,,,,,,,,,,,554,76,0,0.0,0.0,,Neutral
gender,0.0,,,,,,,,,,,,,,,,,,,,,,,,,,,,,,,,,,,,,,,,,,,,,,,,195,50,0,0.0,0.0,,Neutral
gender dysphoria,0.0,,,,,,,,,,,,,,,,,,,,,,,,,,,,,,,,,,,,,,,,,,,,,,,,65,9,1,1.0,0.0,,Neutral
get,0.0,,,,,,,,,,,,,,,,,,,,,,,,,,,,,,,,,,,,,,,,,,,,,,,,383,421,0,0.0,0.0,,Neutral
get the,0.0,,,,,,,,,,,,,,,,,,,,,,,,,,,,,,,,,,,,,,,,,,,,,,,,914,44,0,0.0,0.0,,Neutral
giant,0.0,,,,,,,,,,,,,,,,,,,,,,,,,,,,,,,,,,,,,,,,,,,,,,,,609,132,0,0.0,0.0,,Neutral
giants,0.0,,,,,,,,,,,,,,,,,,,,,,,,,,,,,,,,,,,,,,,,,,,,,,,,131,199,1,0.0,0.0,,Neutral
global,0.0,,,,,,,,,,,,,,,,,,,,,,,,,,,,,,,,,,,,,,,,,,,,,,,,329,274,0,0.0,0.0,,Neutral
gone,0.0,,,,,,,,,,,,,,,,,,,,,,,,,,,,,,,,,,,,,,,,,,,,,,,,408,81,0,0.0,0.0,,Neutral
good,0.0,,,,,,,,,,,,,,,,,,,,,,,,,,,,,,,,,,,,,,,,,,,,,,,,505,223,0,0.0,0.0,,Neutral
got,0.0,,,,,,,,,,,,,,,,,,,,,,,,,,,,,,,,,,,,,,,,,,,,,,,,318,138,0,0.0,0.0,,Neutral
government,0.0,,,,,,,,,,,,,,,,,,,,,,,,,,,,,,,,,,,,,,,,,,,,,,,,160,2249,0,0.0,0.0,,Neutral
government has,0.0,,,,,,,,,,,,,,,,,,,,,,,,,,,,,,,,,,,,,,,,,,,,,,,,878,122,0,0.0,0.0,,Neutral
governments,0.0,,,,,,,,,,,,,,,,,,,,,,,,,,,,,,,,,,,,,,,,,,,,,,,,208,477,0,0.0,0.0,,Neutral
governments attempts to,0.0,,,,,,,,,,,,,,,,,,,,,,,,,,,,,,,,,,,,,,,,,,,,,,,,784,13,0,0.0,0.0,,Neutral
great,0.0,,,,,,,,,,,,,,,,,,,,,,,,,,,,,,,,,,,,,,,,,,,,,,,,528,118,0,0.0,0.0,,Neutral
group,0.0,,,,,,,,,,,,,,,,,,,,,,,,,,,,,,,,,,,,,,,,,,,,,,,,491,425,0,0.0,0.0,,Neutral
groups,0.0,,,,,,,,,,,,,,,,,,,,,,,,,,,,,,,,,,,,,,,,,,,,,,,,287,374,0,0.0,0.0,,Neutral
growing,0.0,,,,,,,,,,,,,,,,,,,,,,,,,,,,,,,,,,,,,,,,,,,,,,,,360,155,0,0.0,0.0,,Neutral
had been,0.0,,,,,,,,,,,,,,,,,,,,,,,,,,,,,,,,,,,,,,,,,,,,,,,,720,242,0,0.0,0.0,,Neutral
happening,0.0,,,,,,,,,,,,,,,,,,,,,,,,,,,,,,,,,,,,,,,,,,,,,,,,315,84,0,0.0,0.0,,Neutral
has been,0.0,,,,,,,,,,,,,,,,,,,,,,,,,,,,,,,,,,,,,,,,,,,,,,,,681,695,0,0.0,0.0,,Neutral
hate,0.0,,,,,,,,,,,,,,,,,,,,,,,,,,,,,,,,,,,,,,,,,,,,,,,,177,474,0,0.0,0.0,,Neutral
hate speech,1689.0,27.0,10.0,16.0,17.0,5.0,18.0,53.0,47.0,37.0,11.0,55.0,11.0,55.0,22.0,65.0,16.0,36.0,17.0,13.0,7.0,29.0,45.0,85.0,13.0,119.0,22.0,34.0,2.0,58.0,55.0,31.0,12.0,15.0,53.0,31.0,58.0,31.0,20.0,13.0,28.0,14.0,50.0,42.0,24.0,51.0,211.0,5.0,10,297,1,1.0,1.0,-44.0,Left
have been,0.0,,,,,,,,,,,,,,,,,,,,,,,,,,,,,,,,,,,,,,,,,,,,,,,,711,587,0,0.0,0.0,,Neutral
have to,0.0,,,,,,,,,,,,,,,,,,,,,,,,,,,,,,,,,,,,,,,,,,,,,,,,905,174,0,0.0,0.0,,Neutral
he says,0.0,,,,,,,,,,,,,,,,,,,,,,,,,,,,,,,,,,,,,,,,,,,,,,,,742,49,0,0.0,0.0,,Neutral
headline,0.0,,,,,,,,,,,,,,,,,,,,,,,,,,,,,,,,,,,,,,,,,,,,,,,,176,58,0,0.0,0.0,,Neutral
health,0.0,,,,,,,,,,,,,,,,,,,,,,,,,,,,,,,,,,,,,,,,,,,,,,,,348,140,0,0.0,0.0,,Neutral
high,0.0,,,,,,,,,,,,,,,,,,,,,,,,,,,,,,,,,,,,,,,,,,,,,,,,314,206,0,0.0,0.0,,Neutral
high school,0.0,,,,,,,,,,,,,,,,,,,,,,,,,,,,,,,,,,,,,,,,,,,,,,,,280,51,0,0.0,0.0,,Neutral
his death,0.0,,,,,,,,,,,,,,,,,,,,,,,,,,,,,,,,,,,,,,,,,,,,,,,,736,21,0,0.0,0.0,,Neutral
hospitals,0.0,,,,,,,,,,,,,,,,,,,,,,,,,,,,,,,,,,,,,,,,,,,,,,,,382,32,0,0.0,0.0,,Neutral
how we,0.0,,,,,,,,,,,,,,,,,,,,,,,,,,,,,,,,,,,,,,,,,,,,,,,,908,24,0,0.0,0.0,,Neutral
human rights,0.0,,,,,,,,,,,,,,,,,,,,,,,,,,,,,,,,,,,,,,,,,,,,,,,,68,256,1,1.0,0.0,,Neutral
icon,0.0,,,,,,,,,,,,,,,,,,,,,,,,,,,,,,,,,,,,,,,,,,,,,,,,332,17,0,0.0,0.0,,Neutral
ideas,0.0,,,,,,,,,,,,,,,,,,,,,,,,,,,,,,,,,,,,,,,,,,,,,,,,249,234,0,0.0,0.0,,Neutral
images,0.0,,,,,,,,,,,,,,,,,,,,,,,,,,,,,,,,,,,,,,,,,,,,,,,,444,113,0,0.0,0.0,,Neutral
immunity,0.0,,,,,,,,,,,,,,,,,,,,,,,,,,,,,,,,,,,,,,,,,,,,,,,,393,98,0,0.0,0.0,,Neutral
in Australia,0.0,,,,,,,,,,,,,,,,,,,,,,,,,,,,,,,,,,,,,,,,,,,,,,,,930,27,0,0.0,0.0,,Neutral
in Beijing,0.0,,,,,,,,,,,,,,,,,,,,,,,,,,,,,,,,,,,,,,,,,,,,,,,,714,132,0,0.0,0.0,,Neutral
in China,0.0,,,,,,,,,,,,,,,,,,,,,,,,,,,,,,,,,,,,,,,,,,,,,,,,637,555,0,0.0,0.0,,Neutral
in Hong Kong,0.0,,,,,,,,,,,,,,,,,,,,,,,,,,,,,,,,,,,,,,,,,,,,,,,,624,231,0,0.0,0.0,,Neutral
in India,0.0,,,,,,,,,,,,,,,,,,,,,,,,,,,,,,,,,,,,,,,,,,,,,,,,652,63,0,0.0,0.0,,Neutral
in Taiwan,0.0,,,,,,,,,,,,,,,,,,,,,,,,,,,,,,,,,,,,,,,,,,,,,,,,865,13,0,0.0,0.0,,Neutral
in a,0.0,,,,,,,,,,,,,,,,,,,,,,,,,,,,,,,,,,,,,,,,,,,,,,,,875,862,0,0.0,0.0,,Neutral
in a country,0.0,,,,,,,,,,,,,,,,,,,,,,,,,,,,,,,,,,,,,,,,,,,,,,,,819,30,0,0.0,0.0,,Neutral
in a statement,0.0,,,,,,,,,,,,,,,,,,,,,,,,,,,,,,,,,,,,,,,,,,,,,,,,962,128,0,0.0,0.0,,Neutral
in and,0.0,,,,,,,,,,,,,,,,,,,,,,,,,,,,,,,,,,,,,,,,,,,,,,,,966,82,0,0.0,0.0,,Neutral
in and has,0.0,,,,,,,,,,,,,,,,,,,,,,,,,,,,,,,,,,,,,,,,,,,,,,,,745,19,0,0.0,0.0,,Neutral
in early,0.0,,,,,,,,,,,,,,,,,,,,,,,,,,,,,,,,,,,,,,,,,,,,,,,,748,27,0,0.0,0.0,,Neutral
in its,0.0,,,,,,,,,,,,,,,,,,,,,,,,,,,,,,,,,,,,,,,,,,,,,,,,970,126,0,0.0,0.0,,Neutral
in prison,0.0,,,,,,,,,,,,,,,,,,,,,,,,,,,,,,,,,,,,,,,,,,,,,,,,963,56,0,0.0,0.0,,Neutral
in recent years,0.0,,,,,,,,,,,,,,,,,,,,,,,,,,,,,,,,,,,,,,,,,,,,,,,,957,74,0,0.0,0.0,,Neutral
in the online,0.0,,,,,,,,,,,,,,,,,,,,,,,,,,,,,,,,,,,,,,,,,,,,,,,,763,14,0,0.0,0.0,,Neutral
inauthentic behavior,38.0,0.0,0.0,1.0,0.0,0.0,0.0,0.0,0.0,0.0,0.0,1.0,0.0,0.0,1.0,0.0,1.0,0.0,0.0,0.0,0.0,1.0,0.0,0.0,0.0,1.0,0.0,3.0,6.0,0.0,2.0,0.0,0.0,1.0,7.0,0.0,1.0,2.0,2.0,0.0,0.0,0.0,0.0,1.0,0.0,2.0,5.0,0.0,35,33,1,1.0,1.0,0.0,Neutral
include,0.0,,,,,,,,,,,,,,,,,,,,,,,,,,,,,,,,,,,,,,,,,,,,,,,,500,168,0,0.0,0.0,,Neutral
including,0.0,,,,,,,,,,,,,,,,,,,,,,,,,,,,,,,,,,,,,,,,,,,,,,,,368,672,0,0.0,0.0,,Neutral
independent,0.0,,,,,,,,,,,,,,,,,,,,,,,,,,,,,,,,,,,,,,,,,,,,,,,,181,259,0,0.0,0.0,,Neutral
independent media,45.0,2.0,0.0,0.0,2.0,0.0,0.0,0.0,0.0,0.0,0.0,1.0,1.0,2.0,0.0,0.0,0.0,0.0,0.0,6.0,0.0,0.0,0.0,1.0,0.0,0.0,0.0,1.0,12.0,2.0,1.0,2.0,0.0,0.0,0.0,1.0,0.0,1.0,0.0,0.0,0.0,1.0,0.0,0.0,0.0,0.0,9.0,0.0,13,43,1,1.0,1.0,-10.0,Left
indictment,0.0,,,,,,,,,,,,,,,,,,,,,,,,,,,,,,,,,,,,,,,,,,,,,,,,355,24,0,0.0,0.0,,Neutral
influence,0.0,,,,,,,,,,,,,,,,,,,,,,,,,,,,,,,,,,,,,,,,,,,,,,,,508,198,0,0.0,0.0,,Neutral
information,0.0,,,,,,,,,,,,,,,,,,,,,,,,,,,,,,,,,,,,,,,,,,,,,,,,201,1014,0,0.0,0.0,,Neutral
information and,0.0,,,,,,,,,,,,,,,,,,,,,,,,,,,,,,,,,,,,,,,,,,,,,,,,891,98,0,0.0,0.0,,Neutral
information the,0.0,,,,,,,,,,,,,,,,,,,,,,,,,,,,,,,,,,,,,,,,,,,,,,,,863,19,0,0.0,0.0,,Neutral
inside,0.0,,,,,,,,,,,,,,,,,,,,,,,,,,,,,,,,,,,,,,,,,,,,,,,,271,106,0,0.0,0.0,,Neutral
insider,0.0,,,,,,,,,,,,,,,,,,,,,,,,,,,,,,,,,,,,,,,,,,,,,,,,621,42,0,0.0,0.0,,Neutral
institutions,0.0,,,,,,,,,,,,,,,,,,,,,,,,,,,,,,,,,,,,,,,,,,,,,,,,573,107,0,0.0,0.0,,Neutral
intelligence,0.0,,,,,,,,,,,,,,,,,,,,,,,,,,,,,,,,,,,,,,,,,,,,,,,,456,119,0,0.0,0.0,,Neutral
intelligence agencies,0.0,,,,,,,,,,,,,,,,,,,,,,,,,,,,,,,,,,,,,,,,,,,,,,,,69,21,1,1.0,0.0,,Neutral
interested,0.0,,,,,,,,,,,,,,,,,,,,,,,,,,,,,,,,,,,,,,,,,,,,,,,,606,54,0,0.0,0.0,,Neutral
internet,0.0,,,,,,,,,,,,,,,,,,,,,,,,,,,,,,,,,,,,,,,,,,,,,,,,132,993,1,0.0,0.0,,Neutral
is a,0.0,,,,,,,,,,,,,,,,,,,,,,,,,,,,,,,,,,,,,,,,,,,,,,,,645,765,0,0.0,0.0,,Neutral
is a site,0.0,,,,,,,,,,,,,,,,,,,,,,,,,,,,,,,,,,,,,,,,,,,,,,,,850,12,0,0.0,0.0,,Neutral
is available,0.0,,,,,,,,,,,,,,,,,,,,,,,,,,,,,,,,,,,,,,,,,,,,,,,,659,33,0,0.0,0.0,,Neutral
is back in,0.0,,,,,,,,,,,,,,,,,,,,,,,,,,,,,,,,,,,,,,,,,,,,,,,,999,22,0,0.0,0.0,,Neutral
is changing,0.0,,,,,,,,,,,,,,,,,,,,,,,,,,,,,,,,,,,,,,,,,,,,,,,,723,16,0,0.0,0.0,,Neutral
is happening,0.0,,,,,,,,,,,,,,,,,,,,,,,,,,,,,,,,,,,,,,,,,,,,,,,,693,35,0,0.0,0.0,,Neutral
is happening at,0.0,,,,,,,,,,,,,,,,,,,,,,,,,,,,,,,,,,,,,,,,,,,,,,,,824,11,0,0.0,0.0,,Neutral
is more than,0.0,,,,,,,,,,,,,,,,,,,,,,,,,,,,,,,,,,,,,,,,,,,,,,,,958,31,0,0.0,0.0,,Neutral
is now,0.0,,,,,,,,,,,,,,,,,,,,,,,,,,,,,,,,,,,,,,,,,,,,,,,,987,145,0,0.0,0.0,,Neutral
is one of,0.0,,,,,,,,,,,,,,,,,,,,,,,,,,,,,,,,,,,,,,,,,,,,,,,,766,62,0,0.0,0.0,,Neutral
is protected,0.0,,,,,,,,,,,,,,,,,,,,,,,,,,,,,,,,,,,,,,,,,,,,,,,,664,31,0,0.0,0.0,,Neutral
is that,0.0,,,,,,,,,,,,,,,,,,,,,,,,,,,,,,,,,,,,,,,,,,,,,,,,840,191,0,0.0,0.0,,Neutral
is the,0.0,,,,,,,,,,,,,,,,,,,,,,,,,,,,,,,,,,,,,,,,,,,,,,,,951,470,0,0.0,0.0,,Neutral
it is,0.0,,,,,,,,,,,,,,,,,,,,,,,,,,,,,,,,,,,,,,,,,,,,,,,,786,530,0,0.0,0.0,,Neutral
it was,0.0,,,,,,,,,,,,,,,,,,,,,,,,,,,,,,,,,,,,,,,,,,,,,,,,964,375,0,0.0,0.0,,Neutral
it with,0.0,,,,,,,,,,,,,,,,,,,,,,,,,,,,,,,,,,,,,,,,,,,,,,,,673,53,0,0.0,0.0,,Neutral
it with a,0.0,,,,,,,,,,,,,,,,,,,,,,,,,,,,,,,,,,,,,,,,,,,,,,,,653,34,0,0.0,0.0,,Neutral
journalist,0.0,,,,,,,,,,,,,,,,,,,,,,,,,,,,,,,,,,,,,,,,,,,,,,,,70,285,1,1.0,0.0,,Neutral
journalists,0.0,,,,,,,,,,,,,,,,,,,,,,,,,,,,,,,,,,,,,,,,,,,,,,,,133,741,1,0.0,0.0,,Neutral
journalists and,0.0,,,,,,,,,,,,,,,,,,,,,,,,,,,,,,,,,,,,,,,,,,,,,,,,920,99,0,0.0,0.0,,Neutral
judges,0.0,,,,,,,,,,,,,,,,,,,,,,,,,,,,,,,,,,,,,,,,,,,,,,,,568,26,0,0.0,0.0,,Neutral
kind of,0.0,,,,,,,,,,,,,,,,,,,,,,,,,,,,,,,,,,,,,,,,,,,,,,,,718,155,0,0.0,0.0,,Neutral
know,0.0,,,,,,,,,,,,,,,,,,,,,,,,,,,,,,,,,,,,,,,,,,,,,,,,396,350,0,0.0,0.0,,Neutral
known,0.0,,,,,,,,,,,,,,,,,,,,,,,,,,,,,,,,,,,,,,,,,,,,,,,,417,249,0,0.0,0.0,,Neutral
known as,0.0,,,,,,,,,,,,,,,,,,,,,,,,,,,,,,,,,,,,,,,,,,,,,,,,921,96,0,0.0,0.0,,Neutral
known as a,0.0,,,,,,,,,,,,,,,,,,,,,,,,,,,,,,,,,,,,,,,,,,,,,,,,985,11,0,0.0,0.0,,Neutral
landscape,0.0,,,,,,,,,,,,,,,,,,,,,,,,,,,,,,,,,,,,,,,,,,,,,,,,462,39,0,0.0,0.0,,Neutral
large,0.0,,,,,,,,,,,,,,,,,,,,,,,,,,,,,,,,,,,,,,,,,,,,,,,,461,195,0,0.0,0.0,,Neutral
last,0.0,,,,,,,,,,,,,,,,,,,,,,,,,,,,,,,,,,,,,,,,,,,,,,,,256,636,0,0.0,0.0,,Neutral
late,0.0,,,,,,,,,,,,,,,,,,,,,,,,,,,,,,,,,,,,,,,,,,,,,,,,584,150,0,0.0,0.0,,Neutral
later,0.0,,,,,,,,,,,,,,,,,,,,,,,,,,,,,,,,,,,,,,,,,,,,,,,,574,221,0,0.0,0.0,,Neutral
law,0.0,,,,,,,,,,,,,,,,,,,,,,,,,,,,,,,,,,,,,,,,,,,,,,,,163,961,0,0.0,0.0,,Neutral
law enforcement,0.0,,,,,,,,,,,,,,,,,,,,,,,,,,,,,,,,,,,,,,,,,,,,,,,,72,44,1,1.0,0.0,,Neutral
law enforcement and,0.0,,,,,,,,,,,,,,,,,,,,,,,,,,,,,,,,,,,,,,,,,,,,,,,,898,18,0,0.0,0.0,,Neutral
laws,0.0,,,,,,,,,,,,,,,,,,,,,,,,,,,,,,,,,,,,,,,,,,,,,,,,558,268,0,0.0,0.0,,Neutral
lawsuit,0.0,,,,,,,,,,,,,,,,,,,,,,,,,,,,,,,,,,,,,,,,,,,,,,,,73,85,1,1.0,0.0,,Neutral
leaders,0.0,,,,,,,,,,,,,,,,,,,,,,,,,,,,,,,,,,,,,,,,,,,,,,,,488,178,0,0.0,0.0,,Neutral
left,0.0,,,,,,,,,,,,,,,,,,,,,,,,,,,,,,,,,,,,,,,,,,,,,,,,229,368,0,0.0,0.0,,Neutral
leftist,169.0,1.0,3.0,1.0,0.0,0.0,0.0,13.0,3.0,0.0,0.0,1.0,1.0,0.0,3.0,4.0,0.0,0.0,11.0,1.0,1.0,29.0,13.0,1.0,0.0,12.0,3.0,3.0,1.0,9.0,0.0,1.0,0.0,0.0,17.0,3.0,16.0,3.0,1.0,10.0,0.0,0.0,1.0,0.0,0.0,1.0,2.0,0.0,30,65,1,1.0,1.0,121.0,Right
legal,0.0,,,,,,,,,,,,,,,,,,,,,,,,,,,,,,,,,,,,,,,,,,,,,,,,567,278,0,0.0,0.0,,Neutral
legislation,0.0,,,,,,,,,,,,,,,,,,,,,,,,,,,,,,,,,,,,,,,,,,,,,,,,511,198,0,0.0,0.0,,Neutral
letter,0.0,,,,,,,,,,,,,,,,,,,,,,,,,,,,,,,,,,,,,,,,,,,,,,,,335,200,0,0.0,0.0,,Neutral
liability,458.0,3.0,3.0,20.0,1.0,4.0,1.0,2.0,0.0,11.0,1.0,10.0,10.0,2.0,5.0,11.0,3.0,69.0,1.0,1.0,47.0,19.0,16.0,6.0,5.0,4.0,0.0,5.0,0.0,13.0,22.0,2.0,13.0,10.0,4.0,6.0,8.0,0.0,29.0,8.0,8.0,4.0,10.0,14.0,2.0,14.0,31.0,0.0,19,98,1,1.0,1.0,-44.0,Left
liberal,0.0,,,,,,,,,,,,,,,,,,,,,,,,,,,,,,,,,,,,,,,,,,,,,,,,75,154,1,1.0,0.0,,Neutral
libraries,0.0,,,,,,,,,,,,,,,,,,,,,,,,,,,,,,,,,,,,,,,,,,,,,,,,321,82,0,0.0,0.0,,Neutral
life,0.0,,,,,,,,,,,,,,,,,,,,,,,,,,,,,,,,,,,,,,,,,,,,,,,,322,272,0,0.0,0.0,,Neutral
life under,0.0,,,,,,,,,,,,,,,,,,,,,,,,,,,,,,,,,,,,,,,,,,,,,,,,764,14,0,0.0,0.0,,Neutral
like YouTube,0.0,,,,,,,,,,,,,,,,,,,,,,,,,,,,,,,,,,,,,,,,,,,,,,,,134,18,1,0.0,0.0,,Neutral
like these,0.0,,,,,,,,,,,,,,,,,,,,,,,,,,,,,,,,,,,,,,,,,,,,,,,,635,27,0,0.0,0.0,,Neutral
like this,0.0,,,,,,,,,,,,,,,,,,,,,,,,,,,,,,,,,,,,,,,,,,,,,,,,640,72,0,0.0,0.0,,Neutral
like this one,0.0,,,,,,,,,,,,,,,,,,,,,,,,,,,,,,,,,,,,,,,,,,,,,,,,802,15,0,0.0,0.0,,Neutral
literary,0.0,,,,,,,,,,,,,,,,,,,,,,,,,,,,,,,,,,,,,,,,,,,,,,,,598,27,0,0.0,0.0,,Neutral
local,0.0,,,,,,,,,,,,,,,,,,,,,,,,,,,,,,,,,,,,,,,,,,,,,,,,400,233,0,0.0,0.0,,Neutral
long,0.0,,,,,,,,,,,,,,,,,,,,,,,,,,,,,,,,,,,,,,,,,,,,,,,,420,426,0,0.0,0.0,,Neutral
made,0.0,,,,,,,,,,,,,,,,,,,,,,,,,,,,,,,,,,,,,,,,,,,,,,,,407,514,0,0.0,0.0,,Neutral
mainland,0.0,,,,,,,,,,,,,,,,,,,,,,,,,,,,,,,,,,,,,,,,,,,,,,,,274,142,0,0.0,0.0,,Neutral
mainstream,342.0,3.0,10.0,2.0,2.0,1.0,0.0,8.0,4.0,5.0,0.0,12.0,7.0,7.0,5.0,7.0,0.0,7.0,2.0,2.0,0.0,18.0,9.0,21.0,2.0,10.0,4.0,14.0,3.0,13.0,8.0,3.0,0.0,0.0,39.0,12.0,15.0,9.0,9.0,14.0,0.0,0.0,4.0,2.0,2.0,10.0,37.0,0.0,36,163,1,1.0,1.0,17.0,Right
making,0.0,,,,,,,,,,,,,,,,,,,,,,,,,,,,,,,,,,,,,,,,,,,,,,,,518,230,0,0.0,0.0,,Neutral
man,0.0,,,,,,,,,,,,,,,,,,,,,,,,,,,,,,,,,,,,,,,,,,,,,,,,543,135,0,0.0,0.0,,Neutral
man of,0.0,,,,,,,,,,,,,,,,,,,,,,,,,,,,,,,,,,,,,,,,,,,,,,,,836,18,0,0.0,0.0,,Neutral
manipulated,0.0,,,,,,,,,,,,,,,,,,,,,,,,,,,,,,,,,,,,,,,,,,,,,,,,77,37,1,1.0,0.0,,Neutral
material,0.0,,,,,,,,,,,,,,,,,,,,,,,,,,,,,,,,,,,,,,,,,,,,,,,,395,174,0,0.0,0.0,,Neutral
media,0.0,,,,,,,,,,,,,,,,,,,,,,,,,,,,,,,,,,,,,,,,,,,,,,,,158,3008,0,0.0,0.0,,Neutral
media and,0.0,,,,,,,,,,,,,,,,,,,,,,,,,,,,,,,,,,,,,,,,,,,,,,,,978,188,0,0.0,0.0,,Neutral
media and technology,0.0,,,,,,,,,,,,,,,,,,,,,,,,,,,,,,,,,,,,,,,,,,,,,,,,78,18,1,1.0,0.0,,Neutral
media companies and,0.0,,,,,,,,,,,,,,,,,,,,,,,,,,,,,,,,,,,,,,,,,,,,,,,,135,19,1,0.0,0.0,,Neutral
media in,0.0,,,,,,,,,,,,,,,,,,,,,,,,,,,,,,,,,,,,,,,,,,,,,,,,996,63,0,0.0,0.0,,Neutral
media networks,48.0,1.0,1.0,0.0,0.0,0.0,0.0,4.0,0.0,0.0,0.0,1.0,1.0,0.0,0.0,1.0,0.0,7.0,0.0,0.0,1.0,0.0,2.0,2.0,0.0,2.0,0.0,0.0,0.0,0.0,3.0,0.0,2.0,10.0,1.0,1.0,0.0,0.0,0.0,0.0,1.0,0.0,0.0,4.0,2.0,1.0,0.0,0.0,26,25,1,1.0,1.0,-6.0,Left
media networks like,0.0,,,,,,,,,,,,,,,,,,,,,,,,,,,,,,,,,,,,,,,,,,,,,,,,136,11,1,0.0,0.0,,Neutral
meetings,0.0,,,,,,,,,,,,,,,,,,,,,,,,,,,,,,,,,,,,,,,,,,,,,,,,298,58,0,0.0,0.0,,Neutral
member,0.0,,,,,,,,,,,,,,,,,,,,,,,,,,,,,,,,,,,,,,,,,,,,,,,,306,106,0,0.0,0.0,,Neutral
members,0.0,,,,,,,,,,,,,,,,,,,,,,,,,,,,,,,,,,,,,,,,,,,,,,,,498,172,0,0.0,0.0,,Neutral
message,0.0,,,,,,,,,,,,,,,,,,,,,,,,,,,,,,,,,,,,,,,,,,,,,,,,484,148,0,0.0,0.0,,Neutral
messages,0.0,,,,,,,,,,,,,,,,,,,,,,,,,,,,,,,,,,,,,,,,,,,,,,,,231,121,0,0.0,0.0,,Neutral
might,0.0,,,,,,,,,,,,,,,,,,,,,,,,,,,,,,,,,,,,,,,,,,,,,,,,430,290,0,0.0,0.0,,Neutral
military,0.0,,,,,,,,,,,,,,,,,,,,,,,,,,,,,,,,,,,,,,,,,,,,,,,,217,236,0,0.0,0.0,,Neutral
misinformation,513.0,9.0,3.0,0.0,13.0,0.0,4.0,11.0,5.0,25.0,2.0,9.0,14.0,7.0,6.0,10.0,0.0,23.0,3.0,0.0,16.0,3.0,22.0,33.0,1.0,6.0,1.0,0.0,2.0,9.0,23.0,11.0,4.0,4.0,0.0,5.0,14.0,4.0,32.0,4.0,4.0,7.0,7.0,18.0,18.0,29.0,88.0,4.0,9,173,1,1.0,1.0,-171.0,Left
moderation,0.0,,,,,,,,,,,,,,,,,,,,,,,,,,,,,,,,,,,,,,,,,,,,,,,,137,130,1,0.0,0.0,,Neutral
moderators,200.0,0.0,0.0,4.0,0.0,1.0,0.0,6.0,8.0,3.0,0.0,3.0,2.0,2.0,0.0,7.0,3.0,0.0,0.0,4.0,13.0,2.0,6.0,3.0,1.0,0.0,8.0,0.0,0.0,9.0,5.0,3.0,1.0,1.0,1.0,0.0,0.0,1.0,6.0,2.0,0.0,3.0,5.0,19.0,3.0,3.0,46.0,16.0,29,80,1,1.0,1.0,-29.0,Left
month,0.0,,,,,,,,,,,,,,,,,,,,,,,,,,,,,,,,,,,,,,,,,,,,,,,,612,219,0,0.0,0.0,,Neutral
more than,0.0,,,,,,,,,,,,,,,,,,,,,,,,,,,,,,,,,,,,,,,,,,,,,,,,856,392,0,0.0,0.0,,Neutral
mostly,0.0,,,,,,,,,,,,,,,,,,,,,,,,,,,,,,,,,,,,,,,,,,,,,,,,453,73,0,0.0,0.0,,Neutral
mostly used,0.0,,,,,,,,,,,,,,,,,,,,,,,,,,,,,,,,,,,,,,,,,,,,,,,,438,13,0,0.0,0.0,,Neutral
movement,0.0,,,,,,,,,,,,,,,,,,,,,,,,,,,,,,,,,,,,,,,,,,,,,,,,510,179,0,0.0,0.0,,Neutral
movie,0.0,,,,,,,,,,,,,,,,,,,,,,,,,,,,,,,,,,,,,,,,,,,,,,,,389,80,0,0.0,0.0,,Neutral
much,0.0,,,,,,,,,,,,,,,,,,,,,,,,,,,,,,,,,,,,,,,,,,,,,,,,380,428,0,0.0,0.0,,Neutral
mural,0.0,,,,,,,,,,,,,,,,,,,,,,,,,,,,,,,,,,,,,,,,,,,,,,,,486,10,0,0.0,0.0,,Neutral
must,0.0,,,,,,,,,,,,,,,,,,,,,,,,,,,,,,,,,,,,,,,,,,,,,,,,476,318,0,0.0,0.0,,Neutral
narrative,0.0,,,,,,,,,,,,,,,,,,,,,,,,,,,,,,,,,,,,,,,,,,,,,,,,443,146,0,0.0,0.0,,Neutral
national,0.0,,,,,,,,,,,,,,,,,,,,,,,,,,,,,,,,,,,,,,,,,,,,,,,,189,402,0,0.0,0.0,,Neutral
national security,0.0,,,,,,,,,,,,,,,,,,,,,,,,,,,,,,,,,,,,,,,,,,,,,,,,138,211,1,0.0,0.0,,Neutral
national security law,0.0,,,,,,,,,,,,,,,,,,,,,,,,,,,,,,,,,,,,,,,,,,,,,,,,79,80,1,1.0,0.0,,Neutral
need,0.0,,,,,,,,,,,,,,,,,,,,,,,,,,,,,,,,,,,,,,,,,,,,,,,,622,263,0,0.0,0.0,,Neutral
network,0.0,,,,,,,,,,,,,,,,,,,,,,,,,,,,,,,,,,,,,,,,,,,,,,,,536,177,0,0.0,0.0,,Neutral
networks,0.0,,,,,,,,,,,,,,,,,,,,,,,,,,,,,,,,,,,,,,,,,,,,,,,,480,162,0,0.0,0.0,,Neutral
never,0.0,,,,,,,,,,,,,,,,,,,,,,,,,,,,,,,,,,,,,,,,,,,,,,,,516,288,0,0.0,0.0,,Neutral
never seen,0.0,,,,,,,,,,,,,,,,,,,,,,,,,,,,,,,,,,,,,,,,,,,,,,,,398,14,0,0.0,0.0,,Neutral
new wave of,0.0,,,,,,,,,,,,,,,,,,,,,,,,,,,,,,,,,,,,,,,,,,,,,,,,757,13,0,0.0,0.0,,Neutral
news about,0.0,,,,,,,,,,,,,,,,,,,,,,,,,,,,,,,,,,,,,,,,,,,,,,,,721,31,0,0.0,0.0,,Neutral
news about the,0.0,,,,,,,,,,,,,,,,,,,,,,,,,,,,,,,,,,,,,,,,,,,,,,,,705,20,0,0.0,0.0,,Neutral
news organizations,65.0,2.0,2.0,0.0,0.0,1.0,2.0,2.0,0.0,3.0,0.0,5.0,4.0,1.0,1.0,2.0,0.0,0.0,0.0,0.0,0.0,1.0,3.0,3.0,0.0,0.0,0.0,1.0,0.0,1.0,1.0,3.0,1.0,0.0,1.0,2.0,0.0,1.0,1.0,0.0,0.0,0.0,1.0,1.0,1.0,1.0,17.0,0.0,12,49,1,1.0,1.0,-27.0,Left
newspaper,0.0,,,,,,,,,,,,,,,,,,,,,,,,,,,,,,,,,,,,,,,,,,,,,,,,80,183,1,1.0,0.0,,Neutral
newspapers,0.0,,,,,,,,,,,,,,,,,,,,,,,,,,,,,,,,,,,,,,,,,,,,,,,,139,112,1,0.0,0.0,,Neutral
next,0.0,,,,,,,,,,,,,,,,,,,,,,,,,,,,,,,,,,,,,,,,,,,,,,,,460,148,0,0.0,0.0,,Neutral
not be,0.0,,,,,,,,,,,,,,,,,,,,,,,,,,,,,,,,,,,,,,,,,,,,,,,,976,225,0,0.0,0.0,,Neutral
noted,0.0,,,,,,,,,,,,,,,,,,,,,,,,,,,,,,,,,,,,,,,,,,,,,,,,577,142,0,0.0,0.0,,Neutral
notes,0.0,,,,,,,,,,,,,,,,,,,,,,,,,,,,,,,,,,,,,,,,,,,,,,,,253,52,0,0.0,0.0,,Neutral
now at least,0.0,,,,,,,,,,,,,,,,,,,,,,,,,,,,,,,,,,,,,,,,,,,,,,,,740,14,0,0.0,0.0,,Neutral
obvious,0.0,,,,,,,,,,,,,,,,,,,,,,,,,,,,,,,,,,,,,,,,,,,,,,,,471,72,0,0.0,0.0,,Neutral
of Asia,0.0,,,,,,,,,,,,,,,,,,,,,,,,,,,,,,,,,,,,,,,,,,,,,,,,852,22,0,0.0,0.0,,Neutral
of China,0.0,,,,,,,,,,,,,,,,,,,,,,,,,,,,,,,,,,,,,,,,,,,,,,,,843,176,0,0.0,0.0,,Neutral
of Chinese,0.0,,,,,,,,,,,,,,,,,,,,,,,,,,,,,,,,,,,,,,,,,,,,,,,,818,138,0,0.0,0.0,,Neutral
of Chinese citizens,0.0,,,,,,,,,,,,,,,,,,,,,,,,,,,,,,,,,,,,,,,,,,,,,,,,772,13,0,0.0,0.0,,Neutral
of Dr,0.0,,,,,,,,,,,,,,,,,,,,,,,,,,,,,,,,,,,,,,,,,,,,,,,,769,13,0,0.0,0.0,,Neutral
of a,0.0,,,,,,,,,,,,,,,,,,,,,,,,,,,,,,,,,,,,,,,,,,,,,,,,774,710,0,0.0,0.0,,Neutral
of a new,0.0,,,,,,,,,,,,,,,,,,,,,,,,,,,,,,,,,,,,,,,,,,,,,,,,830,26,0,0.0,0.0,,Neutral
of censorship,0.0,,,,,,,,,,,,,,,,,,,,,,,,,,,,,,,,,,,,,,,,,,,,,,,,872,247,0,0.0,0.0,,Neutral
of digital,0.0,,,,,,,,,,,,,,,,,,,,,,,,,,,,,,,,,,,,,,,,,,,,,,,,805,31,0,0.0,0.0,,Neutral
of free speech,0.0,,,,,,,,,,,,,,,,,,,,,,,,,,,,,,,,,,,,,,,,,,,,,,,,140,154,1,0.0,0.0,,Neutral
of government,0.0,,,,,,,,,,,,,,,,,,,,,,,,,,,,,,,,,,,,,,,,,,,,,,,,967,86,0,0.0,0.0,,Neutral
of ideas,0.0,,,,,,,,,,,,,,,,,,,,,,,,,,,,,,,,,,,,,,,,,,,,,,,,866,74,0,0.0,0.0,,Neutral
of media,0.0,,,,,,,,,,,,,,,,,,,,,,,,,,,,,,,,,,,,,,,,,,,,,,,,892,67,0,0.0,0.0,,Neutral
of media and,0.0,,,,,,,,,,,,,,,,,,,,,,,,,,,,,,,,,,,,,,,,,,,,,,,,883,17,0,0.0,0.0,,Neutral
of news,0.0,,,,,,,,,,,,,,,,,,,,,,,,,,,,,,,,,,,,,,,,,,,,,,,,993,49,0,0.0,0.0,,Neutral
of our,0.0,,,,,,,,,,,,,,,,,,,,,,,,,,,,,,,,,,,,,,,,,,,,,,,,669,192,0,0.0,0.0,,Neutral
of the authorities,0.0,,,,,,,,,,,,,,,,,,,,,,,,,,,,,,,,,,,,,,,,,,,,,,,,778,20,0,0.0,0.0,,Neutral
of this,0.0,,,,,,,,,,,,,,,,,,,,,,,,,,,,,,,,,,,,,,,,,,,,,,,,854,200,0,0.0,0.0,,Neutral
of this order,0.0,,,,,,,,,,,,,,,,,,,,,,,,,,,,,,,,,,,,,,,,,,,,,,,,968,18,0,0.0,0.0,,Neutral
of three,0.0,,,,,,,,,,,,,,,,,,,,,,,,,,,,,,,,,,,,,,,,,,,,,,,,668,40,0,0.0,0.0,,Neutral
off with,0.0,,,,,,,,,,,,,,,,,,,,,,,,,,,,,,,,,,,,,,,,,,,,,,,,730,35,0,0.0,0.0,,Neutral
office,0.0,,,,,,,,,,,,,,,,,,,,,,,,,,,,,,,,,,,,,,,,,,,,,,,,457,126,0,0.0,0.0,,Neutral
office of,0.0,,,,,,,,,,,,,,,,,,,,,,,,,,,,,,,,,,,,,,,,,,,,,,,,936,17,0,0.0,0.0,,Neutral
officials,0.0,,,,,,,,,,,,,,,,,,,,,,,,,,,,,,,,,,,,,,,,,,,,,,,,225,327,0,0.0,0.0,,Neutral
officials for,0.0,,,,,,,,,,,,,,,,,,,,,,,,,,,,,,,,,,,,,,,,,,,,,,,,780,13,0,0.0,0.0,,Neutral
often,0.0,,,,,,,,,,,,,,,,,,,,,,,,,,,,,,,,,,,,,,,,,,,,,,,,531,308,0,0.0,0.0,,Neutral
old,0.0,,,,,,,,,,,,,,,,,,,,,,,,,,,,,,,,,,,,,,,,,,,,,,,,369,231,0,0.0,0.0,,Neutral
on Facebook,0.0,,,,,,,,,,,,,,,,,,,,,,,,,,,,,,,,,,,,,,,,,,,,,,,,933,141,0,0.0,0.0,,Neutral
on Twitter,0.0,,,,,,,,,,,,,,,,,,,,,,,,,,,,,,,,,,,,,,,,,,,,,,,,684,256,0,0.0,0.0,,Neutral
on Weibo,0.0,,,,,,,,,,,,,,,,,,,,,,,,,,,,,,,,,,,,,,,,,,,,,,,,750,50,0,0.0,0.0,,Neutral
on Weibo a,0.0,,,,,,,,,,,,,,,,,,,,,,,,,,,,,,,,,,,,,,,,,,,,,,,,713,16,0,0.0,0.0,,Neutral
on a,0.0,,,,,,,,,,,,,,,,,,,,,,,,,,,,,,,,,,,,,,,,,,,,,,,,975,215,0,0.0,0.0,,Neutral
on social media,0.0,,,,,,,,,,,,,,,,,,,,,,,,,,,,,,,,,,,,,,,,,,,,,,,,141,212,1,0.0,0.0,,Neutral
on the,0.0,,,,,,,,,,,,,,,,,,,,,,,,,,,,,,,,,,,,,,,,,,,,,,,,646,1596,0,0.0,0.0,,Neutral
one,0.0,,,,,,,,,,,,,,,,,,,,,,,,,,,,,,,,,,,,,,,,,,,,,,,,214,1340,0,0.0,0.0,,Neutral
one of,0.0,,,,,,,,,,,,,,,,,,,,,,,,,,,,,,,,,,,,,,,,,,,,,,,,692,418,0,0.0,0.0,,Neutral
one of the,0.0,,,,,,,,,,,,,,,,,,,,,,,,,,,,,,,,,,,,,,,,,,,,,,,,880,241,0,0.0,0.0,,Neutral
online censorship,82.0,5.0,1.0,0.0,0.0,1.0,0.0,19.0,0.0,2.0,0.0,3.0,2.0,2.0,0.0,0.0,0.0,9.0,0.0,0.0,0.0,6.0,1.0,1.0,0.0,3.0,0.0,2.0,0.0,1.0,2.0,0.0,2.0,0.0,2.0,0.0,0.0,1.0,0.0,5.0,1.0,0.0,0.0,0.0,9.0,0.0,2.0,0.0,27,61,1,1.0,1.0,20.0,Right
online platforms,293.0,3.0,4.0,1.0,0.0,1.0,1.0,2.0,0.0,15.0,1.0,21.0,6.0,3.0,1.0,3.0,0.0,61.0,0.0,2.0,23.0,2.0,7.0,4.0,0.0,0.0,0.0,3.0,0.0,6.0,37.0,4.0,6.0,0.0,0.0,6.0,6.0,0.0,6.0,2.0,12.0,0.0,4.0,15.0,0.0,9.0,15.0,1.0,8,83,1,1.0,1.0,-49.0,Left
open,0.0,,,,,,,,,,,,,,,,,,,,,,,,,,,,,,,,,,,,,,,,,,,,,,,,299,308,0,0.0,0.0,,Neutral
open and,0.0,,,,,,,,,,,,,,,,,,,,,,,,,,,,,,,,,,,,,,,,,,,,,,,,847,31,0,0.0,0.0,,Neutral
open source,0.0,,,,,,,,,,,,,,,,,,,,,,,,,,,,,,,,,,,,,,,,,,,,,,,,81,28,1,1.0,0.0,,Neutral
opinion,0.0,,,,,,,,,,,,,,,,,,,,,,,,,,,,,,,,,,,,,,,,,,,,,,,,170,246,0,0.0,0.0,,Neutral
opinion and,0.0,,,,,,,,,,,,,,,,,,,,,,,,,,,,,,,,,,,,,,,,,,,,,,,,672,28,0,0.0,0.0,,Neutral
opinion piece,0.0,,,,,,,,,,,,,,,,,,,,,,,,,,,,,,,,,,,,,,,,,,,,,,,,289,35,0,0.0,0.0,,Neutral
opinions,0.0,,,,,,,,,,,,,,,,,,,,,,,,,,,,,,,,,,,,,,,,,,,,,,,,403,165,0,0.0,0.0,,Neutral
opportunities,0.0,,,,,,,,,,,,,,,,,,,,,,,,,,,,,,,,,,,,,,,,,,,,,,,,245,39,0,0.0,0.0,,Neutral
order,0.0,,,,,,,,,,,,,,,,,,,,,,,,,,,,,,,,,,,,,,,,,,,,,,,,251,342,0,0.0,0.0,,Neutral
original,0.0,,,,,,,,,,,,,,,,,,,,,,,,,,,,,,,,,,,,,,,,,,,,,,,,334,80,0,0.0,0.0,,Neutral
our country,0.0,,,,,,,,,,,,,,,,,,,,,,,,,,,,,,,,,,,,,,,,,,,,,,,,864,28,0,0.0,0.0,,Neutral
our website,0.0,,,,,,,,,,,,,,,,,,,,,,,,,,,,,,,,,,,,,,,,,,,,,,,,982,15,0,0.0,0.0,,Neutral
out about the,0.0,,,,,,,,,,,,,,,,,,,,,,,,,,,,,,,,,,,,,,,,,,,,,,,,785,15,0,0.0,0.0,,Neutral
out in,0.0,,,,,,,,,,,,,,,,,,,,,,,,,,,,,,,,,,,,,,,,,,,,,,,,913,60,0,0.0,0.0,,Neutral
out there,0.0,,,,,,,,,,,,,,,,,,,,,,,,,,,,,,,,,,,,,,,,,,,,,,,,706,23,0,0.0,0.0,,Neutral
outbreak,0.0,,,,,,,,,,,,,,,,,,,,,,,,,,,,,,,,,,,,,,,,,,,,,,,,309,147,0,0.0,0.0,,Neutral
outlets for,0.0,,,,,,,,,,,,,,,,,,,,,,,,,,,,,,,,,,,,,,,,,,,,,,,,694,13,0,0.0,0.0,,Neutral
outside,0.0,,,,,,,,,,,,,,,,,,,,,,,,,,,,,,,,,,,,,,,,,,,,,,,,373,207,0,0.0,0.0,,Neutral
overwhelmed,0.0,,,,,,,,,,,,,,,,,,,,,,,,,,,,,,,,,,,,,,,,,,,,,,,,346,18,0,0.0,0.0,,Neutral
owners,0.0,,,,,,,,,,,,,,,,,,,,,,,,,,,,,,,,,,,,,,,,,,,,,,,,376,49,0,0.0,0.0,,Neutral
page,0.0,,,,,,,,,,,,,,,,,,,,,,,,,,,,,,,,,,,,,,,,,,,,,,,,180,246,0,0.0,0.0,,Neutral
pages,0.0,,,,,,,,,,,,,,,,,,,,,,,,,,,,,,,,,,,,,,,,,,,,,,,,159,281,0,0.0,0.0,,Neutral
pandemic,0.0,,,,,,,,,,,,,,,,,,,,,,,,,,,,,,,,,,,,,,,,,,,,,,,,285,164,0,0.0,0.0,,Neutral
papers,0.0,,,,,,,,,,,,,,,,,,,,,,,,,,,,,,,,,,,,,,,,,,,,,,,,200,62,0,0.0,0.0,,Neutral
parent,0.0,,,,,,,,,,,,,,,,,,,,,,,,,,,,,,,,,,,,,,,,,,,,,,,,562,56,0,0.0,0.0,,Neutral
parent company,0.0,,,,,,,,,,,,,,,,,,,,,,,,,,,,,,,,,,,,,,,,,,,,,,,,593,37,0,0.0,0.0,,Neutral
parents,0.0,,,,,,,,,,,,,,,,,,,,,,,,,,,,,,,,,,,,,,,,,,,,,,,,582,69,0,0.0,0.0,,Neutral
part of,0.0,,,,,,,,,,,,,,,,,,,,,,,,,,,,,,,,,,,,,,,,,,,,,,,,783,271,0,0.0,0.0,,Neutral
part of a,0.0,,,,,,,,,,,,,,,,,,,,,,,,,,,,,,,,,,,,,,,,,,,,,,,,927,79,0,0.0,0.0,,Neutral
partnership,0.0,,,,,,,,,,,,,,,,,,,,,,,,,,,,,,,,,,,,,,,,,,,,,,,,473,32,0,0.0,0.0,,Neutral
party,0.0,,,,,,,,,,,,,,,,,,,,,,,,,,,,,,,,,,,,,,,,,,,,,,,,414,325,0,0.0,0.0,,Neutral
people are,0.0,,,,,,,,,,,,,,,,,,,,,,,,,,,,,,,,,,,,,,,,,,,,,,,,799,82,0,0.0,0.0,,Neutral
people use,0.0,,,,,,,,,,,,,,,,,,,,,,,,,,,,,,,,,,,,,,,,,,,,,,,,431,17,0,0.0,0.0,,Neutral
peoples,0.0,,,,,,,,,,,,,,,,,,,,,,,,,,,,,,,,,,,,,,,,,,,,,,,,525,99,0,0.0,0.0,,Neutral
personal,0.0,,,,,,,,,,,,,,,,,,,,,,,,,,,,,,,,,,,,,,,,,,,,,,,,415,136,0,0.0,0.0,,Neutral
phrase,0.0,,,,,,,,,,,,,,,,,,,,,,,,,,,,,,,,,,,,,,,,,,,,,,,,578,47,0,0.0,0.0,,Neutral
piece,0.0,,,,,,,,,,,,,,,,,,,,,,,,,,,,,,,,,,,,,,,,,,,,,,,,265,126,0,0.0,0.0,,Neutral
platform,0.0,,,,,,,,,,,,,,,,,,,,,,,,,,,,,,,,,,,,,,,,,,,,,,,,142,739,1,0.0,0.0,,Neutral
platforms,0.0,,,,,,,,,,,,,,,,,,,,,,,,,,,,,,,,,,,,,,,,,,,,,,,,143,931,1,0.0,0.0,,Neutral
platforms including,0.0,,,,,,,,,,,,,,,,,,,,,,,,,,,,,,,,,,,,,,,,,,,,,,,,144,24,1,0.0,0.0,,Neutral
point,0.0,,,,,,,,,,,,,,,,,,,,,,,,,,,,,,,,,,,,,,,,,,,,,,,,592,197,0,0.0,0.0,,Neutral
police,0.0,,,,,,,,,,,,,,,,,,,,,,,,,,,,,,,,,,,,,,,,,,,,,,,,228,403,0,0.0,0.0,,Neutral
policy,0.0,,,,,,,,,,,,,,,,,,,,,,,,,,,,,,,,,,,,,,,,,,,,,,,,234,406,0,0.0,0.0,,Neutral
political,0.0,,,,,,,,,,,,,,,,,,,,,,,,,,,,,,,,,,,,,,,,,,,,,,,,173,1200,0,0.0,0.0,,Neutral
popular,0.0,,,,,,,,,,,,,,,,,,,,,,,,,,,,,,,,,,,,,,,,,,,,,,,,388,248,0,0.0,0.0,,Neutral
porn,0.0,,,,,,,,,,,,,,,,,,,,,,,,,,,,,,,,,,,,,,,,,,,,,,,,82,58,1,1.0,0.0,,Neutral
pornography,0.0,,,,,,,,,,,,,,,,,,,,,,,,,,,,,,,,,,,,,,,,,,,,,,,,83,91,1,1.0,0.0,,Neutral
post,0.0,,,,,,,,,,,,,,,,,,,,,,,,,,,,,,,,,,,,,,,,,,,,,,,,190,387,0,0.0,0.0,,Neutral
posted,0.0,,,,,,,,,,,,,,,,,,,,,,,,,,,,,,,,,,,,,,,,,,,,,,,,513,264,0,0.0,0.0,,Neutral
posts,0.0,,,,,,,,,,,,,,,,,,,,,,,,,,,,,,,,,,,,,,,,,,,,,,,,519,359,0,0.0,0.0,,Neutral
power,0.0,,,,,,,,,,,,,,,,,,,,,,,,,,,,,,,,,,,,,,,,,,,,,,,,413,450,0,0.0,0.0,,Neutral
practices,0.0,,,,,,,,,,,,,,,,,,,,,,,,,,,,,,,,,,,,,,,,,,,,,,,,557,120,0,0.0,0.0,,Neutral
preserving,0.0,,,,,,,,,,,,,,,,,,,,,,,,,,,,,,,,,,,,,,,,,,,,,,,,186,30,0,0.0,0.0,,Neutral
president,0.0,,,,,,,,,,,,,,,,,,,,,,,,,,,,,,,,,,,,,,,,,,,,,,,,277,270,0,0.0,0.0,,Neutral
press,0.0,,,,,,,,,,,,,,,,,,,,,,,,,,,,,,,,,,,,,,,,,,,,,,,,145,578,1,0.0,0.0,,Neutral
press freedom,0.0,,,,,,,,,,,,,,,,,,,,,,,,,,,,,,,,,,,,,,,,,,,,,,,,84,133,1,1.0,0.0,,Neutral
prison,0.0,,,,,,,,,,,,,,,,,,,,,,,,,,,,,,,,,,,,,,,,,,,,,,,,210,95,0,0.0,0.0,,Neutral
private,0.0,,,,,,,,,,,,,,,,,,,,,,,,,,,,,,,,,,,,,,,,,,,,,,,,254,348,0,0.0,0.0,,Neutral
pro Hong Kong,0.0,,,,,,,,,,,,,,,,,,,,,,,,,,,,,,,,,,,,,,,,,,,,,,,,565,16,0,0.0,0.0,,Neutral
pro democracy,0.0,,,,,,,,,,,,,,,,,,,,,,,,,,,,,,,,,,,,,,,,,,,,,,,,85,135,1,1.0,0.0,,Neutral
pro life,0.0,,,,,,,,,,,,,,,,,,,,,,,,,,,,,,,,,,,,,,,,,,,,,,,,86,57,1,1.0,0.0,,Neutral
produced,0.0,,,,,,,,,,,,,,,,,,,,,,,,,,,,,,,,,,,,,,,,,,,,,,,,490,81,0,0.0,0.0,,Neutral
profile,0.0,,,,,,,,,,,,,,,,,,,,,,,,,,,,,,,,,,,,,,,,,,,,,,,,282,90,0,0.0,0.0,,Neutral
propaganda,378.0,6.0,1.0,2.0,1.0,4.0,4.0,9.0,1.0,9.0,2.0,15.0,4.0,5.0,5.0,10.0,2.0,19.0,2.0,6.0,0.0,4.0,16.0,26.0,0.0,10.0,1.0,11.0,3.0,11.0,16.0,6.0,1.0,3.0,20.0,2.0,5.0,7.0,14.0,3.0,2.0,0.0,11.0,5.0,13.0,11.0,68.0,2.0,31,206,1,1.0,1.0,-75.0,Left
protected by,0.0,,,,,,,,,,,,,,,,,,,,,,,,,,,,,,,,,,,,,,,,,,,,,,,,670,42,0,0.0,0.0,,Neutral
protections,0.0,,,,,,,,,,,,,,,,,,,,,,,,,,,,,,,,,,,,,,,,,,,,,,,,88,140,1,1.0,0.0,,Neutral
protest,0.0,,,,,,,,,,,,,,,,,,,,,,,,,,,,,,,,,,,,,,,,,,,,,,,,441,199,0,0.0,0.0,,Neutral
protesters,0.0,,,,,,,,,,,,,,,,,,,,,,,,,,,,,,,,,,,,,,,,,,,,,,,,89,179,1,1.0,0.0,,Neutral
protests,0.0,,,,,,,,,,,,,,,,,,,,,,,,,,,,,,,,,,,,,,,,,,,,,,,,203,403,0,0.0,0.0,,Neutral
provide,0.0,,,,,,,,,,,,,,,,,,,,,,,,,,,,,,,,,,,,,,,,,,,,,,,,292,184,0,0.0,0.0,,Neutral
provide a,0.0,,,,,,,,,,,,,,,,,,,,,,,,,,,,,,,,,,,,,,,,,,,,,,,,661,49,0,0.0,0.0,,Neutral
provider,0.0,,,,,,,,,,,,,,,,,,,,,,,,,,,,,,,,,,,,,,,,,,,,,,,,496,73,0,0.0,0.0,,Neutral
public,0.0,,,,,,,,,,,,,,,,,,,,,,,,,,,,,,,,,,,,,,,,,,,,,,,,178,1059,0,0.0,0.0,,Neutral
publication,0.0,,,,,,,,,,,,,,,,,,,,,,,,,,,,,,,,,,,,,,,,,,,,,,,,248,171,0,0.0,0.0,,Neutral
published,0.0,,,,,,,,,,,,,,,,,,,,,,,,,,,,,,,,,,,,,,,,,,,,,,,,524,335,0,0.0,0.0,,Neutral
publisher that,0.0,,,,,,,,,,,,,,,,,,,,,,,,,,,,,,,,,,,,,,,,,,,,,,,,651,30,0,0.0,0.0,,Neutral
punished,0.0,,,,,,,,,,,,,,,,,,,,,,,,,,,,,,,,,,,,,,,,,,,,,,,,477,46,0,0.0,0.0,,Neutral
purge,89.0,0.0,0.0,1.0,0.0,0.0,0.0,1.0,0.0,0.0,0.0,0.0,7.0,1.0,1.0,5.0,4.0,0.0,1.0,1.0,0.0,1.0,5.0,1.0,1.0,8.0,0.0,7.0,6.0,2.0,4.0,1.0,0.0,1.0,0.0,9.0,1.0,6.0,2.0,1.0,1.0,0.0,0.0,0.0,0.0,2.0,8.0,0.0,16,85,1,1.0,1.0,-1.0,Left
pushing,0.0,,,,,,,,,,,,,,,,,,,,,,,,,,,,,,,,,,,,,,,,,,,,,,,,509,66,0,0.0,0.0,,Neutral
pushing back,0.0,,,,,,,,,,,,,,,,,,,,,,,,,,,,,,,,,,,,,,,,,,,,,,,,366,16,0,0.0,0.0,,Neutral
queer,0.0,,,,,,,,,,,,,,,,,,,,,,,,,,,,,,,,,,,,,,,,,,,,,,,,240,29,0,0.0,0.0,,Neutral
question,0.0,,,,,,,,,,,,,,,,,,,,,,,,,,,,,,,,,,,,,,,,,,,,,,,,535,213,0,0.0,0.0,,Neutral
quickly,0.0,,,,,,,,,,,,,,,,,,,,,,,,,,,,,,,,,,,,,,,,,,,,,,,,215,140,0,0.0,0.0,,Neutral
rapidly,0.0,,,,,,,,,,,,,,,,,,,,,,,,,,,,,,,,,,,,,,,,,,,,,,,,600,37,0,0.0,0.0,,Neutral
rare,0.0,,,,,,,,,,,,,,,,,,,,,,,,,,,,,,,,,,,,,,,,,,,,,,,,405,46,0,0.0,0.0,,Neutral
readers,0.0,,,,,,,,,,,,,,,,,,,,,,,,,,,,,,,,,,,,,,,,,,,,,,,,556,97,0,0.0,0.0,,Neutral
really,0.0,,,,,,,,,,,,,,,,,,,,,,,,,,,,,,,,,,,,,,,,,,,,,,,,551,229,0,0.0,0.0,,Neutral
recent,0.0,,,,,,,,,,,,,,,,,,,,,,,,,,,,,,,,,,,,,,,,,,,,,,,,349,429,0,0.0,0.0,,Neutral
recently,0.0,,,,,,,,,,,,,,,,,,,,,,,,,,,,,,,,,,,,,,,,,,,,,,,,474,265,0,0.0,0.0,,Neutral
record,0.0,,,,,,,,,,,,,,,,,,,,,,,,,,,,,,,,,,,,,,,,,,,,,,,,423,59,0,0.0,0.0,,Neutral
referred to,0.0,,,,,,,,,,,,,,,,,,,,,,,,,,,,,,,,,,,,,,,,,,,,,,,,960,40,0,0.0,0.0,,Neutral
region,0.0,,,,,,,,,,,,,,,,,,,,,,,,,,,,,,,,,,,,,,,,,,,,,,,,375,98,0,0.0,0.0,,Neutral
regulations,0.0,,,,,,,,,,,,,,,,,,,,,,,,,,,,,,,,,,,,,,,,,,,,,,,,90,110,1,1.0,0.0,,Neutral
remain,0.0,,,,,,,,,,,,,,,,,,,,,,,,,,,,,,,,,,,,,,,,,,,,,,,,499,129,0,0.0,0.0,,Neutral
removed,0.0,,,,,,,,,,,,,,,,,,,,,,,,,,,,,,,,,,,,,,,,,,,,,,,,307,358,0,0.0,0.0,,Neutral
renew,0.0,,,,,,,,,,,,,,,,,,,,,,,,,,,,,,,,,,,,,,,,,,,,,,,,527,23,0,0.0,0.0,,Neutral
renewed,0.0,,,,,,,,,,,,,,,,,,,,,,,,,,,,,,,,,,,,,,,,,,,,,,,,433,25,0,0.0,0.0,,Neutral
report,0.0,,,,,,,,,,,,,,,,,,,,,,,,,,,,,,,,,,,,,,,,,,,,,,,,283,417,0,0.0,0.0,,Neutral
reporter,0.0,,,,,,,,,,,,,,,,,,,,,,,,,,,,,,,,,,,,,,,,,,,,,,,,370,121,0,0.0,0.0,,Neutral
reporting,0.0,,,,,,,,,,,,,,,,,,,,,,,,,,,,,,,,,,,,,,,,,,,,,,,,266,235,0,0.0,0.0,,Neutral
request,0.0,,,,,,,,,,,,,,,,,,,,,,,,,,,,,,,,,,,,,,,,,,,,,,,,445,127,0,0.0,0.0,,Neutral
requests,0.0,,,,,,,,,,,,,,,,,,,,,,,,,,,,,,,,,,,,,,,,,,,,,,,,291,116,0,0.0,0.0,,Neutral
research,0.0,,,,,,,,,,,,,,,,,,,,,,,,,,,,,,,,,,,,,,,,,,,,,,,,401,142,0,0.0,0.0,,Neutral
resistance,0.0,,,,,,,,,,,,,,,,,,,,,,,,,,,,,,,,,,,,,,,,,,,,,,,,187,62,0,0.0,0.0,,Neutral
review,0.0,,,,,,,,,,,,,,,,,,,,,,,,,,,,,,,,,,,,,,,,,,,,,,,,239,205,0,0.0,0.0,,Neutral
revised,0.0,,,,,,,,,,,,,,,,,,,,,,,,,,,,,,,,,,,,,,,,,,,,,,,,605,15,0,0.0,0.0,,Neutral
right,0.0,,,,,,,,,,,,,,,,,,,,,,,,,,,,,,,,,,,,,,,,,,,,,,,,175,855,0,0.0,0.0,,Neutral
right to,0.0,,,,,,,,,,,,,,,,,,,,,,,,,,,,,,,,,,,,,,,,,,,,,,,,876,259,0,0.0,0.0,,Neutral
rights,0.0,,,,,,,,,,,,,,,,,,,,,,,,,,,,,,,,,,,,,,,,,,,,,,,,194,638,0,0.0,0.0,,Neutral
risk,0.0,,,,,,,,,,,,,,,,,,,,,,,,,,,,,,,,,,,,,,,,,,,,,,,,534,122,0,0.0,0.0,,Neutral
rules,0.0,,,,,,,,,,,,,,,,,,,,,,,,,,,,,,,,,,,,,,,,,,,,,,,,288,405,0,0.0,0.0,,Neutral
run,0.0,,,,,,,,,,,,,,,,,,,,,,,,,,,,,,,,,,,,,,,,,,,,,,,,596,222,0,0.0,0.0,,Neutral
savvy,0.0,,,,,,,,,,,,,,,,,,,,,,,,,,,,,,,,,,,,,,,,,,,,,,,,385,27,0,0.0,0.0,,Neutral
say this,0.0,,,,,,,,,,,,,,,,,,,,,,,,,,,,,,,,,,,,,,,,,,,,,,,,832,18,0,0.0,0.0,,Neutral
scale,0.0,,,,,,,,,,,,,,,,,,,,,,,,,,,,,,,,,,,,,,,,,,,,,,,,317,55,0,0.0,0.0,,Neutral
school,0.0,,,,,,,,,,,,,,,,,,,,,,,,,,,,,,,,,,,,,,,,,,,,,,,,155,298,0,0.0,0.0,,Neutral
school administrators,0.0,,,,,,,,,,,,,,,,,,,,,,,,,,,,,,,,,,,,,,,,,,,,,,,,467,17,0,0.0,0.0,,Neutral
schools,0.0,,,,,,,,,,,,,,,,,,,,,,,,,,,,,,,,,,,,,,,,,,,,,,,,243,116,0,0.0,0.0,,Neutral
screaming,0.0,,,,,,,,,,,,,,,,,,,,,,,,,,,,,,,,,,,,,,,,,,,,,,,,379,17,0,0.0,0.0,,Neutral
scrubbed,0.0,,,,,,,,,,,,,,,,,,,,,,,,,,,,,,,,,,,,,,,,,,,,,,,,22,37,1,1.0,0.0,,Neutral
scrubbed from,0.0,,,,,,,,,,,,,,,,,,,,,,,,,,,,,,,,,,,,,,,,,,,,,,,,726,18,0,0.0,0.0,,Neutral
search,0.0,,,,,,,,,,,,,,,,,,,,,,,,,,,,,,,,,,,,,,,,,,,,,,,,312,260,0,0.0,0.0,,Neutral
search engine,0.0,,,,,,,,,,,,,,,,,,,,,,,,,,,,,,,,,,,,,,,,,,,,,,,,91,93,1,1.0,0.0,,Neutral
section,0.0,,,,,,,,,,,,,,,,,,,,,,,,,,,,,,,,,,,,,,,,,,,,,,,,275,112,0,0.0,0.0,,Neutral
security,0.0,,,,,,,,,,,,,,,,,,,,,,,,,,,,,,,,,,,,,,,,,,,,,,,,166,448,0,0.0,0.0,,Neutral
security law,0.0,,,,,,,,,,,,,,,,,,,,,,,,,,,,,,,,,,,,,,,,,,,,,,,,146,117,1,0.0,0.0,,Neutral
see,0.0,,,,,,,,,,,,,,,,,,,,,,,,,,,,,,,,,,,,,,,,,,,,,,,,386,458,0,0.0,0.0,,Neutral
seen,0.0,,,,,,,,,,,,,,,,,,,,,,,,,,,,,,,,,,,,,,,,,,,,,,,,371,224,0,0.0,0.0,,Neutral
sensitive,0.0,,,,,,,,,,,,,,,,,,,,,,,,,,,,,,,,,,,,,,,,,,,,,,,,284,142,0,0.0,0.0,,Neutral
service,0.0,,,,,,,,,,,,,,,,,,,,,,,,,,,,,,,,,,,,,,,,,,,,,,,,363,309,0,0.0,0.0,,Neutral
several,0.0,,,,,,,,,,,,,,,,,,,,,,,,,,,,,,,,,,,,,,,,,,,,,,,,588,241,0,0.0,0.0,,Neutral
sex,0.0,,,,,,,,,,,,,,,,,,,,,,,,,,,,,,,,,,,,,,,,,,,,,,,,377,79,0,0.0,0.0,,Neutral
sexual,0.0,,,,,,,,,,,,,,,,,,,,,,,,,,,,,,,,,,,,,,,,,,,,,,,,325,128,0,0.0,0.0,,Neutral
shall,0.0,,,,,,,,,,,,,,,,,,,,,,,,,,,,,,,,,,,,,,,,,,,,,,,,212,81,0,0.0,0.0,,Neutral
shop,0.0,,,,,,,,,,,,,,,,,,,,,,,,,,,,,,,,,,,,,,,,,,,,,,,,387,28,0,0.0,0.0,,Neutral
should be,0.0,,,,,,,,,,,,,,,,,,,,,,,,,,,,,,,,,,,,,,,,,,,,,,,,844,254,0,0.0,0.0,,Neutral
showing,0.0,,,,,,,,,,,,,,,,,,,,,,,,,,,,,,,,,,,,,,,,,,,,,,,,202,94,0,0.0,0.0,,Neutral
shut down,0.0,,,,,,,,,,,,,,,,,,,,,,,,,,,,,,,,,,,,,,,,,,,,,,,,991,174,0,0.0,0.0,,Neutral
shutdowns,0.0,,,,,,,,,,,,,,,,,,,,,,,,,,,,,,,,,,,,,,,,,,,,,,,,320,39,0,0.0,0.0,,Neutral
sick,0.0,,,,,,,,,,,,,,,,,,,,,,,,,,,,,,,,,,,,,,,,,,,,,,,,526,28,0,0.0,0.0,,Neutral
simply,0.0,,,,,,,,,,,,,,,,,,,,,,,,,,,,,,,,,,,,,,,,,,,,,,,,437,172,0,0.0,0.0,,Neutral
simultaneously,0.0,,,,,,,,,,,,,,,,,,,,,,,,,,,,,,,,,,,,,,,,,,,,,,,,541,30,0,0.0,0.0,,Neutral
since,0.0,,,,,,,,,,,,,,,,,,,,,,,,,,,,,,,,,,,,,,,,,,,,,,,,344,405,0,0.0,0.0,,Neutral
since the,0.0,,,,,,,,,,,,,,,,,,,,,,,,,,,,,,,,,,,,,,,,,,,,,,,,939,97,0,0.0,0.0,,Neutral
site is,0.0,,,,,,,,,,,,,,,,,,,,,,,,,,,,,,,,,,,,,,,,,,,,,,,,678,31,0,0.0,0.0,,Neutral
sites,0.0,,,,,,,,,,,,,,,,,,,,,,,,,,,,,,,,,,,,,,,,,,,,,,,,221,308,0,0.0,0.0,,Neutral
social media,0.0,,,,,,,,,,,,,,,,,,,,,,,,,,,,,,,,,,,,,,,,,,,,,,,,147,1467,1,0.0,0.0,,Neutral
social media and,0.0,,,,,,,,,,,,,,,,,,,,,,,,,,,,,,,,,,,,,,,,,,,,,,,,989,74,0,0.0,0.0,,Neutral
social media companies,623.0,9.0,12.0,5.0,3.0,4.0,5.0,13.0,5.0,37.0,4.0,23.0,11.0,14.0,9.0,9.0,2.0,36.0,1.0,1.0,7.0,19.0,29.0,21.0,3.0,13.0,0.0,7.0,2.0,7.0,22.0,15.0,11.0,3.0,20.0,10.0,7.0,2.0,17.0,9.0,4.0,3.0,29.0,8.0,8.0,51.0,89.0,4.0,34,133,1,1.0,1.0,-142.0,Left
social media giants,118.0,3.0,2.0,3.0,1.0,0.0,0.0,2.0,0.0,1.0,0.0,3.0,0.0,5.0,4.0,2.0,0.0,26.0,0.0,1.0,0.0,3.0,11.0,4.0,1.0,8.0,0.0,1.0,1.0,0.0,1.0,1.0,3.0,0.0,5.0,1.0,4.0,4.0,0.0,2.0,1.0,0.0,0.0,0.0,0.0,2.0,11.0,1.0,17,59,1,1.0,1.0,18.0,Right
social media platforms,569.0,8.0,7.0,6.0,3.0,1.0,10.0,18.0,4.0,24.0,3.0,15.0,10.0,41.0,4.0,8.0,2.0,50.0,1.0,4.0,31.0,13.0,19.0,18.0,4.0,11.0,1.0,9.0,4.0,7.0,14.0,13.0,8.0,7.0,19.0,16.0,4.0,9.0,11.0,6.0,6.0,3.0,18.0,5.0,6.0,27.0,60.0,1.0,37,202,1,1.0,1.0,-80.0,Left
social media site,64.0,2.0,1.0,1.0,0.0,0.0,0.0,0.0,0.0,0.0,0.0,1.0,1.0,0.0,1.0,2.0,0.0,17.0,0.0,1.0,0.0,1.0,1.0,4.0,0.0,3.0,0.0,0.0,1.0,0.0,1.0,1.0,2.0,11.0,1.0,3.0,1.0,0.0,0.0,1.0,0.0,0.0,0.0,0.0,1.0,0.0,5.0,0.0,25,21,1,1.0,1.0,-15.0,Left
society,0.0,,,,,,,,,,,,,,,,,,,,,,,,,,,,,,,,,,,,,,,,,,,,,,,,272,261,0,0.0,0.0,,Neutral
something,0.0,,,,,,,,,,,,,,,,,,,,,,,,,,,,,,,,,,,,,,,,,,,,,,,,530,254,0,0.0,0.0,,Neutral
speak,0.0,,,,,,,,,,,,,,,,,,,,,,,,,,,,,,,,,,,,,,,,,,,,,,,,439,199,0,0.0,0.0,,Neutral
speak out,0.0,,,,,,,,,,,,,,,,,,,,,,,,,,,,,,,,,,,,,,,,,,,,,,,,829,40,0,0.0,0.0,,Neutral
speaking,0.0,,,,,,,,,,,,,,,,,,,,,,,,,,,,,,,,,,,,,,,,,,,,,,,,493,106,0,0.0,0.0,,Neutral
speaking out,0.0,,,,,,,,,,,,,,,,,,,,,,,,,,,,,,,,,,,,,,,,,,,,,,,,741,27,0,0.0,0.0,,Neutral
speech,0.0,,,,,,,,,,,,,,,,,,,,,,,,,,,,,,,,,,,,,,,,,,,,,,,,154,2331,0,0.0,0.0,,Neutral
speech and,0.0,,,,,,,,,,,,,,,,,,,,,,,,,,,,,,,,,,,,,,,,,,,,,,,,973,235,0,0.0,0.0,,Neutral
spokesman,0.0,,,,,,,,,,,,,,,,,,,,,,,,,,,,,,,,,,,,,,,,,,,,,,,,326,80,0,0.0,0.0,,Neutral
spokesperson,0.0,,,,,,,,,,,,,,,,,,,,,,,,,,,,,,,,,,,,,,,,,,,,,,,,399,95,0,0.0,0.0,,Neutral
spokeswoman,0.0,,,,,,,,,,,,,,,,,,,,,,,,,,,,,,,,,,,,,,,,,,,,,,,,544,38,0,0.0,0.0,,Neutral
spread,0.0,,,,,,,,,,,,,,,,,,,,,,,,,,,,,,,,,,,,,,,,,,,,,,,,340,258,0,0.0,0.0,,Neutral
square,0.0,,,,,,,,,,,,,,,,,,,,,,,,,,,,,,,,,,,,,,,,,,,,,,,,617,69,0,0.0,0.0,,Neutral
staff,0.0,,,,,,,,,,,,,,,,,,,,,,,,,,,,,,,,,,,,,,,,,,,,,,,,394,132,0,0.0,0.0,,Neutral
started,0.0,,,,,,,,,,,,,,,,,,,,,,,,,,,,,,,,,,,,,,,,,,,,,,,,410,165,0,0.0,0.0,,Neutral
started to,0.0,,,,,,,,,,,,,,,,,,,,,,,,,,,,,,,,,,,,,,,,,,,,,,,,698,26,0,0.0,0.0,,Neutral
state,0.0,,,,,,,,,,,,,,,,,,,,,,,,,,,,,,,,,,,,,,,,,,,,,,,,209,707,0,0.0,0.0,,Neutral
state media,0.0,,,,,,,,,,,,,,,,,,,,,,,,,,,,,,,,,,,,,,,,,,,,,,,,93,79,1,1.0,0.0,,Neutral
statement,0.0,,,,,,,,,,,,,,,,,,,,,,,,,,,,,,,,,,,,,,,,,,,,,,,,533,358,0,0.0,0.0,,Neutral
staying,0.0,,,,,,,,,,,,,,,,,,,,,,,,,,,,,,,,,,,,,,,,,,,,,,,,188,26,0,0.0,0.0,,Neutral
step,0.0,,,,,,,,,,,,,,,,,,,,,,,,,,,,,,,,,,,,,,,,,,,,,,,,591,101,0,0.0,0.0,,Neutral
step ahead of,0.0,,,,,,,,,,,,,,,,,,,,,,,,,,,,,,,,,,,,,,,,,,,,,,,,759,13,0,0.0,0.0,,Neutral
still,0.0,,,,,,,,,,,,,,,,,,,,,,,,,,,,,,,,,,,,,,,,,,,,,,,,529,368,0,0.0,0.0,,Neutral
stock,0.0,,,,,,,,,,,,,,,,,,,,,,,,,,,,,,,,,,,,,,,,,,,,,,,,442,43,0,0.0,0.0,,Neutral
stories that,0.0,,,,,,,,,,,,,,,,,,,,,,,,,,,,,,,,,,,,,,,,,,,,,,,,838,37,0,0.0,0.0,,Neutral
strength,0.0,,,,,,,,,,,,,,,,,,,,,,,,,,,,,,,,,,,,,,,,,,,,,,,,359,21,0,0.0,0.0,,Neutral
student,0.0,,,,,,,,,,,,,,,,,,,,,,,,,,,,,,,,,,,,,,,,,,,,,,,,149,291,1,0.0,0.0,,Neutral
student journalists,0.0,,,,,,,,,,,,,,,,,,,,,,,,,,,,,,,,,,,,,,,,,,,,,,,,94,26,1,1.0,0.0,,Neutral
students,0.0,,,,,,,,,,,,,,,,,,,,,,,,,,,,,,,,,,,,,,,,,,,,,,,,95,358,1,1.0,0.0,,Neutral
studios,0.0,,,,,,,,,,,,,,,,,,,,,,,,,,,,,,,,,,,,,,,,,,,,,,,,435,58,0,0.0,0.0,,Neutral
such as,0.0,,,,,,,,,,,,,,,,,,,,,,,,,,,,,,,,,,,,,,,,,,,,,,,,685,479,0,0.0,0.0,,Neutral
support,0.0,,,,,,,,,,,,,,,,,,,,,,,,,,,,,,,,,,,,,,,,,,,,,,,,342,341,0,0.0,0.0,,Neutral
suppress,0.0,,,,,,,,,,,,,,,,,,,,,,,,,,,,,,,,,,,,,,,,,,,,,,,,96,95,1,1.0,0.0,,Neutral
surveillance,0.0,,,,,,,,,,,,,,,,,,,,,,,,,,,,,,,,,,,,,,,,,,,,,,,,97,182,1,1.0,0.0,,Neutral
sympathy for,0.0,,,,,,,,,,,,,,,,,,,,,,,,,,,,,,,,,,,,,,,,,,,,,,,,994,9,0,0.0,0.0,,Neutral
system,0.0,,,,,,,,,,,,,,,,,,,,,,,,,,,,,,,,,,,,,,,,,,,,,,,,501,246,0,0.0,0.0,,Neutral
taboo,0.0,,,,,,,,,,,,,,,,,,,,,,,,,,,,,,,,,,,,,,,,,,,,,,,,412,21,0,0.0,0.0,,Neutral
targeted,0.0,,,,,,,,,,,,,,,,,,,,,,,,,,,,,,,,,,,,,,,,,,,,,,,,599,143,0,0.0,0.0,,Neutral
team,0.0,,,,,,,,,,,,,,,,,,,,,,,,,,,,,,,,,,,,,,,,,,,,,,,,585,113,0,0.0,0.0,,Neutral
tech,0.0,,,,,,,,,,,,,,,,,,,,,,,,,,,,,,,,,,,,,,,,,,,,,,,,164,615,0,0.0,0.0,,Neutral
tech companies,704.0,8.0,2.0,7.0,3.0,1.0,0.0,20.0,1.0,20.0,0.0,36.0,16.0,4.0,9.0,28.0,3.0,17.0,0.0,1.0,12.0,22.0,37.0,11.0,9.0,11.0,4.0,4.0,0.0,17.0,60.0,17.0,5.0,4.0,28.0,12.0,9.0,7.0,15.0,8.0,9.0,1.0,19.0,21.0,7.0,46.0,133.0,0.0,7,221,1,1.0,1.0,-131.0,Left
techniques,0.0,,,,,,,,,,,,,,,,,,,,,,,,,,,,,,,,,,,,,,,,,,,,,,,,330,25,0,0.0,0.0,,Neutral
technologies,0.0,,,,,,,,,,,,,,,,,,,,,,,,,,,,,,,,,,,,,,,,,,,,,,,,459,44,0,0.0,0.0,,Neutral
technology,0.0,,,,,,,,,,,,,,,,,,,,,,,,,,,,,,,,,,,,,,,,,,,,,,,,216,240,0,0.0,0.0,,Neutral
terms,0.0,,,,,,,,,,,,,,,,,,,,,,,,,,,,,,,,,,,,,,,,,,,,,,,,542,195,0,0.0,0.0,,Neutral
terms of,0.0,,,,,,,,,,,,,,,,,,,,,,,,,,,,,,,,,,,,,,,,,,,,,,,,894,114,0,0.0,0.0,,Neutral
test the,0.0,,,,,,,,,,,,,,,,,,,,,,,,,,,,,,,,,,,,,,,,,,,,,,,,735,20,0,0.0,0.0,,Neutral
that Facebook,0.0,,,,,,,,,,,,,,,,,,,,,,,,,,,,,,,,,,,,,,,,,,,,,,,,988,88,0,0.0,0.0,,Neutral
that allow,0.0,,,,,,,,,,,,,,,,,,,,,,,,,,,,,,,,,,,,,,,,,,,,,,,,879,30,0,0.0,0.0,,Neutral
that allow them,0.0,,,,,,,,,,,,,,,,,,,,,,,,,,,,,,,,,,,,,,,,,,,,,,,,787,13,0,0.0,0.0,,Neutral
that can,0.0,,,,,,,,,,,,,,,,,,,,,,,,,,,,,,,,,,,,,,,,,,,,,,,,826,91,0,0.0,0.0,,Neutral
that is,0.0,,,,,,,,,,,,,,,,,,,,,,,,,,,,,,,,,,,,,,,,,,,,,,,,873,289,0,0.0,0.0,,Neutral
that it,0.0,,,,,,,,,,,,,,,,,,,,,,,,,,,,,,,,,,,,,,,,,,,,,,,,934,415,0,0.0,0.0,,Neutral
that the,0.0,,,,,,,,,,,,,,,,,,,,,,,,,,,,,,,,,,,,,,,,,,,,,,,,633,1113,0,0.0,0.0,,Neutral
that would,0.0,,,,,,,,,,,,,,,,,,,,,,,,,,,,,,,,,,,,,,,,,,,,,,,,979,140,0,0.0,0.0,,Neutral
the American,0.0,,,,,,,,,,,,,,,,,,,,,,,,,,,,,,,,,,,,,,,,,,,,,,,,961,111,0,0.0,0.0,,Neutral
the Chinese,0.0,,,,,,,,,,,,,,,,,,,,,,,,,,,,,,,,,,,,,,,,,,,,,,,,625,724,0,0.0,0.0,,Neutral
the Chinese authorities,0.0,,,,,,,,,,,,,,,,,,,,,,,,,,,,,,,,,,,,,,,,,,,,,,,,900,40,0,0.0,0.0,,Neutral
the Chinese government,0.0,,,,,,,,,,,,,,,,,,,,,,,,,,,,,,,,,,,,,,,,,,,,,,,,650,227,0,0.0,0.0,,Neutral
the Chinese people,0.0,,,,,,,,,,,,,,,,,,,,,,,,,,,,,,,,,,,,,,,,,,,,,,,,861,35,0,0.0,0.0,,Neutral
the Communist,0.0,,,,,,,,,,,,,,,,,,,,,,,,,,,,,,,,,,,,,,,,,,,,,,,,816,133,0,0.0,0.0,,Neutral
the Communist Partys,0.0,,,,,,,,,,,,,,,,,,,,,,,,,,,,,,,,,,,,,,,,,,,,,,,,940,36,0,0.0,0.0,,Neutral
the First Amendment,0.0,,,,,,,,,,,,,,,,,,,,,,,,,,,,,,,,,,,,,,,,,,,,,,,,150,249,1,0.0,0.0,,Neutral
the For You,0.0,,,,,,,,,,,,,,,,,,,,,,,,,,,,,,,,,,,,,,,,,,,,,,,,868,15,0,0.0,0.0,,Neutral
the Foreign,0.0,,,,,,,,,,,,,,,,,,,,,,,,,,,,,,,,,,,,,,,,,,,,,,,,657,35,0,0.0,0.0,,Neutral
the Foreign Ministry,0.0,,,,,,,,,,,,,,,,,,,,,,,,,,,,,,,,,,,,,,,,,,,,,,,,839,18,0,0.0,0.0,,Neutral
the Free,0.0,,,,,,,,,,,,,,,,,,,,,,,,,,,,,,,,,,,,,,,,,,,,,,,,937,35,0,0.0,0.0,,Neutral
the Free Speech,0.0,,,,,,,,,,,,,,,,,,,,,,,,,,,,,,,,,,,,,,,,,,,,,,,,151,19,1,0.0,0.0,,Neutral
the Great Firewall,0.0,,,,,,,,,,,,,,,,,,,,,,,,,,,,,,,,,,,,,,,,,,,,,,,,98,64,1,1.0,0.0,,Neutral
the Guardian,0.0,,,,,,,,,,,,,,,,,,,,,,,,,,,,,,,,,,,,,,,,,,,,,,,,965,45,0,0.0,0.0,,Neutral
the Hong Kong,0.0,,,,,,,,,,,,,,,,,,,,,,,,,,,,,,,,,,,,,,,,,,,,,,,,877,97,0,0.0,0.0,,Neutral
the Indian,0.0,,,,,,,,,,,,,,,,,,,,,,,,,,,,,,,,,,,,,,,,,,,,,,,,997,28,0,0.0,0.0,,Neutral
the Internet,0.0,,,,,,,,,,,,,,,,,,,,,,,,,,,,,,,,,,,,,,,,,,,,,,,,906,174,0,0.0,0.0,,Neutral
the New York,0.0,,,,,,,,,,,,,,,,,,,,,,,,,,,,,,,,,,,,,,,,,,,,,,,,660,88,0,0.0,0.0,,Neutral
the Pentagon Papers,0.0,,,,,,,,,,,,,,,,,,,,,,,,,,,,,,,,,,,,,,,,,,,,,,,,99,30,1,1.0,0.0,,Neutral
the Tiananmen,0.0,,,,,,,,,,,,,,,,,,,,,,,,,,,,,,,,,,,,,,,,,,,,,,,,100,114,1,1.0,0.0,,Neutral
the Times,0.0,,,,,,,,,,,,,,,,,,,,,,,,,,,,,,,,,,,,,,,,,,,,,,,,746,43,0,0.0,0.0,,Neutral
the US,0.0,,,,,,,,,,,,,,,,,,,,,,,,,,,,,,,,,,,,,,,,,,,,,,,,643,192,0,0.0,0.0,,Neutral
the United States,0.0,,,,,,,,,,,,,,,,,,,,,,,,,,,,,,,,,,,,,,,,,,,,,,,,629,524,0,0.0,0.0,,Neutral
the WSJ,0.0,,,,,,,,,,,,,,,,,,,,,,,,,,,,,,,,,,,,,,,,,,,,,,,,842,17,0,0.0,0.0,,Neutral
the account,0.0,,,,,,,,,,,,,,,,,,,,,,,,,,,,,,,,,,,,,,,,,,,,,,,,954,46,0,0.0,0.0,,Neutral
the app,0.0,,,,,,,,,,,,,,,,,,,,,,,,,,,,,,,,,,,,,,,,,,,,,,,,642,107,0,0.0,0.0,,Neutral
the article,0.0,,,,,,,,,,,,,,,,,,,,,,,,,,,,,,,,,,,,,,,,,,,,,,,,665,99,0,0.0,0.0,,Neutral
the authorities,0.0,,,,,,,,,,,,,,,,,,,,,,,,,,,,,,,,,,,,,,,,,,,,,,,,691,100,0,0.0,0.0,,Neutral
the board,0.0,,,,,,,,,,,,,,,,,,,,,,,,,,,,,,,,,,,,,,,,,,,,,,,,947,40,0,0.0,0.0,,Neutral
the book,0.0,,,,,,,,,,,,,,,,,,,,,,,,,,,,,,,,,,,,,,,,,,,,,,,,899,67,0,0.0,0.0,,Neutral
the city,0.0,,,,,,,,,,,,,,,,,,,,,,,,,,,,,,,,,,,,,,,,,,,,,,,,728,90,0,0.0,0.0,,Neutral
the citys,0.0,,,,,,,,,,,,,,,,,,,,,,,,,,,,,,,,,,,,,,,,,,,,,,,,929,67,0,0.0,0.0,,Neutral
the company,0.0,,,,,,,,,,,,,,,,,,,,,,,,,,,,,,,,,,,,,,,,,,,,,,,,671,299,0,0.0,0.0,,Neutral
the coronavirus,0.0,,,,,,,,,,,,,,,,,,,,,,,,,,,,,,,,,,,,,,,,,,,,,,,,634,191,0,0.0,0.0,,Neutral
the coronavirus epidemic,0.0,,,,,,,,,,,,,,,,,,,,,,,,,,,,,,,,,,,,,,,,,,,,,,,,910,21,0,0.0,0.0,,Neutral
the coronavirus is,0.0,,,,,,,,,,,,,,,,,,,,,,,,,,,,,,,,,,,,,,,,,,,,,,,,797,13,0,0.0,0.0,,Neutral
the country,0.0,,,,,,,,,,,,,,,,,,,,,,,,,,,,,,,,,,,,,,,,,,,,,,,,639,330,0,0.0,0.0,,Neutral
the countrys,0.0,,,,,,,,,,,,,,,,,,,,,,,,,,,,,,,,,,,,,,,,,,,,,,,,682,216,0,0.0,0.0,,Neutral
the crisis,0.0,,,,,,,,,,,,,,,,,,,,,,,,,,,,,,,,,,,,,,,,,,,,,,,,749,38,0,0.0,0.0,,Neutral
the deadly,0.0,,,,,,,,,,,,,,,,,,,,,,,,,,,,,,,,,,,,,,,,,,,,,,,,725,16,0,0.0,0.0,,Neutral
the death of,0.0,,,,,,,,,,,,,,,,,,,,,,,,,,,,,,,,,,,,,,,,,,,,,,,,857,39,0,0.0,0.0,,Neutral
the government,0.0,,,,,,,,,,,,,,,,,,,,,,,,,,,,,,,,,,,,,,,,,,,,,,,,627,648,0,0.0,0.0,,Neutral
the government doesnt,0.0,,,,,,,,,,,,,,,,,,,,,,,,,,,,,,,,,,,,,,,,,,,,,,,,776,13,0,0.0,0.0,,Neutral
the governments,0.0,,,,,,,,,,,,,,,,,,,,,,,,,,,,,,,,,,,,,,,,,,,,,,,,744,135,0,0.0,0.0,,Neutral
the hashtag,0.0,,,,,,,,,,,,,,,,,,,,,,,,,,,,,,,,,,,,,,,,,,,,,,,,813,36,0,0.0,0.0,,Neutral
the headline,0.0,,,,,,,,,,,,,,,,,,,,,,,,,,,,,,,,,,,,,,,,,,,,,,,,641,35,0,0.0,0.0,,Neutral
the internet,0.0,,,,,,,,,,,,,,,,,,,,,,,,,,,,,,,,,,,,,,,,,,,,,,,,636,355,0,0.0,0.0,,Neutral
the journalists,0.0,,,,,,,,,,,,,,,,,,,,,,,,,,,,,,,,,,,,,,,,,,,,,,,,901,28,0,0.0,0.0,,Neutral
the landscape,0.0,,,,,,,,,,,,,,,,,,,,,,,,,,,,,,,,,,,,,,,,,,,,,,,,770,13,0,0.0,0.0,,Neutral
the law,0.0,,,,,,,,,,,,,,,,,,,,,,,,,,,,,,,,,,,,,,,,,,,,,,,,702,210,0,0.0,0.0,,Neutral
the media,0.0,,,,,,,,,,,,,,,,,,,,,,,,,,,,,,,,,,,,,,,,,,,,,,,,666,214,0,0.0,0.0,,Neutral
the message,0.0,,,,,,,,,,,,,,,,,,,,,,,,,,,,,,,,,,,,,,,,,,,,,,,,825,30,0,0.0,0.0,,Neutral
the military,0.0,,,,,,,,,,,,,,,,,,,,,,,,,,,,,,,,,,,,,,,,,,,,,,,,904,81,0,0.0,0.0,,Neutral
the national security,0.0,,,,,,,,,,,,,,,,,,,,,,,,,,,,,,,,,,,,,,,,,,,,,,,,944,44,0,0.0,0.0,,Neutral
the new,0.0,,,,,,,,,,,,,,,,,,,,,,,,,,,,,,,,,,,,,,,,,,,,,,,,688,232,0,0.0,0.0,,Neutral
the new law,0.0,,,,,,,,,,,,,,,,,,,,,,,,,,,,,,,,,,,,,,,,,,,,,,,,932,54,0,0.0,0.0,,Neutral
the newspaper,0.0,,,,,,,,,,,,,,,,,,,,,,,,,,,,,,,,,,,,,,,,,,,,,,,,942,41,0,0.0,0.0,,Neutral
the next,0.0,,,,,,,,,,,,,,,,,,,,,,,,,,,,,,,,,,,,,,,,,,,,,,,,889,63,0,0.0,0.0,,Neutral
the online,0.0,,,,,,,,,,,,,,,,,,,,,,,,,,,,,,,,,,,,,,,,,,,,,,,,809,53,0,0.0,0.0,,Neutral
the pages,0.0,,,,,,,,,,,,,,,,,,,,,,,,,,,,,,,,,,,,,,,,,,,,,,,,677,44,0,0.0,0.0,,Neutral
the pandemic,0.0,,,,,,,,,,,,,,,,,,,,,,,,,,,,,,,,,,,,,,,,,,,,,,,,762,76,0,0.0,0.0,,Neutral
the papers,0.0,,,,,,,,,,,,,,,,,,,,,,,,,,,,,,,,,,,,,,,,,,,,,,,,690,37,0,0.0,0.0,,Neutral
the platform,0.0,,,,,,,,,,,,,,,,,,,,,,,,,,,,,,,,,,,,,,,,,,,,,,,,912,215,0,0.0,0.0,,Neutral
the policy,0.0,,,,,,,,,,,,,,,,,,,,,,,,,,,,,,,,,,,,,,,,,,,,,,,,700,58,0,0.0,0.0,,Neutral
the press,0.0,,,,,,,,,,,,,,,,,,,,,,,,,,,,,,,,,,,,,,,,,,,,,,,,773,179,0,0.0,0.0,,Neutral
the protests,0.0,,,,,,,,,,,,,,,,,,,,,,,,,,,,,,,,,,,,,,,,,,,,,,,,981,89,0,0.0,0.0,,Neutral
the public,0.0,,,,,,,,,,,,,,,,,,,,,,,,,,,,,,,,,,,,,,,,,,,,,,,,699,234,0,0.0,0.0,,Neutral
the radar,0.0,,,,,,,,,,,,,,,,,,,,,,,,,,,,,,,,,,,,,,,,,,,,,,,,731,16,0,0.0,0.0,,Neutral
the right,0.0,,,,,,,,,,,,,,,,,,,,,,,,,,,,,,,,,,,,,,,,,,,,,,,,984,233,0,0.0,0.0,,Neutral
the s,0.0,,,,,,,,,,,,,,,,,,,,,,,,,,,,,,,,,,,,,,,,,,,,,,,,998,62,0,0.0,0.0,,Neutral
the same,0.0,,,,,,,,,,,,,,,,,,,,,,,,,,,,,,,,,,,,,,,,,,,,,,,,935,311,0,0.0,0.0,,Neutral
the school,0.0,,,,,,,,,,,,,,,,,,,,,,,,,,,,,,,,,,,,,,,,,,,,,,,,647,63,0,0.0,0.0,,Neutral
the site,0.0,,,,,,,,,,,,,,,,,,,,,,,,,,,,,,,,,,,,,,,,,,,,,,,,911,100,0,0.0,0.0,,Neutral
the social media,0.0,,,,,,,,,,,,,,,,,,,,,,,,,,,,,,,,,,,,,,,,,,,,,,,,152,130,1,0.0,0.0,,Neutral
the spread of,0.0,,,,,,,,,,,,,,,,,,,,,,,,,,,,,,,,,,,,,,,,,,,,,,,,884,82,0,0.0,0.0,,Neutral
the state,0.0,,,,,,,,,,,,,,,,,,,,,,,,,,,,,,,,,,,,,,,,,,,,,,,,897,165,0,0.0,0.0,,Neutral
the student,0.0,,,,,,,,,,,,,,,,,,,,,,,,,,,,,,,,,,,,,,,,,,,,,,,,648,46,0,0.0,0.0,,Neutral
the tweet,0.0,,,,,,,,,,,,,,,,,,,,,,,,,,,,,,,,,,,,,,,,,,,,,,,,754,30,0,0.0,0.0,,Neutral
the video,0.0,,,,,,,,,,,,,,,,,,,,,,,,,,,,,,,,,,,,,,,,,,,,,,,,943,110,0,0.0,0.0,,Neutral
the virus,0.0,,,,,,,,,,,,,,,,,,,,,,,,,,,,,,,,,,,,,,,,,,,,,,,,649,129,0,0.0,0.0,,Neutral
the virus and,0.0,,,,,,,,,,,,,,,,,,,,,,,,,,,,,,,,,,,,,,,,,,,,,,,,827,21,0,0.0,0.0,,Neutral
the ways,0.0,,,,,,,,,,,,,,,,,,,,,,,,,,,,,,,,,,,,,,,,,,,,,,,,986,21,0,0.0,0.0,,Neutral
the world,0.0,,,,,,,,,,,,,,,,,,,,,,,,,,,,,,,,,,,,,,,,,,,,,,,,792,430,0,0.0,0.0,,Neutral
their families,0.0,,,,,,,,,,,,,,,,,,,,,,,,,,,,,,,,,,,,,,,,,,,,,,,,841,23,0,0.0,0.0,,Neutral
them and,0.0,,,,,,,,,,,,,,,,,,,,,,,,,,,,,,,,,,,,,,,,,,,,,,,,888,42,0,0.0,0.0,,Neutral
them and their,0.0,,,,,,,,,,,,,,,,,,,,,,,,,,,,,,,,,,,,,,,,,,,,,,,,782,14,0,0.0,0.0,,Neutral
these people,0.0,,,,,,,,,,,,,,,,,,,,,,,,,,,,,,,,,,,,,,,,,,,,,,,,791,18,0,0.0,0.0,,Neutral
these platforms,0.0,,,,,,,,,,,,,,,,,,,,,,,,,,,,,,,,,,,,,,,,,,,,,,,,153,43,1,0.0,0.0,,Neutral
they are,0.0,,,,,,,,,,,,,,,,,,,,,,,,,,,,,,,,,,,,,,,,,,,,,,,,890,333,0,0.0,0.0,,Neutral
theyre doing,0.0,,,,,,,,,,,,,,,,,,,,,,,,,,,,,,,,,,,,,,,,,,,,,,,,765,15,0,0.0,0.0,,Neutral
think,0.0,,,,,,,,,,,,,,,,,,,,,,,,,,,,,,,,,,,,,,,,,,,,,,,,235,429,0,0.0,0.0,,Neutral
think tank,0.0,,,,,,,,,,,,,,,,,,,,,,,,,,,,,,,,,,,,,,,,,,,,,,,,101,31,1,1.0,0.0,,Neutral
think that,0.0,,,,,,,,,,,,,,,,,,,,,,,,,,,,,,,,,,,,,,,,,,,,,,,,917,38,0,0.0,0.0,,Neutral
this kind of,0.0,,,,,,,,,,,,,,,,,,,,,,,,,,,,,,,,,,,,,,,,,,,,,,,,902,39,0,0.0,0.0,,Neutral
this year,0.0,,,,,,,,,,,,,,,,,,,,,,,,,,,,,,,,,,,,,,,,,,,,,,,,990,111,0,0.0,0.0,,Neutral
though,0.0,,,,,,,,,,,,,,,,,,,,,,,,,,,,,,,,,,,,,,,,,,,,,,,,602,218,0,0.0,0.0,,Neutral
threat,0.0,,,,,,,,,,,,,,,,,,,,,,,,,,,,,,,,,,,,,,,,,,,,,,,,458,238,0,0.0,0.0,,Neutral
threat to,0.0,,,,,,,,,,,,,,,,,,,,,,,,,,,,,,,,,,,,,,,,,,,,,,,,887,89,0,0.0,0.0,,Neutral
three,0.0,,,,,,,,,,,,,,,,,,,,,,,,,,,,,,,,,,,,,,,,,,,,,,,,227,273,0,0.0,0.0,,Neutral
times,0.0,,,,,,,,,,,,,,,,,,,,,,,,,,,,,,,,,,,,,,,,,,,,,,,,356,161,0,0.0,0.0,,Neutral
to The Daily,0.0,,,,,,,,,,,,,,,,,,,,,,,,,,,,,,,,,,,,,,,,,,,,,,,,663,16,0,0.0,0.0,,Neutral
to a,0.0,,,,,,,,,,,,,,,,,,,,,,,,,,,,,,,,,,,,,,,,,,,,,,,,922,515,0,0.0,0.0,,Neutral
to any,0.0,,,,,,,,,,,,,,,,,,,,,,,,,,,,,,,,,,,,,,,,,,,,,,,,680,52,0,0.0,0.0,,Neutral
to be,0.0,,,,,,,,,,,,,,,,,,,,,,,,,,,,,,,,,,,,,,,,,,,,,,,,644,1002,0,0.0,0.0,,Neutral
to censor,391.0,6.0,5.0,6.0,1.0,0.0,0.0,25.0,3.0,19.0,0.0,12.0,7.0,4.0,6.0,15.0,2.0,31.0,4.0,5.0,9.0,28.0,20.0,9.0,3.0,15.0,3.0,9.0,2.0,13.0,13.0,6.0,4.0,5.0,9.0,12.0,12.0,12.0,9.0,2.0,2.0,1.0,4.0,4.0,7.0,6.0,19.0,2.0,18,337,1,1.0,1.0,44.0,Right
to control,211.0,11.0,3.0,1.0,0.0,1.0,4.0,6.0,0.0,8.0,1.0,15.0,4.0,5.0,7.0,4.0,0.0,6.0,0.0,1.0,7.0,10.0,5.0,8.0,0.0,1.0,1.0,9.0,0.0,11.0,5.0,2.0,3.0,13.0,3.0,2.0,8.0,1.0,1.0,2.0,0.0,1.0,3.0,0.0,1.0,4.0,30.0,3.0,32,141,1,1.0,1.0,-38.0,Left
to do,0.0,,,,,,,,,,,,,,,,,,,,,,,,,,,,,,,,,,,,,,,,,,,,,,,,971,259,0,0.0,0.0,,Neutral
to get,0.0,,,,,,,,,,,,,,,,,,,,,,,,,,,,,,,,,,,,,,,,,,,,,,,,977,175,0,0.0,0.0,,Neutral
to get the,0.0,,,,,,,,,,,,,,,,,,,,,,,,,,,,,,,,,,,,,,,,,,,,,,,,869,22,0,0.0,0.0,,Neutral
to remain,0.0,,,,,,,,,,,,,,,,,,,,,,,,,,,,,,,,,,,,,,,,,,,,,,,,851,43,0,0.0,0.0,,Neutral
to remain anonymous,0.0,,,,,,,,,,,,,,,,,,,,,,,,,,,,,,,,,,,,,,,,,,,,,,,,747,16,0,0.0,0.0,,Neutral
to see,0.0,,,,,,,,,,,,,,,,,,,,,,,,,,,,,,,,,,,,,,,,,,,,,,,,938,184,0,0.0,0.0,,Neutral
to speak,0.0,,,,,,,,,,,,,,,,,,,,,,,,,,,,,,,,,,,,,,,,,,,,,,,,709,118,0,0.0,0.0,,Neutral
to speak out,0.0,,,,,,,,,,,,,,,,,,,,,,,,,,,,,,,,,,,,,,,,,,,,,,,,727,26,0,0.0,0.0,,Neutral
to suppress,0.0,,,,,,,,,,,,,,,,,,,,,,,,,,,,,,,,,,,,,,,,,,,,,,,,103,66,1,1.0,0.0,,Neutral
to these,0.0,,,,,,,,,,,,,,,,,,,,,,,,,,,,,,,,,,,,,,,,,,,,,,,,845,30,0,0.0,0.0,,Neutral
to your,0.0,,,,,,,,,,,,,,,,,,,,,,,,,,,,,,,,,,,,,,,,,,,,,,,,941,52,0,0.0,0.0,,Neutral
today,0.0,,,,,,,,,,,,,,,,,,,,,,,,,,,,,,,,,,,,,,,,,,,,,,,,381,206,0,0.0,0.0,,Neutral
tools,0.0,,,,,,,,,,,,,,,,,,,,,,,,,,,,,,,,,,,,,,,,,,,,,,,,197,138,0,0.0,0.0,,Neutral
toward,0.0,,,,,,,,,,,,,,,,,,,,,,,,,,,,,,,,,,,,,,,,,,,,,,,,561,99,0,0.0,0.0,,Neutral
traffic,0.0,,,,,,,,,,,,,,,,,,,,,,,,,,,,,,,,,,,,,,,,,,,,,,,,261,63,0,0.0,0.0,,Neutral
transactions,0.0,,,,,,,,,,,,,,,,,,,,,,,,,,,,,,,,,,,,,,,,,,,,,,,,594,16,0,0.0,0.0,,Neutral
trend,0.0,,,,,,,,,,,,,,,,,,,,,,,,,,,,,,,,,,,,,,,,,,,,,,,,517,73,0,0.0,0.0,,Neutral
triggered,59.0,10.0,0.0,0.0,0.0,1.0,0.0,2.0,1.0,0.0,0.0,1.0,2.0,2.0,0.0,2.0,0.0,0.0,0.0,0.0,0.0,0.0,0.0,3.0,0.0,3.0,0.0,0.0,0.0,0.0,0.0,0.0,0.0,10.0,0.0,2.0,1.0,2.0,1.0,0.0,1.0,1.0,2.0,3.0,2.0,0.0,7.0,0.0,21,27,1,1.0,1.0,-19.0,Left
triggered by the,0.0,,,,,,,,,,,,,,,,,,,,,,,,,,,,,,,,,,,,,,,,,,,,,,,,853,12,0,0.0,0.0,,Neutral
truth,0.0,,,,,,,,,,,,,,,,,,,,,,,,,,,,,,,,,,,,,,,,,,,,,,,,264,201,0,0.0,0.0,,Neutral
turning,0.0,,,,,,,,,,,,,,,,,,,,,,,,,,,,,,,,,,,,,,,,,,,,,,,,427,37,0,0.0,0.0,,Neutral
tweet,0.0,,,,,,,,,,,,,,,,,,,,,,,,,,,,,,,,,,,,,,,,,,,,,,,,174,173,0,0.0,0.0,,Neutral
tweets,0.0,,,,,,,,,,,,,,,,,,,,,,,,,,,,,,,,,,,,,,,,,,,,,,,,294,140,0,0.0,0.0,,Neutral
two,0.0,,,,,,,,,,,,,,,,,,,,,,,,,,,,,,,,,,,,,,,,,,,,,,,,552,517,0,0.0,0.0,,Neutral
under the,0.0,,,,,,,,,,,,,,,,,,,,,,,,,,,,,,,,,,,,,,,,,,,,,,,,846,208,0,0.0,0.0,,Neutral
universities,0.0,,,,,,,,,,,,,,,,,,,,,,,,,,,,,,,,,,,,,,,,,,,,,,,,397,113,0,0.0,0.0,,Neutral
university,0.0,,,,,,,,,,,,,,,,,,,,,,,,,,,,,,,,,,,,,,,,,,,,,,,,392,111,0,0.0,0.0,,Neutral
unspecified,0.0,,,,,,,,,,,,,,,,,,,,,,,,,,,,,,,,,,,,,,,,,,,,,,,,105,27,1,1.0,0.0,,Neutral
upon,0.0,,,,,,,,,,,,,,,,,,,,,,,,,,,,,,,,,,,,,,,,,,,,,,,,564,88,0,0.0,0.0,,Neutral
use,0.0,,,,,,,,,,,,,,,,,,,,,,,,,,,,,,,,,,,,,,,,,,,,,,,,319,487,0,0.0,0.0,,Neutral
used,0.0,,,,,,,,,,,,,,,,,,,,,,,,,,,,,,,,,,,,,,,,,,,,,,,,311,511,0,0.0,0.0,,Neutral
used by,0.0,,,,,,,,,,,,,,,,,,,,,,,,,,,,,,,,,,,,,,,,,,,,,,,,716,68,0,0.0,0.0,,Neutral
user,0.0,,,,,,,,,,,,,,,,,,,,,,,,,,,,,,,,,,,,,,,,,,,,,,,,337,275,0,0.0,0.0,,Neutral
users,0.0,,,,,,,,,,,,,,,,,,,,,,,,,,,,,,,,,,,,,,,,,,,,,,,,161,1065,0,0.0,0.0,,Neutral
using,0.0,,,,,,,,,,,,,,,,,,,,,,,,,,,,,,,,,,,,,,,,,,,,,,,,475,323,0,0.0,0.0,,Neutral
vaccines,0.0,,,,,,,,,,,,,,,,,,,,,,,,,,,,,,,,,,,,,,,,,,,,,,,,546,27,0,0.0,0.0,,Neutral
very rare,0.0,,,,,,,,,,,,,,,,,,,,,,,,,,,,,,,,,,,,,,,,,,,,,,,,781,12,0,0.0,0.0,,Neutral
video,0.0,,,,,,,,,,,,,,,,,,,,,,,,,,,,,,,,,,,,,,,,,,,,,,,,168,548,0,0.0,0.0,,Neutral
videos,0.0,,,,,,,,,,,,,,,,,,,,,,,,,,,,,,,,,,,,,,,,,,,,,,,,171,489,0,0.0,0.0,,Neutral
viewpoint,0.0,,,,,,,,,,,,,,,,,,,,,,,,,,,,,,,,,,,,,,,,,,,,,,,,580,64,0,0.0,0.0,,Neutral
viewpoints,0.0,,,,,,,,,,,,,,,,,,,,,,,,,,,,,,,,,,,,,,,,,,,,,,,,106,103,1,1.0,0.0,,Neutral
views,0.0,,,,,,,,,,,,,,,,,,,,,,,,,,,,,,,,,,,,,,,,,,,,,,,,238,330,0,0.0,0.0,,Neutral
violence,0.0,,,,,,,,,,,,,,,,,,,,,,,,,,,,,,,,,,,,,,,,,,,,,,,,260,309,0,0.0,0.0,,Neutral
visual,0.0,,,,,,,,,,,,,,,,,,,,,,,,,,,,,,,,,,,,,,,,,,,,,,,,365,22,0,0.0,0.0,,Neutral
voices,0.0,,,,,,,,,,,,,,,,,,,,,,,,,,,,,,,,,,,,,,,,,,,,,,,,304,240,0,0.0,0.0,,Neutral
want,0.0,,,,,,,,,,,,,,,,,,,,,,,,,,,,,,,,,,,,,,,,,,,,,,,,206,439,0,0.0,0.0,,Neutral
wants,0.0,,,,,,,,,,,,,,,,,,,,,,,,,,,,,,,,,,,,,,,,,,,,,,,,553,147,0,0.0,0.0,,Neutral
war,0.0,,,,,,,,,,,,,,,,,,,,,,,,,,,,,,,,,,,,,,,,,,,,,,,,250,209,0,0.0,0.0,,Neutral
warned,0.0,,,,,,,,,,,,,,,,,,,,,,,,,,,,,,,,,,,,,,,,,,,,,,,,465,145,0,0.0,0.0,,Neutral
warned about,0.0,,,,,,,,,,,,,,,,,,,,,,,,,,,,,,,,,,,,,,,,,,,,,,,,761,15,0,0.0,0.0,,Neutral
was an,0.0,,,,,,,,,,,,,,,,,,,,,,,,,,,,,,,,,,,,,,,,,,,,,,,,848,59,0,0.0,0.0,,Neutral
was quickly,0.0,,,,,,,,,,,,,,,,,,,,,,,,,,,,,,,,,,,,,,,,,,,,,,,,870,19,0,0.0,0.0,,Neutral
wave of,0.0,,,,,,,,,,,,,,,,,,,,,,,,,,,,,,,,,,,,,,,,,,,,,,,,758,39,0,0.0,0.0,,Neutral
way,0.0,,,,,,,,,,,,,,,,,,,,,,,,,,,,,,,,,,,,,,,,,,,,,,,,278,494,0,0.0,0.0,,Neutral
ways,0.0,,,,,,,,,,,,,,,,,,,,,,,,,,,,,,,,,,,,,,,,,,,,,,,,362,177,0,0.0,0.0,,Neutral
we have,0.0,,,,,,,,,,,,,,,,,,,,,,,,,,,,,,,,,,,,,,,,,,,,,,,,931,159,0,0.0,0.0,,Neutral
we think,0.0,,,,,,,,,,,,,,,,,,,,,,,,,,,,,,,,,,,,,,,,,,,,,,,,969,23,0,0.0,0.0,,Neutral
website,0.0,,,,,,,,,,,,,,,,,,,,,,,,,,,,,,,,,,,,,,,,,,,,,,,,193,267,0,0.0,0.0,,Neutral
week,0.0,,,,,,,,,,,,,,,,,,,,,,,,,,,,,,,,,,,,,,,,,,,,,,,,316,394,0,0.0,0.0,,Neutral
well,0.0,,,,,,,,,,,,,,,,,,,,,,,,,,,,,,,,,,,,,,,,,,,,,,,,409,500,0,0.0,0.0,,Neutral
went,0.0,,,,,,,,,,,,,,,,,,,,,,,,,,,,,,,,,,,,,,,,,,,,,,,,560,145,0,0.0,0.0,,Neutral
were being,0.0,,,,,,,,,,,,,,,,,,,,,,,,,,,,,,,,,,,,,,,,,,,,,,,,925,28,0,0.0,0.0,,Neutral
what theyre,0.0,,,,,,,,,,,,,,,,,,,,,,,,,,,,,,,,,,,,,,,,,,,,,,,,729,17,0,0.0,0.0,,Neutral
which is,0.0,,,,,,,,,,,,,,,,,,,,,,,,,,,,,,,,,,,,,,,,,,,,,,,,909,214,0,0.0,0.0,,Neutral
which is a,0.0,,,,,,,,,,,,,,,,,,,,,,,,,,,,,,,,,,,,,,,,,,,,,,,,833,22,0,0.0,0.0,,Neutral
white,0.0,,,,,,,,,,,,,,,,,,,,,,,,,,,,,,,,,,,,,,,,,,,,,,,,367,159,0,0.0,0.0,,Neutral
who are,0.0,,,,,,,,,,,,,,,,,,,,,,,,,,,,,,,,,,,,,,,,,,,,,,,,918,123,0,0.0,0.0,,Neutral
who warned,0.0,,,,,,,,,,,,,,,,,,,,,,,,,,,,,,,,,,,,,,,,,,,,,,,,771,15,0,0.0,0.0,,Neutral
widespread,0.0,,,,,,,,,,,,,,,,,,,,,,,,,,,,,,,,,,,,,,,,,,,,,,,,590,87,0,0.0,0.0,,Neutral
will be,0.0,,,,,,,,,,,,,,,,,,,,,,,,,,,,,,,,,,,,,,,,,,,,,,,,823,315,0,0.0,0.0,,Neutral
willing to,0.0,,,,,,,,,,,,,,,,,,,,,,,,,,,,,,,,,,,,,,,,,,,,,,,,874,91,0,0.0,0.0,,Neutral
wing,0.0,,,,,,,,,,,,,,,,,,,,,,,,,,,,,,,,,,,,,,,,,,,,,,,,378,161,0,0.0,0.0,,Neutral
winning,0.0,,,,,,,,,,,,,,,,,,,,,,,,,,,,,,,,,,,,,,,,,,,,,,,,522,53,0,0.0,0.0,,Neutral
with a,0.0,,,,,,,,,,,,,,,,,,,,,,,,,,,,,,,,,,,,,,,,,,,,,,,,689,330,0,0.0,0.0,,Neutral
with the,0.0,,,,,,,,,,,,,,,,,,,,,,,,,,,,,,,,,,,,,,,,,,,,,,,,655,758,0,0.0,0.0,,Neutral
within,0.0,,,,,,,,,,,,,,,,,,,,,,,,,,,,,,,,,,,,,,,,,,,,,,,,613,200,0,0.0,0.0,,Neutral
without,0.0,,,,,,,,,,,,,,,,,,,,,,,,,,,,,,,,,,,,,,,,,,,,,,,,305,438,0,0.0,0.0,,Neutral
work,0.0,,,,,,,,,,,,,,,,,,,,,,,,,,,,,,,,,,,,,,,,,,,,,,,,390,477,0,0.0,0.0,,Neutral
worked,0.0,,,,,,,,,,,,,,,,,,,,,,,,,,,,,,,,,,,,,,,,,,,,,,,,603,94,0,0.0,0.0,,Neutral
worked for,0.0,,,,,,,,,,,,,,,,,,,,,,,,,,,,,,,,,,,,,,,,,,,,,,,,893,23,0,0.0,0.0,,Neutral
world,0.0,,,,,,,,,,,,,,,,,,,,,,,,,,,,,,,,,,,,,,,,,,,,,,,,262,643,0,0.0,0.0,,Neutral
world of,0.0,,,,,,,,,,,,,,,,,,,,,,,,,,,,,,,,,,,,,,,,,,,,,,,,959,32,0,0.0,0.0,,Neutral
would be,0.0,,,,,,,,,,,,,,,,,,,,,,,,,,,,,,,,,,,,,,,,,,,,,,,,815,275,0,0.0,0.0,,Neutral
year,0.0,,,,,,,,,,,,,,,,,,,,,,,,,,,,,,,,,,,,,,,,,,,,,,,,182,766,0,0.0,0.0,,Neutral
years,0.0,,,,,,,,,,,,,,,,,,,,,,,,,,,,,,,,,,,,,,,,,,,,,,,,270,679,0,0.0,0.0,,Neutral
yellow,0.0,,,,,,,,,,,,,,,,,,,,,,,,,,,,,,,,,,,,,,,,,,,,,,,,343,21,0,0.0,0.0,,Neutral
young,0.0,,,,,,,,,,,,,,,,,,,,,,,,,,,,,,,,,,,,,,,,,,,,,,,,494,182,0,0.0,0.0,,Neutral
your friends,0.0,,,,,,,,,,,,,,,,,,,,,,,,,,,,,,,,,,,,,,,,,,,,,,,,903,23,0,0.0,0.0,,Neutral
your platform,0.0,,,,,,,,,,,,,,,,,,,,,,,,,,,,,,,,,,,,,,,,,,,,,,,,949,9,0,0.0,0.0,,Neutral
